INSERT INTO categorias (nombre) VALUES ('Película') ON DUPLICATE KEY UPDATE id=id;
INSERT INTO categorias (nombre) VALUES ('Serie') ON DUPLICATE KEY UPDATE id=id;
INSERT INTO generos (nombre) VALUES ('Música') ON DUPLICATE KEY UPDATE id=id;
INSERT INTO generos (nombre) VALUES ('Sci-Fi') ON DUPLICATE KEY UPDATE id=id;
INSERT INTO generos (nombre) VALUES ('Misterio') ON DUPLICATE KEY UPDATE id=id;
INSERT INTO generos (nombre) VALUES ('Musical') ON DUPLICATE KEY UPDATE id=id;
INSERT INTO generos (nombre) VALUES ('Acción') ON DUPLICATE KEY UPDATE id=id;
INSERT INTO generos (nombre) VALUES ('¿Ficción?') ON DUPLICATE KEY UPDATE id=id;
INSERT INTO generos (nombre) VALUES ('Comedia') ON DUPLICATE KEY UPDATE id=id;
INSERT INTO generos (nombre) VALUES ('Terror') ON DUPLICATE KEY UPDATE id=id;
INSERT INTO generos (nombre) VALUES ('Suceso Real') ON DUPLICATE KEY UPDATE id=id;
INSERT INTO generos (nombre) VALUES ('Ciencia ficción') ON DUPLICATE KEY UPDATE id=id;
INSERT INTO generos (nombre) VALUES ('Sucesos') ON DUPLICATE KEY UPDATE id=id;
INSERT INTO generos (nombre) VALUES ('Intriga') ON DUPLICATE KEY UPDATE id=id;
INSERT INTO generos (nombre) VALUES ('Familia') ON DUPLICATE KEY UPDATE id=id;
INSERT INTO generos (nombre) VALUES ('Suspenso') ON DUPLICATE KEY UPDATE id=id;
INSERT INTO generos (nombre) VALUES ('Ciencia Ficción') ON DUPLICATE KEY UPDATE id=id;
INSERT INTO generos (nombre) VALUES ('Western') ON DUPLICATE KEY UPDATE id=id;
INSERT INTO generos (nombre) VALUES ('Fantasía') ON DUPLICATE KEY UPDATE id=id;
INSERT INTO generos (nombre) VALUES ('Futurista') ON DUPLICATE KEY UPDATE id=id;
INSERT INTO generos (nombre) VALUES ('Ficción') ON DUPLICATE KEY UPDATE id=id;
INSERT INTO generos (nombre) VALUES ('Romance') ON DUPLICATE KEY UPDATE id=id;
INSERT INTO generos (nombre) VALUES ('Animación') ON DUPLICATE KEY UPDATE id=id;
INSERT INTO generos (nombre) VALUES ('Aventura') ON DUPLICATE KEY UPDATE id=id;
INSERT INTO generos (nombre) VALUES ('Crimen') ON DUPLICATE KEY UPDATE id=id;
INSERT INTO generos (nombre) VALUES ('Drama') ON DUPLICATE KEY UPDATE id=id;
INSERT INTO generos (nombre) VALUES ('Historia') ON DUPLICATE KEY UPDATE id=id;
INSERT INTO generos (nombre) VALUES ('Tecnología') ON DUPLICATE KEY UPDATE id=id;
INSERT INTO actores (nombre) VALUES ('Alex Lawther') ON DUPLICATE KEY UPDATE id=id;
INSERT INTO actores (nombre) VALUES ('Jürgen Prochnow') ON DUPLICATE KEY UPDATE id=id;
INSERT INTO actores (nombre) VALUES ('Alba Flores') ON DUPLICATE KEY UPDATE id=id;
INSERT INTO actores (nombre) VALUES ('Chris Bartlett') ON DUPLICATE KEY UPDATE id=id;
INSERT INTO actores (nombre) VALUES ('Daniel Lapaine') ON DUPLICATE KEY UPDATE id=id;
INSERT INTO actores (nombre) VALUES ('Rainn Wilson') ON DUPLICATE KEY UPDATE id=id;
INSERT INTO actores (nombre) VALUES ('Benefict Wong') ON DUPLICATE KEY UPDATE id=id;
INSERT INTO actores (nombre) VALUES ('Kathrine Narducci') ON DUPLICATE KEY UPDATE id=id;
INSERT INTO actores (nombre) VALUES ('Danai Gurira') ON DUPLICATE KEY UPDATE id=id;
INSERT INTO actores (nombre) VALUES ('Zazie Beetz') ON DUPLICATE KEY UPDATE id=id;
INSERT INTO actores (nombre) VALUES ('Billy Jenkins') ON DUPLICATE KEY UPDATE id=id;
INSERT INTO actores (nombre) VALUES ('Kathleen Quinlan') ON DUPLICATE KEY UPDATE id=id;
INSERT INTO actores (nombre) VALUES ('Benedict Wong') ON DUPLICATE KEY UPDATE id=id;
INSERT INTO actores (nombre) VALUES ('Ellen Burstyn') ON DUPLICATE KEY UPDATE id=id;
INSERT INTO actores (nombre) VALUES ('Will Yun Lee') ON DUPLICATE KEY UPDATE id=id;
INSERT INTO actores (nombre) VALUES ('Matt Letscher') ON DUPLICATE KEY UPDATE id=id;
INSERT INTO actores (nombre) VALUES ('Geraldine Viswanathan') ON DUPLICATE KEY UPDATE id=id;
INSERT INTO actores (nombre) VALUES ('Jonathan Ke Quan') ON DUPLICATE KEY UPDATE id=id;
INSERT INTO actores (nombre) VALUES ('Pablo Calva') ON DUPLICATE KEY UPDATE id=id;
INSERT INTO actores (nombre) VALUES ('Seamus Davey-Fitzpatrick') ON DUPLICATE KEY UPDATE id=id;
INSERT INTO actores (nombre) VALUES ('Clifton Powell') ON DUPLICATE KEY UPDATE id=id;
INSERT INTO actores (nombre) VALUES ('Haruka Kuroda Camiel Warren-Taylor') ON DUPLICATE KEY UPDATE id=id;
INSERT INTO actores (nombre) VALUES ('Angus Macfadyen') ON DUPLICATE KEY UPDATE id=id;
INSERT INTO actores (nombre) VALUES ('Emily Watson') ON DUPLICATE KEY UPDATE id=id;
INSERT INTO actores (nombre) VALUES ('Armie Hammer Alicia Vikander') ON DUPLICATE KEY UPDATE id=id;
INSERT INTO actores (nombre) VALUES ('Jorja Fox') ON DUPLICATE KEY UPDATE id=id;
INSERT INTO actores (nombre) VALUES ('Jeremy Renner') ON DUPLICATE KEY UPDATE id=id;
INSERT INTO actores (nombre) VALUES ('Claire Foy') ON DUPLICATE KEY UPDATE id=id;
INSERT INTO actores (nombre) VALUES ('Holland Taylor') ON DUPLICATE KEY UPDATE id=id;
INSERT INTO actores (nombre) VALUES ('Ray Romano') ON DUPLICATE KEY UPDATE id=id;
INSERT INTO actores (nombre) VALUES ('Simon Helberg') ON DUPLICATE KEY UPDATE id=id;
INSERT INTO actores (nombre) VALUES ('Chris O''Dowd') ON DUPLICATE KEY UPDATE id=id;
INSERT INTO actores (nombre) VALUES ('Brett Cullen') ON DUPLICATE KEY UPDATE id=id;
INSERT INTO actores (nombre) VALUES ('Ezra Miller') ON DUPLICATE KEY UPDATE id=id;
INSERT INTO actores (nombre) VALUES ('Jennifer Connelly') ON DUPLICATE KEY UPDATE id=id;
INSERT INTO actores (nombre) VALUES ('Christian Berkel') ON DUPLICATE KEY UPDATE id=id;
INSERT INTO actores (nombre) VALUES ('Matt Smith') ON DUPLICATE KEY UPDATE id=id;
INSERT INTO actores (nombre) VALUES ('Bonnie Hunt') ON DUPLICATE KEY UPDATE id=id;
INSERT INTO actores (nombre) VALUES ('Tuppence Middleton') ON DUPLICATE KEY UPDATE id=id;
INSERT INTO actores (nombre) VALUES ('Clive StandenNaoko Mori') ON DUPLICATE KEY UPDATE id=id;
INSERT INTO actores (nombre) VALUES ('Lukas Haas') ON DUPLICATE KEY UPDATE id=id;
INSERT INTO actores (nombre) VALUES ('Eugene O''Hare') ON DUPLICATE KEY UPDATE id=id;
INSERT INTO actores (nombre) VALUES ('Mädchen Amick') ON DUPLICATE KEY UPDATE id=id;
INSERT INTO actores (nombre) VALUES ('Carlo Sabatini') ON DUPLICATE KEY UPDATE id=id;
INSERT INTO actores (nombre) VALUES ('Jerremy Shamos') ON DUPLICATE KEY UPDATE id=id;
INSERT INTO actores (nombre) VALUES ('Beatrice Straight') ON DUPLICATE KEY UPDATE id=id;
INSERT INTO actores (nombre) VALUES ('Courteney Cox') ON DUPLICATE KEY UPDATE id=id;
INSERT INTO actores (nombre) VALUES ('Kadiff Kirwan') ON DUPLICATE KEY UPDATE id=id;
INSERT INTO actores (nombre) VALUES ('Sam Worthington') ON DUPLICATE KEY UPDATE id=id;
INSERT INTO actores (nombre) VALUES ('Tyler Labine') ON DUPLICATE KEY UPDATE id=id;
INSERT INTO actores (nombre) VALUES ('Taraji P. Henson') ON DUPLICATE KEY UPDATE id=id;
INSERT INTO actores (nombre) VALUES ('Fred Melamed') ON DUPLICATE KEY UPDATE id=id;
INSERT INTO actores (nombre) VALUES ('Úrsula Corberó') ON DUPLICATE KEY UPDATE id=id;
INSERT INTO actores (nombre) VALUES ('Thusitha Jayasumdera') ON DUPLICATE KEY UPDATE id=id;
INSERT INTO actores (nombre) VALUES ('Chelsea Moody') ON DUPLICATE KEY UPDATE id=id;
INSERT INTO actores (nombre) VALUES ('Willow Smith') ON DUPLICATE KEY UPDATE id=id;
INSERT INTO actores (nombre) VALUES ('Danielle Panabaker') ON DUPLICATE KEY UPDATE id=id;
INSERT INTO actores (nombre) VALUES ('Douglas McFerran') ON DUPLICATE KEY UPDATE id=id;
INSERT INTO actores (nombre) VALUES ('Patrick Fugit') ON DUPLICATE KEY UPDATE id=id;
INSERT INTO actores (nombre) VALUES ('David Thewils') ON DUPLICATE KEY UPDATE id=id;
INSERT INTO actores (nombre) VALUES ('Corey Stoll') ON DUPLICATE KEY UPDATE id=id;
INSERT INTO actores (nombre) VALUES ('Adeel Akhtar') ON DUPLICATE KEY UPDATE id=id;
INSERT INTO actores (nombre) VALUES ('Joaquin Phoenix') ON DUPLICATE KEY UPDATE id=id;
INSERT INTO actores (nombre) VALUES ('Christian Bale') ON DUPLICATE KEY UPDATE id=id;
INSERT INTO actores (nombre) VALUES ('Alastair Mackenzie') ON DUPLICATE KEY UPDATE id=id;
INSERT INTO actores (nombre) VALUES ('Lena Headey') ON DUPLICATE KEY UPDATE id=id;
INSERT INTO actores (nombre) VALUES ('Colin Farrell') ON DUPLICATE KEY UPDATE id=id;
INSERT INTO actores (nombre) VALUES ('Mizuo Peck') ON DUPLICATE KEY UPDATE id=id;
INSERT INTO actores (nombre) VALUES ('Guy Williams') ON DUPLICATE KEY UPDATE id=id;
INSERT INTO actores (nombre) VALUES ('Andy Richter') ON DUPLICATE KEY UPDATE id=id;
INSERT INTO actores (nombre) VALUES ('Hiroyuki Sanada') ON DUPLICATE KEY UPDATE id=id;
INSERT INTO actores (nombre) VALUES ('Heaton') ON DUPLICATE KEY UPDATE id=id;
INSERT INTO actores (nombre) VALUES ('Jenna Fischer') ON DUPLICATE KEY UPDATE id=id;
INSERT INTO actores (nombre) VALUES ('Simon McBurney') ON DUPLICATE KEY UPDATE id=id;
INSERT INTO actores (nombre) VALUES ('Alexander England') ON DUPLICATE KEY UPDATE id=id;
INSERT INTO actores (nombre) VALUES ('Lucy Hutchinson') ON DUPLICATE KEY UPDATE id=id;
INSERT INTO actores (nombre) VALUES ('Jeffrey Wright') ON DUPLICATE KEY UPDATE id=id;
INSERT INTO actores (nombre) VALUES ('Mickey Rooney') ON DUPLICATE KEY UPDATE id=id;
INSERT INTO actores (nombre) VALUES ('Naoko Mori') ON DUPLICATE KEY UPDATE id=id;
INSERT INTO actores (nombre) VALUES ('Morgan Turner') ON DUPLICATE KEY UPDATE id=id;
INSERT INTO actores (nombre) VALUES ('Javier Botet') ON DUPLICATE KEY UPDATE id=id;
INSERT INTO actores (nombre) VALUES ('Charlize Theron') ON DUPLICATE KEY UPDATE id=id;
INSERT INTO actores (nombre) VALUES ('Freddie Highmore') ON DUPLICATE KEY UPDATE id=id;
INSERT INTO actores (nombre) VALUES ('Eve Hewson') ON DUPLICATE KEY UPDATE id=id;
INSERT INTO actores (nombre) VALUES ('Dominic Mafham') ON DUPLICATE KEY UPDATE id=id;
INSERT INTO actores (nombre) VALUES ('Brenda Song') ON DUPLICATE KEY UPDATE id=id;
INSERT INTO actores (nombre) VALUES ('Caleb McLaughlin') ON DUPLICATE KEY UPDATE id=id;
INSERT INTO actores (nombre) VALUES ('Xander Berkeley') ON DUPLICATE KEY UPDATE id=id;
INSERT INTO actores (nombre) VALUES ('Anthony Michael') ON DUPLICATE KEY UPDATE id=id;
INSERT INTO actores (nombre) VALUES ('Harrison Gilbertson') ON DUPLICATE KEY UPDATE id=id;
INSERT INTO actores (nombre) VALUES ('Phoebe Fox') ON DUPLICATE KEY UPDATE id=id;
INSERT INTO actores (nombre) VALUES ('Frances McDormand') ON DUPLICATE KEY UPDATE id=id;
INSERT INTO actores (nombre) VALUES ('Julianne Nicholson') ON DUPLICATE KEY UPDATE id=id;
INSERT INTO actores (nombre) VALUES ('Carla Gallo') ON DUPLICATE KEY UPDATE id=id;
INSERT INTO actores (nombre) VALUES ('Christopher Lloyd') ON DUPLICATE KEY UPDATE id=id;
INSERT INTO actores (nombre) VALUES ('James Cromwell') ON DUPLICATE KEY UPDATE id=id;
INSERT INTO actores (nombre) VALUES ('Amy Huck') ON DUPLICATE KEY UPDATE id=id;
INSERT INTO actores (nombre) VALUES ('Sam Claflin') ON DUPLICATE KEY UPDATE id=id;
INSERT INTO actores (nombre) VALUES ('Adam Nagaitis') ON DUPLICATE KEY UPDATE id=id;
INSERT INTO actores (nombre) VALUES ('Emmanuelle Béart') ON DUPLICATE KEY UPDATE id=id;
INSERT INTO actores (nombre) VALUES ('Jeff Mash Patrick Kennedy') ON DUPLICATE KEY UPDATE id=id;
INSERT INTO actores (nombre) VALUES ('John Goodman') ON DUPLICATE KEY UPDATE id=id;
INSERT INTO actores (nombre) VALUES ('Matt LeBlanc') ON DUPLICATE KEY UPDATE id=id;
INSERT INTO actores (nombre) VALUES ('Itziar Ituño') ON DUPLICATE KEY UPDATE id=id;
INSERT INTO actores (nombre) VALUES ('Bella Dayne') ON DUPLICATE KEY UPDATE id=id;
INSERT INTO actores (nombre) VALUES ('Claire Selby') ON DUPLICATE KEY UPDATE id=id;
INSERT INTO actores (nombre) VALUES ('Gabriel Basso') ON DUPLICATE KEY UPDATE id=id;
INSERT INTO actores (nombre) VALUES ('Lewis Macleod') ON DUPLICATE KEY UPDATE id=id;
INSERT INTO actores (nombre) VALUES ('Rhys Darby') ON DUPLICATE KEY UPDATE id=id;
INSERT INTO actores (nombre) VALUES ('Babs Olusanmokun') ON DUPLICATE KEY UPDATE id=id;
INSERT INTO actores (nombre) VALUES ('David Castañeda') ON DUPLICATE KEY UPDATE id=id;
INSERT INTO actores (nombre) VALUES ('Jennifer Bini Taylor') ON DUPLICATE KEY UPDATE id=id;
INSERT INTO actores (nombre) VALUES ('Peter Ferdinando') ON DUPLICATE KEY UPDATE id=id;
INSERT INTO actores (nombre) VALUES ('Kunal Nayyar') ON DUPLICATE KEY UPDATE id=id;
INSERT INTO actores (nombre) VALUES ('Ingrid Bolsø Berdal') ON DUPLICATE KEY UPDATE id=id;
INSERT INTO actores (nombre) VALUES ('Dianne Wiest') ON DUPLICATE KEY UPDATE id=id;
INSERT INTO actores (nombre) VALUES ('Lesley Ann Warren') ON DUPLICATE KEY UPDATE id=id;
INSERT INTO actores (nombre) VALUES ('Wyatt Oleff') ON DUPLICATE KEY UPDATE id=id;
INSERT INTO actores (nombre) VALUES ('Melanie Lynskey') ON DUPLICATE KEY UPDATE id=id;
INSERT INTO actores (nombre) VALUES ('Mia Farrow') ON DUPLICATE KEY UPDATE id=id;
INSERT INTO actores (nombre) VALUES ('Rory Kinnear') ON DUPLICATE KEY UPDATE id=id;
INSERT INTO actores (nombre) VALUES ('Ray Fisher') ON DUPLICATE KEY UPDATE id=id;
INSERT INTO actores (nombre) VALUES ('Cate Blanchett') ON DUPLICATE KEY UPDATE id=id;
INSERT INTO actores (nombre) VALUES ('Susannah Fielding') ON DUPLICATE KEY UPDATE id=id;
INSERT INTO actores (nombre) VALUES ('Rachael Leigh Cook') ON DUPLICATE KEY UPDATE id=id;
INSERT INTO actores (nombre) VALUES ('Michael Sheen') ON DUPLICATE KEY UPDATE id=id;
INSERT INTO actores (nombre) VALUES ('Jason Momoa') ON DUPLICATE KEY UPDATE id=id;
INSERT INTO actores (nombre) VALUES ('William B. Davis') ON DUPLICATE KEY UPDATE id=id;
INSERT INTO actores (nombre) VALUES ('Guy Pierce') ON DUPLICATE KEY UPDATE id=id;
INSERT INTO actores (nombre) VALUES ('Ryan Gosling') ON DUPLICATE KEY UPDATE id=id;
INSERT INTO actores (nombre) VALUES ('Noah Wyle') ON DUPLICATE KEY UPDATE id=id;
INSERT INTO actores (nombre) VALUES ('Charlie Cox') ON DUPLICATE KEY UPDATE id=id;
INSERT INTO actores (nombre) VALUES ('Robert Sheehan') ON DUPLICATE KEY UPDATE id=id;
INSERT INTO actores (nombre) VALUES ('Millie Bobby Brown') ON DUPLICATE KEY UPDATE id=id;
INSERT INTO actores (nombre) VALUES ('Alicia Vikander') ON DUPLICATE KEY UPDATE id=id;
INSERT INTO actores (nombre) VALUES ('Scarlett Johansson') ON DUPLICATE KEY UPDATE id=id;
INSERT INTO actores (nombre) VALUES ('Pedro Alonso') ON DUPLICATE KEY UPDATE id=id;
INSERT INTO actores (nombre) VALUES ('Hugh Jackman') ON DUPLICATE KEY UPDATE id=id;
INSERT INTO actores (nombre) VALUES ('Mike Myers') ON DUPLICATE KEY UPDATE id=id;
INSERT INTO actores (nombre) VALUES ('Vince Vaughn') ON DUPLICATE KEY UPDATE id=id;
INSERT INTO actores (nombre) VALUES ('Michael Kelly') ON DUPLICATE KEY UPDATE id=id;
INSERT INTO actores (nombre) VALUES ('Rashida Jones') ON DUPLICATE KEY UPDATE id=id;
INSERT INTO actores (nombre) VALUES ('Amber Tamblyn') ON DUPLICATE KEY UPDATE id=id;
INSERT INTO actores (nombre) VALUES ('Kevin Bacon') ON DUPLICATE KEY UPDATE id=id;
INSERT INTO actores (nombre) VALUES ('Rinko Kikuchi') ON DUPLICATE KEY UPDATE id=id;
INSERT INTO actores (nombre) VALUES ('Thomas Brodie-Sangster') ON DUPLICATE KEY UPDATE id=id;
INSERT INTO actores (nombre) VALUES ('Aaron Paul') ON DUPLICATE KEY UPDATE id=id;
INSERT INTO actores (nombre) VALUES ('Jay Ryan') ON DUPLICATE KEY UPDATE id=id;
INSERT INTO actores (nombre) VALUES ('Madison Iseman') ON DUPLICATE KEY UPDATE id=id;
INSERT INTO actores (nombre) VALUES ('Olivia Wilde') ON DUPLICATE KEY UPDATE id=id;
INSERT INTO actores (nombre) VALUES ('Thandiwe Newton') ON DUPLICATE KEY UPDATE id=id;
INSERT INTO actores (nombre) VALUES ('Shane Hartline') ON DUPLICATE KEY UPDATE id=id;
INSERT INTO actores (nombre) VALUES ('Corey Feldman') ON DUPLICATE KEY UPDATE id=id;
INSERT INTO actores (nombre) VALUES ('Wayne Knight') ON DUPLICATE KEY UPDATE id=id;
INSERT INTO actores (nombre) VALUES ('Alfred Molina') ON DUPLICATE KEY UPDATE id=id;
INSERT INTO actores (nombre) VALUES ('Marion Cotillard') ON DUPLICATE KEY UPDATE id=id;
INSERT INTO actores (nombre) VALUES ('John Lebar') ON DUPLICATE KEY UPDATE id=id;
INSERT INTO actores (nombre) VALUES ('Billy Crudup') ON DUPLICATE KEY UPDATE id=id;
INSERT INTO actores (nombre) VALUES ('Kate Winslet') ON DUPLICATE KEY UPDATE id=id;
INSERT INTO actores (nombre) VALUES ('George Carlin') ON DUPLICATE KEY UPDATE id=id;
INSERT INTO actores (nombre) VALUES ('Katherine Parkinson') ON DUPLICATE KEY UPDATE id=id;
INSERT INTO actores (nombre) VALUES ('Peter Serafinowicz') ON DUPLICATE KEY UPDATE id=id;
INSERT INTO actores (nombre) VALUES ('James McAvoy') ON DUPLICATE KEY UPDATE id=id;
INSERT INTO actores (nombre) VALUES ('Michaela Coel') ON DUPLICATE KEY UPDATE id=id;
INSERT INTO actores (nombre) VALUES ('John Lithgow') ON DUPLICATE KEY UPDATE id=id;
INSERT INTO actores (nombre) VALUES ('Zoey Deschanel') ON DUPLICATE KEY UPDATE id=id;
INSERT INTO actores (nombre) VALUES ('Thushari Jayasekera') ON DUPLICATE KEY UPDATE id=id;
INSERT INTO actores (nombre) VALUES ('Ray Winstone') ON DUPLICATE KEY UPDATE id=id;
INSERT INTO actores (nombre) VALUES ('Natalie Imbruglia') ON DUPLICATE KEY UPDATE id=id;
INSERT INTO actores (nombre) VALUES ('Angela Kinsey') ON DUPLICATE KEY UPDATE id=id;
INSERT INTO actores (nombre) VALUES ('Jola Bokinni') ON DUPLICATE KEY UPDATE id=id;
INSERT INTO actores (nombre) VALUES ('Sean Harris') ON DUPLICATE KEY UPDATE id=id;
INSERT INTO actores (nombre) VALUES ('Enver Gjokaj') ON DUPLICATE KEY UPDATE id=id;
INSERT INTO actores (nombre) VALUES ('Letitia Wright') ON DUPLICATE KEY UPDATE id=id;
INSERT INTO actores (nombre) VALUES ('Kristoffer Polaha') ON DUPLICATE KEY UPDATE id=id;
INSERT INTO actores (nombre) VALUES ('Tess Haubrich') ON DUPLICATE KEY UPDATE id=id;
INSERT INTO actores (nombre) VALUES ('Cheech Marin') ON DUPLICATE KEY UPDATE id=id;
INSERT INTO actores (nombre) VALUES ('Omar Sy') ON DUPLICATE KEY UPDATE id=id;
INSERT INTO actores (nombre) VALUES ('Christina Ricci') ON DUPLICATE KEY UPDATE id=id;
INSERT INTO actores (nombre) VALUES ('Alana Cavanaugh') ON DUPLICATE KEY UPDATE id=id;
INSERT INTO actores (nombre) VALUES ('Emut Elliott') ON DUPLICATE KEY UPDATE id=id;
INSERT INTO actores (nombre) VALUES ('Alison Wright') ON DUPLICATE KEY UPDATE id=id;
INSERT INTO actores (nombre) VALUES ('Michael McManus') ON DUPLICATE KEY UPDATE id=id;
INSERT INTO actores (nombre) VALUES ('Emmy Raver-Lampman') ON DUPLICATE KEY UPDATE id=id;
INSERT INTO actores (nombre) VALUES ('Lisa Kudrow') ON DUPLICATE KEY UPDATE id=id;
INSERT INTO actores (nombre) VALUES ('Kerry Bishé') ON DUPLICATE KEY UPDATE id=id;
INSERT INTO actores (nombre) VALUES ('Harry Lloyd') ON DUPLICATE KEY UPDATE id=id;
INSERT INTO actores (nombre) VALUES ('Pippa Black') ON DUPLICATE KEY UPDATE id=id;
INSERT INTO actores (nombre) VALUES ('Daniella Pineda') ON DUPLICATE KEY UPDATE id=id;
INSERT INTO actores (nombre) VALUES ('Bill Skarsgård') ON DUPLICATE KEY UPDATE id=id;
INSERT INTO actores (nombre) VALUES ('Malin Åkerman') ON DUPLICATE KEY UPDATE id=id;
INSERT INTO actores (nombre) VALUES ('Alice Eve') ON DUPLICATE KEY UPDATE id=id;
INSERT INTO actores (nombre) VALUES ('Raúl Juliá') ON DUPLICATE KEY UPDATE id=id;
INSERT INTO actores (nombre) VALUES ('Danny DeVito') ON DUPLICATE KEY UPDATE id=id;
INSERT INTO actores (nombre) VALUES ('Luke Allen-Gale') ON DUPLICATE KEY UPDATE id=id;
INSERT INTO actores (nombre) VALUES ('Bill Hader') ON DUPLICATE KEY UPDATE id=id;
INSERT INTO actores (nombre) VALUES ('Max Minghella') ON DUPLICATE KEY UPDATE id=id;
INSERT INTO actores (nombre) VALUES ('Amy Beth Hayes') ON DUPLICATE KEY UPDATE id=id;
INSERT INTO actores (nombre) VALUES ('Jing Tian') ON DUPLICATE KEY UPDATE id=id;
INSERT INTO actores (nombre) VALUES ('Dash Mihok') ON DUPLICATE KEY UPDATE id=id;
INSERT INTO actores (nombre) VALUES ('Alec Baldwin') ON DUPLICATE KEY UPDATE id=id;
INSERT INTO actores (nombre) VALUES ('Chinasa Ogbuagu') ON DUPLICATE KEY UPDATE id=id;
INSERT INTO actores (nombre) VALUES ('Danny Glover') ON DUPLICATE KEY UPDATE id=id;
INSERT INTO actores (nombre) VALUES ('Lee J. Cobb') ON DUPLICATE KEY UPDATE id=id;
INSERT INTO actores (nombre) VALUES ('Neal Huff') ON DUPLICATE KEY UPDATE id=id;
INSERT INTO actores (nombre) VALUES ('Liev Schreiber') ON DUPLICATE KEY UPDATE id=id;
INSERT INTO actores (nombre) VALUES ('Richard Ayoade') ON DUPLICATE KEY UPDATE id=id;
INSERT INTO actores (nombre) VALUES ('Angelo Josue Lozano Corzo') ON DUPLICATE KEY UPDATE id=id;
INSERT INTO actores (nombre) VALUES ('Shea Whigham') ON DUPLICATE KEY UPDATE id=id;
INSERT INTO actores (nombre) VALUES ('Anthony Hopkins') ON DUPLICATE KEY UPDATE id=id;
INSERT INTO actores (nombre) VALUES ('Paul Dooley') ON DUPLICATE KEY UPDATE id=id;
INSERT INTO actores (nombre) VALUES ('Clea DuVall') ON DUPLICATE KEY UPDATE id=id;
INSERT INTO actores (nombre) VALUES ('Roger Corman') ON DUPLICATE KEY UPDATE id=id;
INSERT INTO actores (nombre) VALUES ('Phaldut Sharma') ON DUPLICATE KEY UPDATE id=id;
INSERT INTO actores (nombre) VALUES ('Josh Brolin') ON DUPLICATE KEY UPDATE id=id;
INSERT INTO actores (nombre) VALUES ('Noel Fielding') ON DUPLICATE KEY UPDATE id=id;
INSERT INTO actores (nombre) VALUES ('Mike White') ON DUPLICATE KEY UPDATE id=id;
INSERT INTO actores (nombre) VALUES ('Tasha de Vasconcelos') ON DUPLICATE KEY UPDATE id=id;
INSERT INTO actores (nombre) VALUES ('Matthew Beard') ON DUPLICATE KEY UPDATE id=id;
INSERT INTO actores (nombre) VALUES ('Don Thompson') ON DUPLICATE KEY UPDATE id=id;
INSERT INTO actores (nombre) VALUES ('J.G. Hertzler') ON DUPLICATE KEY UPDATE id=id;
INSERT INTO actores (nombre) VALUES ('Chris Ellis') ON DUPLICATE KEY UPDATE id=id;
INSERT INTO actores (nombre) VALUES ('Jon Bernthal') ON DUPLICATE KEY UPDATE id=id;
INSERT INTO actores (nombre) VALUES ('Amybeth McNulty') ON DUPLICATE KEY UPDATE id=id;
INSERT INTO actores (nombre) VALUES ('Mia Goth') ON DUPLICATE KEY UPDATE id=id;
INSERT INTO actores (nombre) VALUES ('Portia Doubleday') ON DUPLICATE KEY UPDATE id=id;
INSERT INTO actores (nombre) VALUES ('Sacha Dhawan') ON DUPLICATE KEY UPDATE id=id;
INSERT INTO actores (nombre) VALUES ('Ben Rappaport') ON DUPLICATE KEY UPDATE id=id;
INSERT INTO actores (nombre) VALUES ('Colin Hanks') ON DUPLICATE KEY UPDATE id=id;
INSERT INTO actores (nombre) VALUES ('Common') ON DUPLICATE KEY UPDATE id=id;
INSERT INTO actores (nombre) VALUES ('Josh Gad') ON DUPLICATE KEY UPDATE id=id;
INSERT INTO actores (nombre) VALUES ('Rosamund Pike') ON DUPLICATE KEY UPDATE id=id;
INSERT INTO actores (nombre) VALUES ('Noomi Rapace') ON DUPLICATE KEY UPDATE id=id;
INSERT INTO actores (nombre) VALUES ('Ingeborga Dapkünaitè') ON DUPLICATE KEY UPDATE id=id;
INSERT INTO actores (nombre) VALUES ('Matthew Goode') ON DUPLICATE KEY UPDATE id=id;
INSERT INTO actores (nombre) VALUES ('Julianne Hough') ON DUPLICATE KEY UPDATE id=id;
INSERT INTO actores (nombre) VALUES ('Will Smith') ON DUPLICATE KEY UPDATE id=id;
INSERT INTO actores (nombre) VALUES ('Gal Gadot') ON DUPLICATE KEY UPDATE id=id;
INSERT INTO actores (nombre) VALUES ('Kevin Hart') ON DUPLICATE KEY UPDATE id=id;
INSERT INTO actores (nombre) VALUES ('Peter Dinklage') ON DUPLICATE KEY UPDATE id=id;
INSERT INTO actores (nombre) VALUES ('Suzzane Douglas') ON DUPLICATE KEY UPDATE id=id;
INSERT INTO actores (nombre) VALUES ('Gemma Chan') ON DUPLICATE KEY UPDATE id=id;
INSERT INTO actores (nombre) VALUES ('Tait Fletcher') ON DUPLICATE KEY UPDATE id=id;
INSERT INTO actores (nombre) VALUES ('Jimmi Simpson') ON DUPLICATE KEY UPDATE id=id;
INSERT INTO actores (nombre) VALUES ('Christina Chang') ON DUPLICATE KEY UPDATE id=id;
INSERT INTO actores (nombre) VALUES ('Daeg Faerch') ON DUPLICATE KEY UPDATE id=id;
INSERT INTO actores (nombre) VALUES ('Margot Robbie') ON DUPLICATE KEY UPDATE id=id;
INSERT INTO actores (nombre) VALUES ('Faye Marsay') ON DUPLICATE KEY UPDATE id=id;
INSERT INTO actores (nombre) VALUES ('Ian Bonar') ON DUPLICATE KEY UPDATE id=id;
INSERT INTO actores (nombre) VALUES ('Gary Anthony Williams') ON DUPLICATE KEY UPDATE id=id;
INSERT INTO actores (nombre) VALUES ('Madelaine Petsch') ON DUPLICATE KEY UPDATE id=id;
INSERT INTO actores (nombre) VALUES ('Benjamin Rigby') ON DUPLICATE KEY UPDATE id=id;
INSERT INTO actores (nombre) VALUES ('Dale Midkiff') ON DUPLICATE KEY UPDATE id=id;
INSERT INTO actores (nombre) VALUES ('Mary Elizabeth Winstead') ON DUPLICATE KEY UPDATE id=id;
INSERT INTO actores (nombre) VALUES ('John Gertz') ON DUPLICATE KEY UPDATE id=id;
INSERT INTO actores (nombre) VALUES ('Jogn Goodman') ON DUPLICATE KEY UPDATE id=id;
INSERT INTO actores (nombre) VALUES ('Ryan Reynolds') ON DUPLICATE KEY UPDATE id=id;
INSERT INTO actores (nombre) VALUES ('Adam Cozens') ON DUPLICATE KEY UPDATE id=id;
INSERT INTO actores (nombre) VALUES ('Joe Tippett') ON DUPLICATE KEY UPDATE id=id;
INSERT INTO actores (nombre) VALUES ('Jimmy Workman') ON DUPLICATE KEY UPDATE id=id;
INSERT INTO actores (nombre) VALUES ('Corey Johnson') ON DUPLICATE KEY UPDATE id=id;
INSERT INTO actores (nombre) VALUES ('Ed Harris') ON DUPLICATE KEY UPDATE id=id;
INSERT INTO actores (nombre) VALUES ('Hugh Grant') ON DUPLICATE KEY UPDATE id=id;
INSERT INTO actores (nombre) VALUES ('Clifton Collins Jr.') ON DUPLICATE KEY UPDATE id=id;
INSERT INTO actores (nombre) VALUES ('Nick Bartlett') ON DUPLICATE KEY UPDATE id=id;
INSERT INTO actores (nombre) VALUES ('Ashely Thomas') ON DUPLICATE KEY UPDATE id=id;
INSERT INTO actores (nombre) VALUES ('Jeff Daniel Phillips') ON DUPLICATE KEY UPDATE id=id;
INSERT INTO actores (nombre) VALUES ('Nick Robinson') ON DUPLICATE KEY UPDATE id=id;
INSERT INTO actores (nombre) VALUES ('Andy García') ON DUPLICATE KEY UPDATE id=id;
INSERT INTO actores (nombre) VALUES ('Cherry Jones') ON DUPLICATE KEY UPDATE id=id;
INSERT INTO actores (nombre) VALUES ('Gugu Mbatha-Raw') ON DUPLICATE KEY UPDATE id=id;
INSERT INTO actores (nombre) VALUES ('Justin Timberlake') ON DUPLICATE KEY UPDATE id=id;
INSERT INTO actores (nombre) VALUES ('Sandra Bullock') ON DUPLICATE KEY UPDATE id=id;
INSERT INTO actores (nombre) VALUES ('Denise Crosby') ON DUPLICATE KEY UPDATE id=id;
INSERT INTO actores (nombre) VALUES ('John Malkovich') ON DUPLICATE KEY UPDATE id=id;
INSERT INTO actores (nombre) VALUES ('Robert Davi') ON DUPLICATE KEY UPDATE id=id;
INSERT INTO actores (nombre) VALUES ('Annabel Davis') ON DUPLICATE KEY UPDATE id=id;
INSERT INTO actores (nombre) VALUES ('Pixie Daves') ON DUPLICATE KEY UPDATE id=id;
INSERT INTO actores (nombre) VALUES ('Ian Whyte') ON DUPLICATE KEY UPDATE id=id;
INSERT INTO actores (nombre) VALUES ('James Franco') ON DUPLICATE KEY UPDATE id=id;
INSERT INTO actores (nombre) VALUES ('Luke Hemsworth') ON DUPLICATE KEY UPDATE id=id;
INSERT INTO actores (nombre) VALUES ('Matt Berry') ON DUPLICATE KEY UPDATE id=id;
INSERT INTO actores (nombre) VALUES ('Jake Davies') ON DUPLICATE KEY UPDATE id=id;
INSERT INTO actores (nombre) VALUES ('Amr Waked') ON DUPLICATE KEY UPDATE id=id;
INSERT INTO actores (nombre) VALUES ('Susan Blommaert') ON DUPLICATE KEY UPDATE id=id;
INSERT INTO actores (nombre) VALUES ('Sam Riley') ON DUPLICATE KEY UPDATE id=id;
INSERT INTO actores (nombre) VALUES ('Jaeden Martell') ON DUPLICATE KEY UPDATE id=id;
INSERT INTO actores (nombre) VALUES ('Rafe Spall') ON DUPLICATE KEY UPDATE id=id;
INSERT INTO actores (nombre) VALUES ('Domhnall Gleeson') ON DUPLICATE KEY UPDATE id=id;
INSERT INTO actores (nombre) VALUES ('Jennifer Lawrence') ON DUPLICATE KEY UPDATE id=id;
INSERT INTO actores (nombre) VALUES ('Jean Smart') ON DUPLICATE KEY UPDATE id=id;
INSERT INTO actores (nombre) VALUES ('Evan Peters') ON DUPLICATE KEY UPDATE id=id;
INSERT INTO actores (nombre) VALUES ('B.J. Novak') ON DUPLICATE KEY UPDATE id=id;
INSERT INTO actores (nombre) VALUES ('Isaiah Mustafa') ON DUPLICATE KEY UPDATE id=id;
INSERT INTO actores (nombre) VALUES ('John Boyega') ON DUPLICATE KEY UPDATE id=id;
INSERT INTO actores (nombre) VALUES ('Ted Levine') ON DUPLICATE KEY UPDATE id=id;
INSERT INTO actores (nombre) VALUES ('Owen Wilson') ON DUPLICATE KEY UPDATE id=id;
INSERT INTO actores (nombre) VALUES ('Chris Miller') ON DUPLICATE KEY UPDATE id=id;
INSERT INTO actores (nombre) VALUES ('Jason Clarke') ON DUPLICATE KEY UPDATE id=id;
INSERT INTO actores (nombre) VALUES ('Joey Slotnick') ON DUPLICATE KEY UPDATE id=id;
INSERT INTO actores (nombre) VALUES ('Wayne Pére') ON DUPLICATE KEY UPDATE id=id;
INSERT INTO actores (nombre) VALUES ('Sosie Bacon') ON DUPLICATE KEY UPDATE id=id;
INSERT INTO actores (nombre) VALUES ('Paul Popplewell') ON DUPLICATE KEY UPDATE id=id;
INSERT INTO actores (nombre) VALUES ('Toma Bateman') ON DUPLICATE KEY UPDATE id=id;
INSERT INTO actores (nombre) VALUES ('Emilia Clarke') ON DUPLICATE KEY UPDATE id=id;
INSERT INTO actores (nombre) VALUES ('Wunmi Mosaku') ON DUPLICATE KEY UPDATE id=id;
INSERT INTO actores (nombre) VALUES ('Simon Russell Beale') ON DUPLICATE KEY UPDATE id=id;
INSERT INTO actores (nombre) VALUES ('Michael Peña') ON DUPLICATE KEY UPDATE id=id;
INSERT INTO actores (nombre) VALUES ('Mitch Pileggi') ON DUPLICATE KEY UPDATE id=id;
INSERT INTO actores (nombre) VALUES ('Ser''Darius Blain') ON DUPLICATE KEY UPDATE id=id;
INSERT INTO actores (nombre) VALUES ('Carrie-Anne Moss') ON DUPLICATE KEY UPDATE id=id;
INSERT INTO actores (nombre) VALUES ('Paul Giamatti') ON DUPLICATE KEY UPDATE id=id;
INSERT INTO actores (nombre) VALUES ('Tobias Menzies') ON DUPLICATE KEY UPDATE id=id;
INSERT INTO actores (nombre) VALUES ('Marin Hinkle') ON DUPLICATE KEY UPDATE id=id;
INSERT INTO actores (nombre) VALUES ('Elle Fanning') ON DUPLICATE KEY UPDATE id=id;
INSERT INTO actores (nombre) VALUES ('Charlie Sheen') ON DUPLICATE KEY UPDATE id=id;
INSERT INTO actores (nombre) VALUES ('Billy Griffin Jr.') ON DUPLICATE KEY UPDATE id=id;
INSERT INTO actores (nombre) VALUES ('Kirsten Dunst') ON DUPLICATE KEY UPDATE id=id;
INSERT INTO actores (nombre) VALUES ('Ben Hardy') ON DUPLICATE KEY UPDATE id=id;
INSERT INTO actores (nombre) VALUES ('David Thewlis') ON DUPLICATE KEY UPDATE id=id;
INSERT INTO actores (nombre) VALUES ('Rooney Mara') ON DUPLICATE KEY UPDATE id=id;
INSERT INTO actores (nombre) VALUES ('Misty Rosas') ON DUPLICATE KEY UPDATE id=id;
INSERT INTO actores (nombre) VALUES ('Jerome Flynn') ON DUPLICATE KEY UPDATE id=id;
INSERT INTO actores (nombre) VALUES ('Erica Frene') ON DUPLICATE KEY UPDATE id=id;
INSERT INTO actores (nombre) VALUES ('Jeffrey Tambor') ON DUPLICATE KEY UPDATE id=id;
INSERT INTO actores (nombre) VALUES ('Kate Hudson') ON DUPLICATE KEY UPDATE id=id;
INSERT INTO actores (nombre) VALUES ('Adam Pascal') ON DUPLICATE KEY UPDATE id=id;
INSERT INTO actores (nombre) VALUES ('Sarah Abbott') ON DUPLICATE KEY UPDATE id=id;
INSERT INTO actores (nombre) VALUES ('Anjelica Huston') ON DUPLICATE KEY UPDATE id=id;
INSERT INTO actores (nombre) VALUES ('Judy Greer') ON DUPLICATE KEY UPDATE id=id;
INSERT INTO actores (nombre) VALUES ('Tony Shalhoub') ON DUPLICATE KEY UPDATE id=id;
INSERT INTO actores (nombre) VALUES ('Anna Wilson-Jones') ON DUPLICATE KEY UPDATE id=id;
INSERT INTO actores (nombre) VALUES ('Chad Randall') ON DUPLICATE KEY UPDATE id=id;
INSERT INTO actores (nombre) VALUES ('Audrey Tautou') ON DUPLICATE KEY UPDATE id=id;
INSERT INTO actores (nombre) VALUES ('Martin Freeman') ON DUPLICATE KEY UPDATE id=id;
INSERT INTO actores (nombre) VALUES ('Bryan Cranston') ON DUPLICATE KEY UPDATE id=id;
INSERT INTO actores (nombre) VALUES ('Kerri Green') ON DUPLICATE KEY UPDATE id=id;
INSERT INTO actores (nombre) VALUES ('Vanesa Kirby') ON DUPLICATE KEY UPDATE id=id;
INSERT INTO actores (nombre) VALUES ('Devin Ratray') ON DUPLICATE KEY UPDATE id=id;
INSERT INTO actores (nombre) VALUES ('Felicity Jones') ON DUPLICATE KEY UPDATE id=id;
INSERT INTO actores (nombre) VALUES ('Anthony Mackie') ON DUPLICATE KEY UPDATE id=id;
INSERT INTO actores (nombre) VALUES ('Ahston Kutcher') ON DUPLICATE KEY UPDATE id=id;
INSERT INTO actores (nombre) VALUES ('Miko Hughes') ON DUPLICATE KEY UPDATE id=id;
INSERT INTO actores (nombre) VALUES ('Daniel Kaluuya') ON DUPLICATE KEY UPDATE id=id;
INSERT INTO actores (nombre) VALUES ('Dakota Johnson') ON DUPLICATE KEY UPDATE id=id;
INSERT INTO actores (nombre) VALUES ('William Hurt') ON DUPLICATE KEY UPDATE id=id;
INSERT INTO actores (nombre) VALUES ('Terence Harvey') ON DUPLICATE KEY UPDATE id=id;
INSERT INTO actores (nombre) VALUES ('Eric André') ON DUPLICATE KEY UPDATE id=id;
INSERT INTO actores (nombre) VALUES ('Christopher Plummer') ON DUPLICATE KEY UPDATE id=id;
INSERT INTO actores (nombre) VALUES ('James Martin Kelly') ON DUPLICATE KEY UPDATE id=id;
INSERT INTO actores (nombre) VALUES ('Jack Black') ON DUPLICATE KEY UPDATE id=id;
INSERT INTO actores (nombre) VALUES ('Claire Keelan') ON DUPLICATE KEY UPDATE id=id;
INSERT INTO actores (nombre) VALUES ('Henry Cavill') ON DUPLICATE KEY UPDATE id=id;
INSERT INTO actores (nombre) VALUES ('Heather O''Rourke') ON DUPLICATE KEY UPDATE id=id;
INSERT INTO actores (nombre) VALUES ('Eddie Redmayne') ON DUPLICATE KEY UPDATE id=id;
INSERT INTO actores (nombre) VALUES ('Georgina Campbell') ON DUPLICATE KEY UPDATE id=id;
INSERT INTO actores (nombre) VALUES ('Brad Greenquist') ON DUPLICATE KEY UPDATE id=id;
INSERT INTO actores (nombre) VALUES ('Ron Eldard') ON DUPLICATE KEY UPDATE id=id;
INSERT INTO actores (nombre) VALUES ('Simona Brown') ON DUPLICATE KEY UPDATE id=id;
INSERT INTO actores (nombre) VALUES ('Rob Horrocks') ON DUPLICATE KEY UPDATE id=id;
INSERT INTO actores (nombre) VALUES ('Karen Ceesay') ON DUPLICATE KEY UPDATE id=id;
INSERT INTO actores (nombre) VALUES ('Shane Steyn') ON DUPLICATE KEY UPDATE id=id;
INSERT INTO actores (nombre) VALUES ('Jackson Bews') ON DUPLICATE KEY UPDATE id=id;
INSERT INTO actores (nombre) VALUES ('Rory Cochrane') ON DUPLICATE KEY UPDATE id=id;
INSERT INTO actores (nombre) VALUES ('Mayim Bialik') ON DUPLICATE KEY UPDATE id=id;
INSERT INTO actores (nombre) VALUES ('Jeff Goldblum') ON DUPLICATE KEY UPDATE id=id;
INSERT INTO actores (nombre) VALUES ('George Clooney') ON DUPLICATE KEY UPDATE id=id;
INSERT INTO actores (nombre) VALUES ('Tom Braidwood') ON DUPLICATE KEY UPDATE id=id;
INSERT INTO actores (nombre) VALUES ('Josh Brener') ON DUPLICATE KEY UPDATE id=id;
INSERT INTO actores (nombre) VALUES ('Rhashan Stone') ON DUPLICATE KEY UPDATE id=id;
INSERT INTO actores (nombre) VALUES ('Chris Evans') ON DUPLICATE KEY UPDATE id=id;
INSERT INTO actores (nombre) VALUES ('Gillian Anderson') ON DUPLICATE KEY UPDATE id=id;
INSERT INTO actores (nombre) VALUES ('Luca Calvani') ON DUPLICATE KEY UPDATE id=id;
INSERT INTO actores (nombre) VALUES ('Diego Boneta') ON DUPLICATE KEY UPDATE id=id;
INSERT INTO actores (nombre) VALUES ('Mark Ruffalo') ON DUPLICATE KEY UPDATE id=id;
INSERT INTO actores (nombre) VALUES ('Grant Gustin') ON DUPLICATE KEY UPDATE id=id;
INSERT INTO actores (nombre) VALUES ('Danny McBride') ON DUPLICATE KEY UPDATE id=id;
INSERT INTO actores (nombre) VALUES ('Louis Herthum') ON DUPLICATE KEY UPDATE id=id;
INSERT INTO actores (nombre) VALUES ('Tom Cavanagh') ON DUPLICATE KEY UPDATE id=id;
INSERT INTO actores (nombre) VALUES ('Rachel Weisz') ON DUPLICATE KEY UPDATE id=id;
INSERT INTO actores (nombre) VALUES ('James Northcote') ON DUPLICATE KEY UPDATE id=id;
INSERT INTO actores (nombre) VALUES ('Jake Gyllenhaal') ON DUPLICATE KEY UPDATE id=id;
INSERT INTO actores (nombre) VALUES ('Álvaro Morte') ON DUPLICATE KEY UPDATE id=id;
INSERT INTO actores (nombre) VALUES ('Nicole Beharie') ON DUPLICATE KEY UPDATE id=id;
INSERT INTO actores (nombre) VALUES ('Paul Ritter') ON DUPLICATE KEY UPDATE id=id;
INSERT INTO actores (nombre) VALUES ('Sean Bean') ON DUPLICATE KEY UPDATE id=id;
INSERT INTO actores (nombre) VALUES ('Scoot McNairy') ON DUPLICATE KEY UPDATE id=id;
INSERT INTO actores (nombre) VALUES ('Ryan Phillippe') ON DUPLICATE KEY UPDATE id=id;
INSERT INTO actores (nombre) VALUES ('Adam Goldberg') ON DUPLICATE KEY UPDATE id=id;
INSERT INTO actores (nombre) VALUES ('Jalil Jay Lynch') ON DUPLICATE KEY UPDATE id=id;
INSERT INTO actores (nombre) VALUES ('Bill Cobbs') ON DUPLICATE KEY UPDATE id=id;
INSERT INTO actores (nombre) VALUES ('Louis Partridge') ON DUPLICATE KEY UPDATE id=id;
INSERT INTO actores (nombre) VALUES ('Omar Epps') ON DUPLICATE KEY UPDATE id=id;
INSERT INTO actores (nombre) VALUES ('Michael B. Jordan') ON DUPLICATE KEY UPDATE id=id;
INSERT INTO actores (nombre) VALUES ('Jogn Hawkes') ON DUPLICATE KEY UPDATE id=id;
INSERT INTO actores (nombre) VALUES ('Annaleigh Ashford') ON DUPLICATE KEY UPDATE id=id;
INSERT INTO actores (nombre) VALUES ('Candice Patton') ON DUPLICATE KEY UPDATE id=id;
INSERT INTO actores (nombre) VALUES ('Mindy Kaling') ON DUPLICATE KEY UPDATE id=id;
INSERT INTO actores (nombre) VALUES ('David Ajala') ON DUPLICATE KEY UPDATE id=id;
INSERT INTO actores (nombre) VALUES ('Benjamin Sokolow') ON DUPLICATE KEY UPDATE id=id;
INSERT INTO actores (nombre) VALUES ('Lucy Boynton') ON DUPLICATE KEY UPDATE id=id;
INSERT INTO actores (nombre) VALUES ('Benedict Cumberbatch') ON DUPLICATE KEY UPDATE id=id;
INSERT INTO actores (nombre) VALUES ('Carla Gugino') ON DUPLICATE KEY UPDATE id=id;
INSERT INTO actores (nombre) VALUES ('Idris Elba') ON DUPLICATE KEY UPDATE id=id;
INSERT INTO actores (nombre) VALUES ('Dana Ivey') ON DUPLICATE KEY UPDATE id=id;
INSERT INTO actores (nombre) VALUES ('Kerry Washington') ON DUPLICATE KEY UPDATE id=id;
INSERT INTO actores (nombre) VALUES ('Aidan Gallagher') ON DUPLICATE KEY UPDATE id=id;
INSERT INTO actores (nombre) VALUES ('Thomas M. Wright') ON DUPLICATE KEY UPDATE id=id;
INSERT INTO actores (nombre) VALUES ('Jon Cryer') ON DUPLICATE KEY UPDATE id=id;
INSERT INTO actores (nombre) VALUES ('Nicholas Gonzalez') ON DUPLICATE KEY UPDATE id=id;
INSERT INTO actores (nombre) VALUES ('Tom Hanks') ON DUPLICATE KEY UPDATE id=id;
INSERT INTO actores (nombre) VALUES ('Jeff Daniels') ON DUPLICATE KEY UPDATE id=id;
INSERT INTO actores (nombre) VALUES ('Ariane Labed') ON DUPLICATE KEY UPDATE id=id;
INSERT INTO actores (nombre) VALUES ('James McArdle') ON DUPLICATE KEY UPDATE id=id;
INSERT INTO actores (nombre) VALUES ('Vanessa Redgrave') ON DUPLICATE KEY UPDATE id=id;
INSERT INTO actores (nombre) VALUES ('Oliver Robins') ON DUPLICATE KEY UPDATE id=id;
INSERT INTO actores (nombre) VALUES ('Sharon Warren') ON DUPLICATE KEY UPDATE id=id;
INSERT INTO actores (nombre) VALUES ('Rio Hackford') ON DUPLICATE KEY UPDATE id=id;
INSERT INTO actores (nombre) VALUES ('Vanessa Kirby') ON DUPLICATE KEY UPDATE id=id;
INSERT INTO actores (nombre) VALUES ('Jesse L. Martin') ON DUPLICATE KEY UPDATE id=id;
INSERT INTO actores (nombre) VALUES ('Jude Law') ON DUPLICATE KEY UPDATE id=id;
INSERT INTO actores (nombre) VALUES ('Kate Flannery') ON DUPLICATE KEY UPDATE id=id;
INSERT INTO actores (nombre) VALUES ('Catherine Curtin') ON DUPLICATE KEY UPDATE id=id;
INSERT INTO actores (nombre) VALUES ('Anna Kendrick') ON DUPLICATE KEY UPDATE id=id;
INSERT INTO actores (nombre) VALUES ('Ryan Robbins') ON DUPLICATE KEY UPDATE id=id;
INSERT INTO actores (nombre) VALUES ('Larry the Cable Guy') ON DUPLICATE KEY UPDATE id=id;
INSERT INTO actores (nombre) VALUES ('Oscar Isaac') ON DUPLICATE KEY UPDATE id=id;
INSERT INTO actores (nombre) VALUES ('Carlos Valdes') ON DUPLICATE KEY UPDATE id=id;
INSERT INTO actores (nombre) VALUES ('Corrine Koslo') ON DUPLICATE KEY UPDATE id=id;
INSERT INTO actores (nombre) VALUES ('Jeff Cohen') ON DUPLICATE KEY UPDATE id=id;
INSERT INTO actores (nombre) VALUES ('Steve Carell') ON DUPLICATE KEY UPDATE id=id;
INSERT INTO actores (nombre) VALUES ('Charles Dance') ON DUPLICATE KEY UPDATE id=id;
INSERT INTO actores (nombre) VALUES ('Harry Lennix') ON DUPLICATE KEY UPDATE id=id;
INSERT INTO actores (nombre) VALUES ('Laurence Fishburne') ON DUPLICATE KEY UPDATE id=id;
INSERT INTO actores (nombre) VALUES ('Kit Harington') ON DUPLICATE KEY UPDATE id=id;
INSERT INTO actores (nombre) VALUES ('Brian Baumgartner') ON DUPLICATE KEY UPDATE id=id;
INSERT INTO actores (nombre) VALUES ('Jake Presley') ON DUPLICATE KEY UPDATE id=id;
INSERT INTO actores (nombre) VALUES ('Michael Wallis') ON DUPLICATE KEY UPDATE id=id;
INSERT INTO actores (nombre) VALUES ('Justice Smith') ON DUPLICATE KEY UPDATE id=id;
INSERT INTO actores (nombre) VALUES ('Cameron Mann') ON DUPLICATE KEY UPDATE id=id;
INSERT INTO actores (nombre) VALUES ('Noah Jupe') ON DUPLICATE KEY UPDATE id=id;
INSERT INTO actores (nombre) VALUES ('Aldis Hodge') ON DUPLICATE KEY UPDATE id=id;
INSERT INTO actores (nombre) VALUES ('Andre Braugher') ON DUPLICATE KEY UPDATE id=id;
INSERT INTO actores (nombre) VALUES ('Russell Brand') ON DUPLICATE KEY UPDATE id=id;
INSERT INTO actores (nombre) VALUES ('Fairuzza Balk') ON DUPLICATE KEY UPDATE id=id;
INSERT INTO actores (nombre) VALUES ('Susannah Doyle') ON DUPLICATE KEY UPDATE id=id;
INSERT INTO actores (nombre) VALUES ('Cynthia Addai-Robinson') ON DUPLICATE KEY UPDATE id=id;
INSERT INTO actores (nombre) VALUES ('Burn Gorman') ON DUPLICATE KEY UPDATE id=id;
INSERT INTO actores (nombre) VALUES ('Catherine Zeta-Jones') ON DUPLICATE KEY UPDATE id=id;
INSERT INTO actores (nombre) VALUES ('Giancarlo Esposito') ON DUPLICATE KEY UPDATE id=id;
INSERT INTO actores (nombre) VALUES ('Cailee Spaeny') ON DUPLICATE KEY UPDATE id=id;
INSERT INTO actores (nombre) VALUES ('Lilly Aspell') ON DUPLICATE KEY UPDATE id=id;
INSERT INTO actores (nombre) VALUES ('Kamontip Krissy Ashton') ON DUPLICATE KEY UPDATE id=id;
INSERT INTO actores (nombre) VALUES ('Tim Woodward') ON DUPLICATE KEY UPDATE id=id;
INSERT INTO actores (nombre) VALUES ('Marisol Nichols') ON DUPLICATE KEY UPDATE id=id;
INSERT INTO actores (nombre) VALUES ('Dominique Dunne') ON DUPLICATE KEY UPDATE id=id;
INSERT INTO actores (nombre) VALUES ('Geraldine Chaplin') ON DUPLICATE KEY UPDATE id=id;
INSERT INTO actores (nombre) VALUES ('Allison Janney') ON DUPLICATE KEY UPDATE id=id;
INSERT INTO actores (nombre) VALUES ('Alice Braga') ON DUPLICATE KEY UPDATE id=id;
INSERT INTO actores (nombre) VALUES ('Judd Hirsch') ON DUPLICATE KEY UPDATE id=id;
INSERT INTO actores (nombre) VALUES ('Demián Bichir') ON DUPLICATE KEY UPDATE id=id;
INSERT INTO actores (nombre) VALUES ('Winona Ryder') ON DUPLICATE KEY UPDATE id=id;
INSERT INTO actores (nombre) VALUES ('Chris Hemsworth') ON DUPLICATE KEY UPDATE id=id;
INSERT INTO actores (nombre) VALUES ('Helena Bonham Carter') ON DUPLICATE KEY UPDATE id=id;
INSERT INTO actores (nombre) VALUES ('Miley Cyrus') ON DUPLICATE KEY UPDATE id=id;
INSERT INTO actores (nombre) VALUES ('Chris Pratt') ON DUPLICATE KEY UPDATE id=id;
INSERT INTO actores (nombre) VALUES ('Guy Pearce') ON DUPLICATE KEY UPDATE id=id;
INSERT INTO actores (nombre) VALUES ('Stephanie Kurtzuba') ON DUPLICATE KEY UPDATE id=id;
INSERT INTO actores (nombre) VALUES ('Tessa Thompson') ON DUPLICATE KEY UPDATE id=id;
INSERT INTO actores (nombre) VALUES ('Tate Donovan') ON DUPLICATE KEY UPDATE id=id;
INSERT INTO actores (nombre) VALUES ('Hannah John-Kamen') ON DUPLICATE KEY UPDATE id=id;
INSERT INTO actores (nombre) VALUES ('Kaley Cuoco') ON DUPLICATE KEY UPDATE id=id;
INSERT INTO actores (nombre) VALUES ('Bill Paxton') ON DUPLICATE KEY UPDATE id=id;
INSERT INTO actores (nombre) VALUES ('Kid Cudi') ON DUPLICATE KEY UPDATE id=id;
INSERT INTO actores (nombre) VALUES ('BD Wong') ON DUPLICATE KEY UPDATE id=id;
INSERT INTO actores (nombre) VALUES ('Jean Reno') ON DUPLICATE KEY UPDATE id=id;
INSERT INTO actores (nombre) VALUES ('Glen Powell') ON DUPLICATE KEY UPDATE id=id;
INSERT INTO actores (nombre) VALUES ('Misha Kuznetsov') ON DUPLICATE KEY UPDATE id=id;
INSERT INTO actores (nombre) VALUES ('Will Ferrell') ON DUPLICATE KEY UPDATE id=id;
INSERT INTO actores (nombre) VALUES ('Harry Melling') ON DUPLICATE KEY UPDATE id=id;
INSERT INTO actores (nombre) VALUES ('Natalia Dyer') ON DUPLICATE KEY UPDATE id=id;
INSERT INTO actores (nombre) VALUES ('Lorina Kamburova') ON DUPLICATE KEY UPDATE id=id;
INSERT INTO actores (nombre) VALUES ('Branwell Donaghey') ON DUPLICATE KEY UPDATE id=id;
INSERT INTO actores (nombre) VALUES ('Jurnee Smollett') ON DUPLICATE KEY UPDATE id=id;
INSERT INTO actores (nombre) VALUES ('Jennifer Aniston') ON DUPLICATE KEY UPDATE id=id;
INSERT INTO actores (nombre) VALUES ('Amy Manson') ON DUPLICATE KEY UPDATE id=id;
INSERT INTO actores (nombre) VALUES ('Orto Ignatiussen') ON DUPLICATE KEY UPDATE id=id;
INSERT INTO actores (nombre) VALUES ('Moses Ingram') ON DUPLICATE KEY UPDATE id=id;
INSERT INTO actores (nombre) VALUES ('Robert Aramayo') ON DUPLICATE KEY UPDATE id=id;
INSERT INTO actores (nombre) VALUES ('Nikolaj Coster-Waldau') ON DUPLICATE KEY UPDATE id=id;
INSERT INTO actores (nombre) VALUES ('Predrag Bjelac') ON DUPLICATE KEY UPDATE id=id;
INSERT INTO actores (nombre) VALUES ('Ving Rhames') ON DUPLICATE KEY UPDATE id=id;
INSERT INTO actores (nombre) VALUES ('O.T. Fagbenle') ON DUPLICATE KEY UPDATE id=id;
INSERT INTO actores (nombre) VALUES ('Alan Arkin') ON DUPLICATE KEY UPDATE id=id;
INSERT INTO actores (nombre) VALUES ('Chosen Jacobs') ON DUPLICATE KEY UPDATE id=id;
INSERT INTO actores (nombre) VALUES ('Tom Cruise') ON DUPLICATE KEY UPDATE id=id;
INSERT INTO actores (nombre) VALUES ('Sarah Silverman') ON DUPLICATE KEY UPDATE id=id;
INSERT INTO actores (nombre) VALUES ('David Morse') ON DUPLICATE KEY UPDATE id=id;
INSERT INTO actores (nombre) VALUES ('Hill Harper') ON DUPLICATE KEY UPDATE id=id;
INSERT INTO actores (nombre) VALUES ('Gwyneth Paltrow') ON DUPLICATE KEY UPDATE id=id;
INSERT INTO actores (nombre) VALUES ('Matthew Perry') ON DUPLICATE KEY UPDATE id=id;
INSERT INTO actores (nombre) VALUES ('Kate Walsh') ON DUPLICATE KEY UPDATE id=id;
INSERT INTO actores (nombre) VALUES ('Ramón Rodríguez') ON DUPLICATE KEY UPDATE id=id;
INSERT INTO actores (nombre) VALUES ('Hari Dhillon') ON DUPLICATE KEY UPDATE id=id;
INSERT INTO actores (nombre) VALUES ('Gemma Zamprogna') ON DUPLICATE KEY UPDATE id=id;
INSERT INTO actores (nombre) VALUES ('Robert Patrick') ON DUPLICATE KEY UPDATE id=id;
INSERT INTO actores (nombre) VALUES ('Martin Henderson') ON DUPLICATE KEY UPDATE id=id;
INSERT INTO actores (nombre) VALUES ('Simon Quarterman') ON DUPLICATE KEY UPDATE id=id;
INSERT INTO actores (nombre) VALUES ('Talulah Riley') ON DUPLICATE KEY UPDATE id=id;
INSERT INTO actores (nombre) VALUES ('Michael Lombard') ON DUPLICATE KEY UPDATE id=id;
INSERT INTO actores (nombre) VALUES ('Toni Collette') ON DUPLICATE KEY UPDATE id=id;
INSERT INTO actores (nombre) VALUES ('Sinéad Matthews') ON DUPLICATE KEY UPDATE id=id;
INSERT INTO actores (nombre) VALUES ('Curtis Armstrong') ON DUPLICATE KEY UPDATE id=id;
INSERT INTO actores (nombre) VALUES ('Paige Spara') ON DUPLICATE KEY UPDATE id=id;
INSERT INTO actores (nombre) VALUES ('Bruno Amato') ON DUPLICATE KEY UPDATE id=id;
INSERT INTO actores (nombre) VALUES ('Jonathan Aris') ON DUPLICATE KEY UPDATE id=id;
INSERT INTO actores (nombre) VALUES ('Angourie Rice') ON DUPLICATE KEY UPDATE id=id;
INSERT INTO actores (nombre) VALUES ('Geena Davis') ON DUPLICATE KEY UPDATE id=id;
INSERT INTO actores (nombre) VALUES ('Stacy Martin') ON DUPLICATE KEY UPDATE id=id;
INSERT INTO actores (nombre) VALUES ('Kate Mara') ON DUPLICATE KEY UPDATE id=id;
INSERT INTO actores (nombre) VALUES ('Madeline Brewer') ON DUPLICATE KEY UPDATE id=id;
INSERT INTO actores (nombre) VALUES ('Miranda Cosgrove') ON DUPLICATE KEY UPDATE id=id;
INSERT INTO actores (nombre) VALUES ('Chloe Pirrie') ON DUPLICATE KEY UPDATE id=id;
INSERT INTO actores (nombre) VALUES ('Dick Van Dyke') ON DUPLICATE KEY UPDATE id=id;
INSERT INTO actores (nombre) VALUES ('Catherine O''Hara') ON DUPLICATE KEY UPDATE id=id;
INSERT INTO actores (nombre) VALUES ('Vincent Piazza') ON DUPLICATE KEY UPDATE id=id;
INSERT INTO actores (nombre) VALUES ('Tom Prior') ON DUPLICATE KEY UPDATE id=id;
INSERT INTO actores (nombre) VALUES ('Aurora Perrineau') ON DUPLICATE KEY UPDATE id=id;
INSERT INTO actores (nombre) VALUES ('Rob Riggle') ON DUPLICATE KEY UPDATE id=id;
INSERT INTO actores (nombre) VALUES ('Andy Umberger') ON DUPLICATE KEY UPDATE id=id;
INSERT INTO actores (nombre) VALUES ('Craig T. Nelson') ON DUPLICATE KEY UPDATE id=id;
INSERT INTO actores (nombre) VALUES ('Ben Affleck') ON DUPLICATE KEY UPDATE id=id;
INSERT INTO actores (nombre) VALUES ('Florence Pugh') ON DUPLICATE KEY UPDATE id=id;
INSERT INTO actores (nombre) VALUES ('Jussie Smollett') ON DUPLICATE KEY UPDATE id=id;
INSERT INTO actores (nombre) VALUES ('John Hurt') ON DUPLICATE KEY UPDATE id=id;
INSERT INTO actores (nombre) VALUES ('Lia Williams') ON DUPLICATE KEY UPDATE id=id;
INSERT INTO actores (nombre) VALUES ('Chadwick Boseman') ON DUPLICATE KEY UPDATE id=id;
INSERT INTO actores (nombre) VALUES ('Nathaniel Dean') ON DUPLICATE KEY UPDATE id=id;
INSERT INTO actores (nombre) VALUES ('Jonas Karlsson') ON DUPLICATE KEY UPDATE id=id;
INSERT INTO actores (nombre) VALUES ('John Heard') ON DUPLICATE KEY UPDATE id=id;
INSERT INTO actores (nombre) VALUES ('Colin Morgan') ON DUPLICATE KEY UPDATE id=id;
INSERT INTO actores (nombre) VALUES ('Charlie Tahan') ON DUPLICATE KEY UPDATE id=id;
INSERT INTO actores (nombre) VALUES ('Parvesh Ceena') ON DUPLICATE KEY UPDATE id=id;
INSERT INTO actores (nombre) VALUES ('Octavia Spencer') ON DUPLICATE KEY UPDATE id=id;
INSERT INTO actores (nombre) VALUES ('Roberts Blossom') ON DUPLICATE KEY UPDATE id=id;
INSERT INTO actores (nombre) VALUES ('Fred Gwynne') ON DUPLICATE KEY UPDATE id=id;
INSERT INTO actores (nombre) VALUES ('Olivia Colman') ON DUPLICATE KEY UPDATE id=id;
INSERT INTO actores (nombre) VALUES ('Linda Blair') ON DUPLICATE KEY UPDATE id=id;
INSERT INTO actores (nombre) VALUES ('Emma Thompson') ON DUPLICATE KEY UPDATE id=id;
INSERT INTO actores (nombre) VALUES ('Jimi Mistry') ON DUPLICATE KEY UPDATE id=id;
INSERT INTO actores (nombre) VALUES ('Barton Heyman') ON DUPLICATE KEY UPDATE id=id;
INSERT INTO actores (nombre) VALUES ('Lydia Wilson') ON DUPLICATE KEY UPDATE id=id;
INSERT INTO actores (nombre) VALUES ('Ruth Bradley') ON DUPLICATE KEY UPDATE id=id;
INSERT INTO actores (nombre) VALUES ('Kate McGregor-Stewart') ON DUPLICATE KEY UPDATE id=id;
INSERT INTO actores (nombre) VALUES ('Sonoya Mizuno') ON DUPLICATE KEY UPDATE id=id;
INSERT INTO actores (nombre) VALUES ('José Manuel Trujillo Salas') ON DUPLICATE KEY UPDATE id=id;
INSERT INTO actores (nombre) VALUES ('Génesis Rodríguez') ON DUPLICATE KEY UPDATE id=id;
INSERT INTO actores (nombre) VALUES ('Chris Pine') ON DUPLICATE KEY UPDATE id=id;
INSERT INTO actores (nombre) VALUES ('Elizabeth Wilson') ON DUPLICATE KEY UPDATE id=id;
INSERT INTO actores (nombre) VALUES ('Jennifer Ehle') ON DUPLICATE KEY UPDATE id=id;
INSERT INTO actores (nombre) VALUES ('Keira Knightley') ON DUPLICATE KEY UPDATE id=id;
INSERT INTO actores (nombre) VALUES ('Jared Harris') ON DUPLICATE KEY UPDATE id=id;
INSERT INTO actores (nombre) VALUES ('Max vox Sydow') ON DUPLICATE KEY UPDATE id=id;
INSERT INTO actores (nombre) VALUES ('David Duchovny') ON DUPLICATE KEY UPDATE id=id;
INSERT INTO actores (nombre) VALUES ('Josh Lucas') ON DUPLICATE KEY UPDATE id=id;
INSERT INTO actores (nombre) VALUES ('Sean Buxton') ON DUPLICATE KEY UPDATE id=id;
INSERT INTO actores (nombre) VALUES ('J.K. Simmons') ON DUPLICATE KEY UPDATE id=id;
INSERT INTO actores (nombre) VALUES ('Clint Dyer') ON DUPLICATE KEY UPDATE id=id;
INSERT INTO actores (nombre) VALUES ('Jason Miller') ON DUPLICATE KEY UPDATE id=id;
INSERT INTO actores (nombre) VALUES ('Tim Robbins') ON DUPLICATE KEY UPDATE id=id;
INSERT INTO actores (nombre) VALUES ('Anne Hathaway') ON DUPLICATE KEY UPDATE id=id;
INSERT INTO actores (nombre) VALUES ('Chetna Pandya') ON DUPLICATE KEY UPDATE id=id;
INSERT INTO actores (nombre) VALUES ('Mason Guccione') ON DUPLICATE KEY UPDATE id=id;
INSERT INTO actores (nombre) VALUES ('Robin Williams') ON DUPLICATE KEY UPDATE id=id;
INSERT INTO actores (nombre) VALUES ('Neil Maskell') ON DUPLICATE KEY UPDATE id=id;
INSERT INTO actores (nombre) VALUES ('Robin Wright') ON DUPLICATE KEY UPDATE id=id;
INSERT INTO actores (nombre) VALUES ('Esther Acebo') ON DUPLICATE KEY UPDATE id=id;
INSERT INTO actores (nombre) VALUES ('David Harbour') ON DUPLICATE KEY UPDATE id=id;
INSERT INTO actores (nombre) VALUES ('Olga Dihovichnaya') ON DUPLICATE KEY UPDATE id=id;
INSERT INTO actores (nombre) VALUES ('Logan Marshall-Green') ON DUPLICATE KEY UPDATE id=id;
INSERT INTO actores (nombre) VALUES ('Aneurin Barnard') ON DUPLICATE KEY UPDATE id=id;
INSERT INTO actores (nombre) VALUES ('Jeremy Ray') ON DUPLICATE KEY UPDATE id=id;
INSERT INTO actores (nombre) VALUES ('Danny Webb') ON DUPLICATE KEY UPDATE id=id;
INSERT INTO actores (nombre) VALUES ('C.J. Sanders') ON DUPLICATE KEY UPDATE id=id;
INSERT INTO actores (nombre) VALUES ('Jon Voight') ON DUPLICATE KEY UPDATE id=id;
INSERT INTO actores (nombre) VALUES ('Gana Bayarsaikhan') ON DUPLICATE KEY UPDATE id=id;
INSERT INTO actores (nombre) VALUES ('Amy Warren') ON DUPLICATE KEY UPDATE id=id;
INSERT INTO actores (nombre) VALUES ('Robert De Niro') ON DUPLICATE KEY UPDATE id=id;
INSERT INTO actores (nombre) VALUES ('Harvey Guillén') ON DUPLICATE KEY UPDATE id=id;
INSERT INTO actores (nombre) VALUES ('Imogen Poots') ON DUPLICATE KEY UPDATE id=id;
INSERT INTO actores (nombre) VALUES ('Kiran Sonia Sawar') ON DUPLICATE KEY UPDATE id=id;
INSERT INTO actores (nombre) VALUES ('Armie Hammer') ON DUPLICATE KEY UPDATE id=id;
INSERT INTO actores (nombre) VALUES ('Bryce Dallas Howard') ON DUPLICATE KEY UPDATE id=id;
INSERT INTO actores (nombre) VALUES ('Joe Keery') ON DUPLICATE KEY UPDATE id=id;
INSERT INTO actores (nombre) VALUES ('Uli Latukefu') ON DUPLICATE KEY UPDATE id=id;
INSERT INTO actores (nombre) VALUES ('Etienne Chicot') ON DUPLICATE KEY UPDATE id=id;
INSERT INTO actores (nombre) VALUES ('Victor Garber') ON DUPLICATE KEY UPDATE id=id;
INSERT INTO actores (nombre) VALUES ('Camila Mendes') ON DUPLICATE KEY UPDATE id=id;
INSERT INTO actores (nombre) VALUES ('Salli Richardson-Whitfield') ON DUPLICATE KEY UPDATE id=id;
INSERT INTO actores (nombre) VALUES ('Jake Gyllenhaal Rebecca Ferguson') ON DUPLICATE KEY UPDATE id=id;
INSERT INTO actores (nombre) VALUES ('Anna Paquin') ON DUPLICATE KEY UPDATE id=id;
INSERT INTO actores (nombre) VALUES ('Leslie David Baker') ON DUPLICATE KEY UPDATE id=id;
INSERT INTO actores (nombre) VALUES ('Diedrich Bader') ON DUPLICATE KEY UPDATE id=id;
INSERT INTO actores (nombre) VALUES ('Eli Roth') ON DUPLICATE KEY UPDATE id=id;
INSERT INTO actores (nombre) VALUES ('Awkwafina') ON DUPLICATE KEY UPDATE id=id;
INSERT INTO actores (nombre) VALUES ('Vladimir Furdik') ON DUPLICATE KEY UPDATE id=id;
INSERT INTO actores (nombre) VALUES ('Charlie') ON DUPLICATE KEY UPDATE id=id;
INSERT INTO actores (nombre) VALUES ('Julia Davis') ON DUPLICATE KEY UPDATE id=id;
INSERT INTO actores (nombre) VALUES ('Isabella Sermon') ON DUPLICATE KEY UPDATE id=id;
INSERT INTO actores (nombre) VALUES ('Jesse Plemons') ON DUPLICATE KEY UPDATE id=id;
INSERT INTO actores (nombre) VALUES ('Hillary Wolf') ON DUPLICATE KEY UPDATE id=id;
INSERT INTO actores (nombre) VALUES ('Nick Chinlund') ON DUPLICATE KEY UPDATE id=id;
INSERT INTO actores (nombre) VALUES ('Rebecca Hazlewood') ON DUPLICATE KEY UPDATE id=id;
INSERT INTO actores (nombre) VALUES ('Toby Jones') ON DUPLICATE KEY UPDATE id=id;
INSERT INTO actores (nombre) VALUES ('Anisha Nagarajan') ON DUPLICATE KEY UPDATE id=id;
INSERT INTO actores (nombre) VALUES ('Rodrigo Santoro') ON DUPLICATE KEY UPDATE id=id;
INSERT INTO actores (nombre) VALUES ('Carl Weathers') ON DUPLICATE KEY UPDATE id=id;
INSERT INTO actores (nombre) VALUES ('Kristin Scott Thomas') ON DUPLICATE KEY UPDATE id=id;
INSERT INTO actores (nombre) VALUES ('Dominic Cooper') ON DUPLICATE KEY UPDATE id=id;
INSERT INTO actores (nombre) VALUES ('Steve Nicolson') ON DUPLICATE KEY UPDATE id=id;
INSERT INTO actores (nombre) VALUES ('Jake Cherry') ON DUPLICATE KEY UPDATE id=id;
INSERT INTO actores (nombre) VALUES ('Joakim Skarli') ON DUPLICATE KEY UPDATE id=id;
INSERT INTO actores (nombre) VALUES ('Mahershala Ali') ON DUPLICATE KEY UPDATE id=id;
INSERT INTO actores (nombre) VALUES ('Melissa Rauch') ON DUPLICATE KEY UPDATE id=id;
INSERT INTO actores (nombre) VALUES ('Joe Pesci') ON DUPLICATE KEY UPDATE id=id;
INSERT INTO actores (nombre) VALUES ('Ricky Gervais') ON DUPLICATE KEY UPDATE id=id;
INSERT INTO actores (nombre) VALUES ('Ashton Kutcher') ON DUPLICATE KEY UPDATE id=id;
INSERT INTO actores (nombre) VALUES ('Fiona Gubelmann') ON DUPLICATE KEY UPDATE id=id;
INSERT INTO actores (nombre) VALUES ('Ben Barnes') ON DUPLICATE KEY UPDATE id=id;
INSERT INTO actores (nombre) VALUES ('Demetri Goritsas') ON DUPLICATE KEY UPDATE id=id;
INSERT INTO actores (nombre) VALUES ('Karen Gillan') ON DUPLICATE KEY UPDATE id=id;
INSERT INTO actores (nombre) VALUES ('Dimitri Diatchenko') ON DUPLICATE KEY UPDATE id=id;
INSERT INTO actores (nombre) VALUES ('Joan Cusack') ON DUPLICATE KEY UPDATE id=id;
INSERT INTO actores (nombre) VALUES ('Evan Rachel Wood') ON DUPLICATE KEY UPDATE id=id;
INSERT INTO actores (nombre) VALUES ('Claire Forlani') ON DUPLICATE KEY UPDATE id=id;
INSERT INTO actores (nombre) VALUES ('Maxine Peake') ON DUPLICATE KEY UPDATE id=id;
INSERT INTO actores (nombre) VALUES ('Seth Lee') ON DUPLICATE KEY UPDATE id=id;
INSERT INTO actores (nombre) VALUES ('Angel Giuffria') ON DUPLICATE KEY UPDATE id=id;
INSERT INTO actores (nombre) VALUES ('Rowan Atkinson') ON DUPLICATE KEY UPDATE id=id;
INSERT INTO actores (nombre) VALUES ('Dennis Keiffer') ON DUPLICATE KEY UPDATE id=id;
INSERT INTO actores (nombre) VALUES ('Jaime Lorente') ON DUPLICATE KEY UPDATE id=id;
INSERT INTO actores (nombre) VALUES ('Basher Savage') ON DUPLICATE KEY UPDATE id=id;
INSERT INTO actores (nombre) VALUES ('Kevin Costner') ON DUPLICATE KEY UPDATE id=id;
INSERT INTO actores (nombre) VALUES ('Indira Ainger') ON DUPLICATE KEY UPDATE id=id;
INSERT INTO actores (nombre) VALUES ('Tom Hollander') ON DUPLICATE KEY UPDATE id=id;
INSERT INTO actores (nombre) VALUES ('Dylan O''Brien') ON DUPLICATE KEY UPDATE id=id;
INSERT INTO actores (nombre) VALUES ('Tom McGrath Danny Jacobs') ON DUPLICATE KEY UPDATE id=id;
INSERT INTO actores (nombre) VALUES ('Ewan McGregor') ON DUPLICATE KEY UPDATE id=id;
INSERT INTO actores (nombre) VALUES ('Steve Coogan') ON DUPLICATE KEY UPDATE id=id;
INSERT INTO actores (nombre) VALUES ('Carmela Zumbado') ON DUPLICATE KEY UPDATE id=id;
INSERT INTO actores (nombre) VALUES ('Sope Dirisu') ON DUPLICATE KEY UPDATE id=id;
INSERT INTO actores (nombre) VALUES ('Stephen Spinella') ON DUPLICATE KEY UPDATE id=id;
INSERT INTO actores (nombre) VALUES ('Harrison Ford') ON DUPLICATE KEY UPDATE id=id;
INSERT INTO actores (nombre) VALUES ('Aidan Gillen') ON DUPLICATE KEY UPDATE id=id;
INSERT INTO actores (nombre) VALUES ('Igor Jijikine') ON DUPLICATE KEY UPDATE id=id;
INSERT INTO actores (nombre) VALUES ('Tom Goodman-Hill') ON DUPLICATE KEY UPDATE id=id;
INSERT INTO actores (nombre) VALUES ('Blaze Berdahl') ON DUPLICATE KEY UPDATE id=id;
INSERT INTO actores (nombre) VALUES ('Sophia Lillis') ON DUPLICATE KEY UPDATE id=id;
INSERT INTO actores (nombre) VALUES ('Jean-Yves Berteloot') ON DUPLICATE KEY UPDATE id=id;
INSERT INTO actores (nombre) VALUES ('Radhika Chaudhari') ON DUPLICATE KEY UPDATE id=id;
INSERT INTO actores (nombre) VALUES ('Rizwan Manji') ON DUPLICATE KEY UPDATE id=id;
INSERT INTO actores (nombre) VALUES ('Kristin Brock') ON DUPLICATE KEY UPDATE id=id;
INSERT INTO actores (nombre) VALUES ('Tobit Raphael') ON DUPLICATE KEY UPDATE id=id;
INSERT INTO actores (nombre) VALUES ('Nicholas Logan') ON DUPLICATE KEY UPDATE id=id;
INSERT INTO actores (nombre) VALUES ('Mara Clark') ON DUPLICATE KEY UPDATE id=id;
INSERT INTO actores (nombre) VALUES ('Michael Keaton') ON DUPLICATE KEY UPDATE id=id;
INSERT INTO actores (nombre) VALUES ('Connie Nielsen') ON DUPLICATE KEY UPDATE id=id;
INSERT INTO actores (nombre) VALUES ('Mark Strong') ON DUPLICATE KEY UPDATE id=id;
INSERT INTO actores (nombre) VALUES ('Bruce Harwood') ON DUPLICATE KEY UPDATE id=id;
INSERT INTO actores (nombre) VALUES ('Johnny Galecki') ON DUPLICATE KEY UPDATE id=id;
INSERT INTO actores (nombre) VALUES ('Óscar Jaenada') ON DUPLICATE KEY UPDATE id=id;
INSERT INTO actores (nombre) VALUES ('Aasif Mandvi') ON DUPLICATE KEY UPDATE id=id;
INSERT INTO actores (nombre) VALUES ('Lupita Nyong''o') ON DUPLICATE KEY UPDATE id=id;
INSERT INTO actores (nombre) VALUES ('Amy Adams') ON DUPLICATE KEY UPDATE id=id;
INSERT INTO actores (nombre) VALUES ('Noah Emmerich') ON DUPLICATE KEY UPDATE id=id;
INSERT INTO actores (nombre) VALUES ('Jason Lee') ON DUPLICATE KEY UPDATE id=id;
INSERT INTO actores (nombre) VALUES ('Rebekah Staton') ON DUPLICATE KEY UPDATE id=id;
INSERT INTO actores (nombre) VALUES ('James Weber Brown') ON DUPLICATE KEY UPDATE id=id;
INSERT INTO actores (nombre) VALUES ('Geraldine James') ON DUPLICATE KEY UPDATE id=id;
INSERT INTO actores (nombre) VALUES ('Jeremy Irons') ON DUPLICATE KEY UPDATE id=id;
INSERT INTO actores (nombre) VALUES ('Ariana Neal') ON DUPLICATE KEY UPDATE id=id;
INSERT INTO actores (nombre) VALUES ('Will Forte') ON DUPLICATE KEY UPDATE id=id;
INSERT INTO actores (nombre) VALUES ('Miguel Herrán') ON DUPLICATE KEY UPDATE id=id;
INSERT INTO actores (nombre) VALUES ('Janelle Bailley') ON DUPLICATE KEY UPDATE id=id;
INSERT INTO actores (nombre) VALUES ('Casey Cott') ON DUPLICATE KEY UPDATE id=id;
INSERT INTO actores (nombre) VALUES ('Jogn matuszak') ON DUPLICATE KEY UPDATE id=id;
INSERT INTO actores (nombre) VALUES ('Lili Reinhart') ON DUPLICATE KEY UPDATE id=id;
INSERT INTO actores (nombre) VALUES ('Julee Cerda') ON DUPLICATE KEY UPDATE id=id;
INSERT INTO actores (nombre) VALUES ('Gary Sinise') ON DUPLICATE KEY UPDATE id=id;
INSERT INTO actores (nombre) VALUES ('R. H. Thomson') ON DUPLICATE KEY UPDATE id=id;
INSERT INTO actores (nombre) VALUES ('Lee Pace') ON DUPLICATE KEY UPDATE id=id;
INSERT INTO actores (nombre) VALUES ('Shamier Anderson') ON DUPLICATE KEY UPDATE id=id;
INSERT INTO actores (nombre) VALUES ('Virginia Kiser') ON DUPLICATE KEY UPDATE id=id;
INSERT INTO actores (nombre) VALUES ('Kevin Layne') ON DUPLICATE KEY UPDATE id=id;
INSERT INTO actores (nombre) VALUES ('Janelle Monáe') ON DUPLICATE KEY UPDATE id=id;
INSERT INTO actores (nombre) VALUES ('Kate Dickie') ON DUPLICATE KEY UPDATE id=id;
INSERT INTO actores (nombre) VALUES ('Scott Hunter') ON DUPLICATE KEY UPDATE id=id;
INSERT INTO actores (nombre) VALUES ('Gaten Matarazzo') ON DUPLICATE KEY UPDATE id=id;
INSERT INTO actores (nombre) VALUES ('Marianna Di Martino') ON DUPLICATE KEY UPDATE id=id;
INSERT INTO actores (nombre) VALUES ('Kristen Wiig') ON DUPLICATE KEY UPDATE id=id;
INSERT INTO actores (nombre) VALUES ('Anthony Rapp') ON DUPLICATE KEY UPDATE id=id;
INSERT INTO actores (nombre) VALUES ('Leonardo Nam') ON DUPLICATE KEY UPDATE id=id;
INSERT INTO actores (nombre) VALUES ('Gragam Linehan') ON DUPLICATE KEY UPDATE id=id;
INSERT INTO actores (nombre) VALUES ('Kerrie Hayes') ON DUPLICATE KEY UPDATE id=id;
INSERT INTO actores (nombre) VALUES ('Nicholas Hamilton') ON DUPLICATE KEY UPDATE id=id;
INSERT INTO actores (nombre) VALUES ('Emily Bayiokos') ON DUPLICATE KEY UPDATE id=id;
INSERT INTO actores (nombre) VALUES ('John Krasinski') ON DUPLICATE KEY UPDATE id=id;
INSERT INTO actores (nombre) VALUES ('Emily Berrington') ON DUPLICATE KEY UPDATE id=id;
INSERT INTO actores (nombre) VALUES ('Tiya Sircar') ON DUPLICATE KEY UPDATE id=id;
INSERT INTO actores (nombre) VALUES ('Janina Elkin') ON DUPLICATE KEY UPDATE id=id;
INSERT INTO actores (nombre) VALUES ('Andrew Garfield') ON DUPLICATE KEY UPDATE id=id;
INSERT INTO actores (nombre) VALUES ('Elliot Page') ON DUPLICATE KEY UPDATE id=id;
INSERT INTO actores (nombre) VALUES ('Lucy Carless') ON DUPLICATE KEY UPDATE id=id;
INSERT INTO actores (nombre) VALUES ('John Douglas Thompson') ON DUPLICATE KEY UPDATE id=id;
INSERT INTO actores (nombre) VALUES ('Chris Messina') ON DUPLICATE KEY UPDATE id=id;
INSERT INTO actores (nombre) VALUES ('Antonia Thomas') ON DUPLICATE KEY UPDATE id=id;
INSERT INTO actores (nombre) VALUES ('Callie Hernandez') ON DUPLICATE KEY UPDATE id=id;
INSERT INTO actores (nombre) VALUES ('Jesse Eisenberg') ON DUPLICATE KEY UPDATE id=id;
INSERT INTO actores (nombre) VALUES ('Jack MacGowran') ON DUPLICATE KEY UPDATE id=id;
INSERT INTO actores (nombre) VALUES ('Will Tudor') ON DUPLICATE KEY UPDATE id=id;
INSERT INTO actores (nombre) VALUES ('Sylvester Groth') ON DUPLICATE KEY UPDATE id=id;
INSERT INTO actores (nombre) VALUES ('Nicole Sullivan Christopher Knights') ON DUPLICATE KEY UPDATE id=id;
INSERT INTO actores (nombre) VALUES ('Michael Angarano') ON DUPLICATE KEY UPDATE id=id;
INSERT INTO actores (nombre) VALUES ('Ron Yuan') ON DUPLICATE KEY UPDATE id=id;
INSERT INTO actores (nombre) VALUES ('Finn Wolfhard') ON DUPLICATE KEY UPDATE id=id;
INSERT INTO actores (nombre) VALUES ('David Denman') ON DUPLICATE KEY UPDATE id=id;
INSERT INTO actores (nombre) VALUES ('Richard Schiff') ON DUPLICATE KEY UPDATE id=id;
INSERT INTO actores (nombre) VALUES ('Spike Jonze') ON DUPLICATE KEY UPDATE id=id;
INSERT INTO actores (nombre) VALUES ('Mary J. Blige') ON DUPLICATE KEY UPDATE id=id;
INSERT INTO actores (nombre) VALUES ('Ivanno Jeremiah') ON DUPLICATE KEY UPDATE id=id;
INSERT INTO actores (nombre) VALUES ('Michael Fassbender') ON DUPLICATE KEY UPDATE id=id;
INSERT INTO actores (nombre) VALUES ('Ben Stiller') ON DUPLICATE KEY UPDATE id=id;
INSERT INTO actores (nombre) VALUES ('Daniel Dae Kim') ON DUPLICATE KEY UPDATE id=id;
INSERT INTO actores (nombre) VALUES ('Martha Plimpton') ON DUPLICATE KEY UPDATE id=id;
INSERT INTO actores (nombre) VALUES ('Lucas Jade Zumann') ON DUPLICATE KEY UPDATE id=id;
INSERT INTO actores (nombre) VALUES ('Allen Leech') ON DUPLICATE KEY UPDATE id=id;
INSERT INTO actores (nombre) VALUES ('Andrew Crawford') ON DUPLICATE KEY UPDATE id=id;
INSERT INTO actores (nombre) VALUES ('Dwayne Johnson') ON DUPLICATE KEY UPDATE id=id;
INSERT INTO actores (nombre) VALUES ('Rami Malek') ON DUPLICATE KEY UPDATE id=id;
INSERT INTO actores (nombre) VALUES ('Georgie Glen') ON DUPLICATE KEY UPDATE id=id;
INSERT INTO actores (nombre) VALUES ('Regina King') ON DUPLICATE KEY UPDATE id=id;
INSERT INTO actores (nombre) VALUES ('Robert Downey Jr.') ON DUPLICATE KEY UPDATE id=id;
INSERT INTO actores (nombre) VALUES ('Ray Abruzzo') ON DUPLICATE KEY UPDATE id=id;
INSERT INTO actores (nombre) VALUES ('David Schwimmer') ON DUPLICATE KEY UPDATE id=id;
INSERT INTO actores (nombre) VALUES ('Airyon Bakare') ON DUPLICATE KEY UPDATE id=id;
INSERT INTO actores (nombre) VALUES ('AJ Michalka') ON DUPLICATE KEY UPDATE id=id;
INSERT INTO actores (nombre) VALUES ('Ioan Gruffudd') ON DUPLICATE KEY UPDATE id=id;
INSERT INTO actores (nombre) VALUES ('Kyle Chandler') ON DUPLICATE KEY UPDATE id=id;
INSERT INTO actores (nombre) VALUES ('Theo Stevenson') ON DUPLICATE KEY UPDATE id=id;
INSERT INTO actores (nombre) VALUES ('Gwilym Lee') ON DUPLICATE KEY UPDATE id=id;
INSERT INTO actores (nombre) VALUES ('Bokeem Woodbine') ON DUPLICATE KEY UPDATE id=id;
INSERT INTO actores (nombre) VALUES ('Dalila Bela') ON DUPLICATE KEY UPDATE id=id;
INSERT INTO actores (nombre) VALUES ('Paul Bettany') ON DUPLICATE KEY UPDATE id=id;
INSERT INTO actores (nombre) VALUES ('Amy Seimetz') ON DUPLICATE KEY UPDATE id=id;
INSERT INTO actores (nombre) VALUES ('Ned Bellamy') ON DUPLICATE KEY UPDATE id=id;
INSERT INTO actores (nombre) VALUES ('Theo James') ON DUPLICATE KEY UPDATE id=id;
INSERT INTO actores (nombre) VALUES ('Carmen Ejogo') ON DUPLICATE KEY UPDATE id=id;
INSERT INTO actores (nombre) VALUES ('Ryan Lee') ON DUPLICATE KEY UPDATE id=id;
INSERT INTO actores (nombre) VALUES ('JoBeth Williams') ON DUPLICATE KEY UPDATE id=id;
INSERT INTO actores (nombre) VALUES ('Mackenzie Davis') ON DUPLICATE KEY UPDATE id=id;
INSERT INTO actores (nombre) VALUES ('Jim Parsons') ON DUPLICATE KEY UPDATE id=id;
INSERT INTO actores (nombre) VALUES ('Sheila Shaw') ON DUPLICATE KEY UPDATE id=id;
INSERT INTO actores (nombre) VALUES ('Carel Struycken') ON DUPLICATE KEY UPDATE id=id;
INSERT INTO actores (nombre) VALUES ('Conchata Ferrel') ON DUPLICATE KEY UPDATE id=id;
INSERT INTO actores (nombre) VALUES ('Tom Binns') ON DUPLICATE KEY UPDATE id=id;
INSERT INTO actores (nombre) VALUES ('Claire Fox') ON DUPLICATE KEY UPDATE id=id;
INSERT INTO actores (nombre) VALUES ('William O''Malley') ON DUPLICATE KEY UPDATE id=id;
INSERT INTO actores (nombre) VALUES ('Caitriona Balfe') ON DUPLICATE KEY UPDATE id=id;
INSERT INTO actores (nombre) VALUES ('John DiMaggio') ON DUPLICATE KEY UPDATE id=id;
INSERT INTO actores (nombre) VALUES ('Rose Byrne') ON DUPLICATE KEY UPDATE id=id;
INSERT INTO actores (nombre) VALUES ('Sophie Turner') ON DUPLICATE KEY UPDATE id=id;
INSERT INTO actores (nombre) VALUES ('Shannon Woodward') ON DUPLICATE KEY UPDATE id=id;
INSERT INTO actores (nombre) VALUES ('Matt Damon') ON DUPLICATE KEY UPDATE id=id;
INSERT INTO actores (nombre) VALUES ('Julia Stiles') ON DUPLICATE KEY UPDATE id=id;
INSERT INTO actores (nombre) VALUES ('Ian McKellen') ON DUPLICATE KEY UPDATE id=id;
INSERT INTO actores (nombre) VALUES ('Izabella Alvarez') ON DUPLICATE KEY UPDATE id=id;
INSERT INTO actores (nombre) VALUES ('Daniel Stern') ON DUPLICATE KEY UPDATE id=id;
INSERT INTO actores (nombre) VALUES ('Macaulay Culkin') ON DUPLICATE KEY UPDATE id=id;
INSERT INTO actores (nombre) VALUES ('Irrfan Khan') ON DUPLICATE KEY UPDATE id=id;
INSERT INTO actores (nombre) VALUES ('Ben Miller') ON DUPLICATE KEY UPDATE id=id;
INSERT INTO actores (nombre) VALUES ('Lee Wilkof') ON DUPLICATE KEY UPDATE id=id;
INSERT INTO actores (nombre) VALUES ('Henry Czerny') ON DUPLICATE KEY UPDATE id=id;
INSERT INTO actores (nombre) VALUES ('Rafael Casal') ON DUPLICATE KEY UPDATE id=id;
INSERT INTO actores (nombre) VALUES ('Martin Casella') ON DUPLICATE KEY UPDATE id=id;
INSERT INTO actores (nombre) VALUES ('Tygh Runyan') ON DUPLICATE KEY UPDATE id=id;
INSERT INTO actores (nombre) VALUES ('Jamie Foxx') ON DUPLICATE KEY UPDATE id=id;
INSERT INTO actores (nombre) VALUES ('Nick Jonas') ON DUPLICATE KEY UPDATE id=id;
INSERT INTO actores (nombre) VALUES ('Toby Huss') ON DUPLICATE KEY UPDATE id=id;
INSERT INTO actores (nombre) VALUES ('Frances Conroy') ON DUPLICATE KEY UPDATE id=id;
INSERT INTO actores (nombre) VALUES ('Nina Bergman') ON DUPLICATE KEY UPDATE id=id;
INSERT INTO actores (nombre) VALUES ('Richard Rountree') ON DUPLICATE KEY UPDATE id=id;
INSERT INTO actores (nombre) VALUES ('C.C. Smiff') ON DUPLICATE KEY UPDATE id=id;
INSERT INTO actores (nombre) VALUES ('Anya Taylor-Joy') ON DUPLICATE KEY UPDATE id=id;
INSERT INTO actores (nombre) VALUES ('Patrick Wilson') ON DUPLICATE KEY UPDATE id=id;
INSERT INTO actores (nombre) VALUES ('Andrew Roux') ON DUPLICATE KEY UPDATE id=id;
INSERT INTO actores (nombre) VALUES ('Pedro Pascal') ON DUPLICATE KEY UPDATE id=id;
INSERT INTO actores (nombre) VALUES ('Rhona Mitra') ON DUPLICATE KEY UPDATE id=id;
INSERT INTO actores (nombre) VALUES ('Vincent D''Onofrio') ON DUPLICATE KEY UPDATE id=id;
INSERT INTO actores (nombre) VALUES ('James Lance') ON DUPLICATE KEY UPDATE id=id;
INSERT INTO actores (nombre) VALUES ('Angus T. Jones') ON DUPLICATE KEY UPDATE id=id;
INSERT INTO actores (nombre) VALUES ('Kim Raver') ON DUPLICATE KEY UPDATE id=id;
INSERT INTO actores (nombre) VALUES ('Angela Sarafyan') ON DUPLICATE KEY UPDATE id=id;
INSERT INTO actores (nombre) VALUES ('Sedona Legge') ON DUPLICATE KEY UPDATE id=id;
INSERT INTO actores (nombre) VALUES ('Dan Hedaya') ON DUPLICATE KEY UPDATE id=id;
INSERT INTO actores (nombre) VALUES ('Shia LaBeouf') ON DUPLICATE KEY UPDATE id=id;
INSERT INTO actores (nombre) VALUES ('Russell Crowe') ON DUPLICATE KEY UPDATE id=id;
INSERT INTO actores (nombre) VALUES ('Enrique Arce') ON DUPLICATE KEY UPDATE id=id;
INSERT INTO actores (nombre) VALUES ('Tyler Howitt') ON DUPLICATE KEY UPDATE id=id;
INSERT INTO actores (nombre) VALUES ('Karen Allen') ON DUPLICATE KEY UPDATE id=id;
INSERT INTO actores (nombre) VALUES ('Jim Broadbent') ON DUPLICATE KEY UPDATE id=id;
INSERT INTO actores (nombre) VALUES ('Jessica Szohr') ON DUPLICATE KEY UPDATE id=id;
INSERT INTO actores (nombre) VALUES ('Sean Astin') ON DUPLICATE KEY UPDATE id=id;
INSERT INTO actores (nombre) VALUES ('Joel Courtney') ON DUPLICATE KEY UPDATE id=id;
INSERT INTO actores (nombre) VALUES ('Dermot Mulroney') ON DUPLICATE KEY UPDATE id=id;
INSERT INTO actores (nombre) VALUES ('Bobby Cannavale') ON DUPLICATE KEY UPDATE id=id;
INSERT INTO actores (nombre) VALUES ('Michael C. Maronna') ON DUPLICATE KEY UPDATE id=id;
INSERT INTO actores (nombre) VALUES ('Guru Singh') ON DUPLICATE KEY UPDATE id=id;
INSERT INTO actores (nombre) VALUES ('Pete Postlethwaite') ON DUPLICATE KEY UPDATE id=id;
INSERT INTO actores (nombre) VALUES ('Paul Newman') ON DUPLICATE KEY UPDATE id=id;
INSERT INTO actores (nombre) VALUES ('Jessica Chastain') ON DUPLICATE KEY UPDATE id=id;
INSERT INTO actores (nombre) VALUES ('Matthew Modine') ON DUPLICATE KEY UPDATE id=id;
INSERT INTO actores (nombre) VALUES ('Alex Wolff') ON DUPLICATE KEY UPDATE id=id;
INSERT INTO actores (nombre) VALUES ('Rosie Perez') ON DUPLICATE KEY UPDATE id=id;
INSERT INTO actores (nombre) VALUES ('Stellan Skarsgård') ON DUPLICATE KEY UPDATE id=id;
INSERT INTO actores (nombre) VALUES ('Vincent Cassel') ON DUPLICATE KEY UPDATE id=id;
INSERT INTO actores (nombre) VALUES ('Riley Griffiths') ON DUPLICATE KEY UPDATE id=id;
INSERT INTO actores (nombre) VALUES ('Jessie Buckley') ON DUPLICATE KEY UPDATE id=id;
INSERT INTO actores (nombre) VALUES ('Elisabeth Hopper') ON DUPLICATE KEY UPDATE id=id;
INSERT INTO actores (nombre) VALUES ('Paul Lawrence Kitson') ON DUPLICATE KEY UPDATE id=id;
INSERT INTO actores (nombre) VALUES ('Joseph Mazzello') ON DUPLICATE KEY UPDATE id=id;
INSERT INTO actores (nombre) VALUES ('Greg Wise') ON DUPLICATE KEY UPDATE id=id;
INSERT INTO actores (nombre) VALUES ('Kitty Winn') ON DUPLICATE KEY UPDATE id=id;
INSERT INTO actores (nombre) VALUES ('Sarah Snook') ON DUPLICATE KEY UPDATE id=id;
INSERT INTO actores (nombre) VALUES ('Elizabeth Debicki') ON DUPLICATE KEY UPDATE id=id;
INSERT INTO actores (nombre) VALUES ('Blake Lively') ON DUPLICATE KEY UPDATE id=id;
INSERT INTO actores (nombre) VALUES ('Katherine Waterston') ON DUPLICATE KEY UPDATE id=id;
INSERT INTO actores (nombre) VALUES ('Tom Hopper') ON DUPLICATE KEY UPDATE id=id;
INSERT INTO actores (nombre) VALUES ('Jack Dylan') ON DUPLICATE KEY UPDATE id=id;
INSERT INTO actores (nombre) VALUES ('Scott Eastwood') ON DUPLICATE KEY UPDATE id=id;

    INSERT INTO contenido (id, titulo, categoria_id, resumen, temporadas, duracion, trailer)
    VALUES (3, 'The Mandalorian', (SELECT id FROM categorias WHERE nombre = 'Serie'), 'Ambientada tras la caída del Imperio y antes de la aparición de la Primera Orden, la Serie sigue los pasos de un pistolero solitario en las aventuras que protagoniza en los confines de la galaxia, donde no alcanza la autoridad de la Nueva República.', 
            '2', 'NULL', 'https://www.youtube.com/embed/aOC8E8z_ifw') 
    ON DUPLICATE KEY UPDATE titulo=titulo;

        INSERT INTO contenido_generos (contenido_id, genero_id)
        VALUES (3, (SELECT id FROM generos WHERE nombre = 'Sci-Fi')) 
        ON DUPLICATE KEY UPDATE contenido_id=contenido_id;

        INSERT INTO contenido_generos (contenido_id, genero_id)
        VALUES (3, (SELECT id FROM generos WHERE nombre = 'Fantasía')) 
        ON DUPLICATE KEY UPDATE contenido_id=contenido_id;

        INSERT INTO contenido_generos (contenido_id, genero_id)
        VALUES (3, (SELECT id FROM generos WHERE nombre = 'Acción')) 
        ON DUPLICATE KEY UPDATE contenido_id=contenido_id;

        INSERT INTO contenido_actores (contenido_id, actor_id)
        VALUES (3, (SELECT id FROM actores WHERE nombre = 'Pedro Pascal')) 
        ON DUPLICATE KEY UPDATE contenido_id=contenido_id;

        INSERT INTO contenido_actores (contenido_id, actor_id)
        VALUES (3, (SELECT id FROM actores WHERE nombre = 'Carl Weathers')) 
        ON DUPLICATE KEY UPDATE contenido_id=contenido_id;

        INSERT INTO contenido_actores (contenido_id, actor_id)
        VALUES (3, (SELECT id FROM actores WHERE nombre = 'Misty Rosas')) 
        ON DUPLICATE KEY UPDATE contenido_id=contenido_id;

        INSERT INTO contenido_actores (contenido_id, actor_id)
        VALUES (3, (SELECT id FROM actores WHERE nombre = 'Chris Bartlett')) 
        ON DUPLICATE KEY UPDATE contenido_id=contenido_id;

        INSERT INTO contenido_actores (contenido_id, actor_id)
        VALUES (3, (SELECT id FROM actores WHERE nombre = 'Rio Hackford')) 
        ON DUPLICATE KEY UPDATE contenido_id=contenido_id;

        INSERT INTO contenido_actores (contenido_id, actor_id)
        VALUES (3, (SELECT id FROM actores WHERE nombre = 'Giancarlo Esposito')) 
        ON DUPLICATE KEY UPDATE contenido_id=contenido_id;

    INSERT INTO contenido (id, titulo, categoria_id, resumen, temporadas, duracion, trailer)
    VALUES (4, 'The Umbrella Academy', (SELECT id FROM categorias WHERE nombre = 'Serie'), 'La muerte de su padre reúne a unos hermanos distanciados y con extraordinarios poderes que descubren impactantes secretos y una amenaza que se cierne sobre la humanidad.', 
            '1', 'NULL', 'https://www.youtube.com/embed/KHucKOK-Vik') 
    ON DUPLICATE KEY UPDATE titulo=titulo;

        INSERT INTO contenido_generos (contenido_id, genero_id)
        VALUES (4, (SELECT id FROM generos WHERE nombre = 'Sci-Fi')) 
        ON DUPLICATE KEY UPDATE contenido_id=contenido_id;

        INSERT INTO contenido_generos (contenido_id, genero_id)
        VALUES (4, (SELECT id FROM generos WHERE nombre = 'Fantasía')) 
        ON DUPLICATE KEY UPDATE contenido_id=contenido_id;

        INSERT INTO contenido_generos (contenido_id, genero_id)
        VALUES (4, (SELECT id FROM generos WHERE nombre = 'Drama')) 
        ON DUPLICATE KEY UPDATE contenido_id=contenido_id;

        INSERT INTO contenido_actores (contenido_id, actor_id)
        VALUES (4, (SELECT id FROM actores WHERE nombre = 'Tom Hopper')) 
        ON DUPLICATE KEY UPDATE contenido_id=contenido_id;

        INSERT INTO contenido_actores (contenido_id, actor_id)
        VALUES (4, (SELECT id FROM actores WHERE nombre = 'David Castañeda')) 
        ON DUPLICATE KEY UPDATE contenido_id=contenido_id;

        INSERT INTO contenido_actores (contenido_id, actor_id)
        VALUES (4, (SELECT id FROM actores WHERE nombre = 'Emmy Raver-Lampman')) 
        ON DUPLICATE KEY UPDATE contenido_id=contenido_id;

        INSERT INTO contenido_actores (contenido_id, actor_id)
        VALUES (4, (SELECT id FROM actores WHERE nombre = 'Robert Sheehan')) 
        ON DUPLICATE KEY UPDATE contenido_id=contenido_id;

        INSERT INTO contenido_actores (contenido_id, actor_id)
        VALUES (4, (SELECT id FROM actores WHERE nombre = 'Aidan Gallagher')) 
        ON DUPLICATE KEY UPDATE contenido_id=contenido_id;

        INSERT INTO contenido_actores (contenido_id, actor_id)
        VALUES (4, (SELECT id FROM actores WHERE nombre = 'Elliot Page')) 
        ON DUPLICATE KEY UPDATE contenido_id=contenido_id;

    INSERT INTO contenido (id, titulo, categoria_id, resumen, temporadas, duracion, trailer)
    VALUES (5, 'Gambito de Dama', (SELECT id FROM categorias WHERE nombre = 'Serie'), 'En los cincuenta, una joven de un orfanato descubre que tiene un increíble don para el ajedrez y recorre el arduo camino a la fama mientras lucha contra las adicciones.', 
            '1', 'NULL', 'https://www.youtube.com/embed/lbleRbyGKL4') 
    ON DUPLICATE KEY UPDATE titulo=titulo;

        INSERT INTO contenido_generos (contenido_id, genero_id)
        VALUES (5, (SELECT id FROM generos WHERE nombre = 'Drama')) 
        ON DUPLICATE KEY UPDATE contenido_id=contenido_id;

        INSERT INTO contenido_generos (contenido_id, genero_id)
        VALUES (5, (SELECT id FROM generos WHERE nombre = 'Ficción')) 
        ON DUPLICATE KEY UPDATE contenido_id=contenido_id;

        INSERT INTO contenido_generos (contenido_id, genero_id)
        VALUES (5, (SELECT id FROM generos WHERE nombre = 'Sucesos')) 
        ON DUPLICATE KEY UPDATE contenido_id=contenido_id;

        INSERT INTO contenido_actores (contenido_id, actor_id)
        VALUES (5, (SELECT id FROM actores WHERE nombre = 'Anya Taylor-Joy')) 
        ON DUPLICATE KEY UPDATE contenido_id=contenido_id;

        INSERT INTO contenido_actores (contenido_id, actor_id)
        VALUES (5, (SELECT id FROM actores WHERE nombre = 'Thomas Brodie-Sangster')) 
        ON DUPLICATE KEY UPDATE contenido_id=contenido_id;

        INSERT INTO contenido_actores (contenido_id, actor_id)
        VALUES (5, (SELECT id FROM actores WHERE nombre = 'Harry Melling')) 
        ON DUPLICATE KEY UPDATE contenido_id=contenido_id;

        INSERT INTO contenido_actores (contenido_id, actor_id)
        VALUES (5, (SELECT id FROM actores WHERE nombre = 'Moses Ingram')) 
        ON DUPLICATE KEY UPDATE contenido_id=contenido_id;

        INSERT INTO contenido_actores (contenido_id, actor_id)
        VALUES (5, (SELECT id FROM actores WHERE nombre = 'Chloe Pirrie')) 
        ON DUPLICATE KEY UPDATE contenido_id=contenido_id;

        INSERT INTO contenido_actores (contenido_id, actor_id)
        VALUES (5, (SELECT id FROM actores WHERE nombre = 'Janina Elkin')) 
        ON DUPLICATE KEY UPDATE contenido_id=contenido_id;

    INSERT INTO contenido (id, titulo, categoria_id, resumen, temporadas, duracion, trailer)
    VALUES (2, 'Riverdale', (SELECT id FROM categorias WHERE nombre = 'Serie'), 'El paso a la edad adulta incluye sexo, romance, escuela y familia. Para Archie y sus amigos, también hay misterios oscuros.', 
            '5', 'NULL', 'https://www.youtube.com/embed/HxtLlByaYTc') 
    ON DUPLICATE KEY UPDATE titulo=titulo;

        INSERT INTO contenido_generos (contenido_id, genero_id)
        VALUES (2, (SELECT id FROM generos WHERE nombre = 'Drama')) 
        ON DUPLICATE KEY UPDATE contenido_id=contenido_id;

        INSERT INTO contenido_generos (contenido_id, genero_id)
        VALUES (2, (SELECT id FROM generos WHERE nombre = 'Misterio')) 
        ON DUPLICATE KEY UPDATE contenido_id=contenido_id;

        INSERT INTO contenido_generos (contenido_id, genero_id)
        VALUES (2, (SELECT id FROM generos WHERE nombre = 'Ficción')) 
        ON DUPLICATE KEY UPDATE contenido_id=contenido_id;

        INSERT INTO contenido_actores (contenido_id, actor_id)
        VALUES (2, (SELECT id FROM actores WHERE nombre = 'Lili Reinhart')) 
        ON DUPLICATE KEY UPDATE contenido_id=contenido_id;

        INSERT INTO contenido_actores (contenido_id, actor_id)
        VALUES (2, (SELECT id FROM actores WHERE nombre = 'Casey Cott')) 
        ON DUPLICATE KEY UPDATE contenido_id=contenido_id;

        INSERT INTO contenido_actores (contenido_id, actor_id)
        VALUES (2, (SELECT id FROM actores WHERE nombre = 'Camila Mendes')) 
        ON DUPLICATE KEY UPDATE contenido_id=contenido_id;

        INSERT INTO contenido_actores (contenido_id, actor_id)
        VALUES (2, (SELECT id FROM actores WHERE nombre = 'Marisol Nichols')) 
        ON DUPLICATE KEY UPDATE contenido_id=contenido_id;

        INSERT INTO contenido_actores (contenido_id, actor_id)
        VALUES (2, (SELECT id FROM actores WHERE nombre = 'Madelaine Petsch')) 
        ON DUPLICATE KEY UPDATE contenido_id=contenido_id;

        INSERT INTO contenido_actores (contenido_id, actor_id)
        VALUES (2, (SELECT id FROM actores WHERE nombre = 'Mädchen Amick')) 
        ON DUPLICATE KEY UPDATE contenido_id=contenido_id;

    INSERT INTO contenido (id, titulo, categoria_id, resumen, temporadas, duracion, trailer)
    VALUES (1, 'The Crown', (SELECT id FROM categorias WHERE nombre = 'Serie'), 'Este drama narra las rivalidades políticas y el romance de la reina Isabel II, así como los sucesos que moldearon la segunda mitad del siglo XX.', 
            '4', 'NULL', 'https://www.youtube.com/embed/JWtnJjn6ng0') 
    ON DUPLICATE KEY UPDATE titulo=titulo;

        INSERT INTO contenido_generos (contenido_id, genero_id)
        VALUES (1, (SELECT id FROM generos WHERE nombre = 'Drama')) 
        ON DUPLICATE KEY UPDATE contenido_id=contenido_id;

        INSERT INTO contenido_generos (contenido_id, genero_id)
        VALUES (1, (SELECT id FROM generos WHERE nombre = 'Suceso Real')) 
        ON DUPLICATE KEY UPDATE contenido_id=contenido_id;

        INSERT INTO contenido_actores (contenido_id, actor_id)
        VALUES (1, (SELECT id FROM actores WHERE nombre = 'Claire Fox')) 
        ON DUPLICATE KEY UPDATE contenido_id=contenido_id;

        INSERT INTO contenido_actores (contenido_id, actor_id)
        VALUES (1, (SELECT id FROM actores WHERE nombre = 'Olivia Colman')) 
        ON DUPLICATE KEY UPDATE contenido_id=contenido_id;

        INSERT INTO contenido_actores (contenido_id, actor_id)
        VALUES (1, (SELECT id FROM actores WHERE nombre = 'Matt Smith')) 
        ON DUPLICATE KEY UPDATE contenido_id=contenido_id;

        INSERT INTO contenido_actores (contenido_id, actor_id)
        VALUES (1, (SELECT id FROM actores WHERE nombre = 'Tobias Menzies')) 
        ON DUPLICATE KEY UPDATE contenido_id=contenido_id;

        INSERT INTO contenido_actores (contenido_id, actor_id)
        VALUES (1, (SELECT id FROM actores WHERE nombre = 'Vanesa Kirby')) 
        ON DUPLICATE KEY UPDATE contenido_id=contenido_id;

        INSERT INTO contenido_actores (contenido_id, actor_id)
        VALUES (1, (SELECT id FROM actores WHERE nombre = 'Helena Bonham Carter')) 
        ON DUPLICATE KEY UPDATE contenido_id=contenido_id;

    INSERT INTO contenido (id, titulo, categoria_id, resumen, temporadas, duracion, trailer)
    VALUES (6, 'Enola Holmes', (SELECT id FROM categorias WHERE nombre = 'Película'), 'La hermana menor de Sherlock, descubre que su madre ha desaparecido y se dispone a encontrarla. En su búsqueda, saca a relucir el sabueso que corre por sus venas y se encuentra con una conspiración que gira en torno a un misterioso lord, demostrando que su ilustre hermano no es el único talento en la familia.', 
            'N/A', '97 minutos', 'https://www.youtube.com/embed/3t1g2pa355k') 
    ON DUPLICATE KEY UPDATE titulo=titulo;

        INSERT INTO contenido_generos (contenido_id, genero_id)
        VALUES (6, (SELECT id FROM generos WHERE nombre = 'Ficción')) 
        ON DUPLICATE KEY UPDATE contenido_id=contenido_id;

        INSERT INTO contenido_generos (contenido_id, genero_id)
        VALUES (6, (SELECT id FROM generos WHERE nombre = 'Drama')) 
        ON DUPLICATE KEY UPDATE contenido_id=contenido_id;

        INSERT INTO contenido_generos (contenido_id, genero_id)
        VALUES (6, (SELECT id FROM generos WHERE nombre = 'Misterio')) 
        ON DUPLICATE KEY UPDATE contenido_id=contenido_id;

        INSERT INTO contenido_actores (contenido_id, actor_id)
        VALUES (6, (SELECT id FROM actores WHERE nombre = 'Millie Bobby Brown')) 
        ON DUPLICATE KEY UPDATE contenido_id=contenido_id;

        INSERT INTO contenido_actores (contenido_id, actor_id)
        VALUES (6, (SELECT id FROM actores WHERE nombre = 'Henry Cavill')) 
        ON DUPLICATE KEY UPDATE contenido_id=contenido_id;

        INSERT INTO contenido_actores (contenido_id, actor_id)
        VALUES (6, (SELECT id FROM actores WHERE nombre = 'Sam Claflin')) 
        ON DUPLICATE KEY UPDATE contenido_id=contenido_id;

        INSERT INTO contenido_actores (contenido_id, actor_id)
        VALUES (6, (SELECT id FROM actores WHERE nombre = 'Helena Bonham Carter')) 
        ON DUPLICATE KEY UPDATE contenido_id=contenido_id;

        INSERT INTO contenido_actores (contenido_id, actor_id)
        VALUES (6, (SELECT id FROM actores WHERE nombre = 'Louis Partridge')) 
        ON DUPLICATE KEY UPDATE contenido_id=contenido_id;

        INSERT INTO contenido_actores (contenido_id, actor_id)
        VALUES (6, (SELECT id FROM actores WHERE nombre = 'Adeel Akhtar')) 
        ON DUPLICATE KEY UPDATE contenido_id=contenido_id;

    INSERT INTO contenido (id, titulo, categoria_id, resumen, temporadas, duracion, trailer)
    VALUES (7, 'Guasón', (SELECT id FROM categorias WHERE nombre = 'Película'), 'Arthur Fleck (Phoenix) es un hombre ignorado por la sociedad, cuya motivación en la vida es hacer reír. Pero una Serie de trágicos acontecimientos le llevarán a ver el mundo de otra forma. Película basada en el popular personaje de DC Comics Joker, conocido como archivillano de Batman, pero que en este film tomará un cariz más realista y oscuro.', 
            'N/A', '97 minutos', 'https://www.youtube.com/embed/zAGVQLHvwOY') 
    ON DUPLICATE KEY UPDATE titulo=titulo;

        INSERT INTO contenido_generos (contenido_id, genero_id)
        VALUES (7, (SELECT id FROM generos WHERE nombre = 'Crimen')) 
        ON DUPLICATE KEY UPDATE contenido_id=contenido_id;

        INSERT INTO contenido_generos (contenido_id, genero_id)
        VALUES (7, (SELECT id FROM generos WHERE nombre = 'Suspenso')) 
        ON DUPLICATE KEY UPDATE contenido_id=contenido_id;

        INSERT INTO contenido_actores (contenido_id, actor_id)
        VALUES (7, (SELECT id FROM actores WHERE nombre = 'Joaquin Phoenix')) 
        ON DUPLICATE KEY UPDATE contenido_id=contenido_id;

        INSERT INTO contenido_actores (contenido_id, actor_id)
        VALUES (7, (SELECT id FROM actores WHERE nombre = 'Robert De Niro')) 
        ON DUPLICATE KEY UPDATE contenido_id=contenido_id;

        INSERT INTO contenido_actores (contenido_id, actor_id)
        VALUES (7, (SELECT id FROM actores WHERE nombre = 'Zazie Beetz')) 
        ON DUPLICATE KEY UPDATE contenido_id=contenido_id;

        INSERT INTO contenido_actores (contenido_id, actor_id)
        VALUES (7, (SELECT id FROM actores WHERE nombre = 'Frances Conroy')) 
        ON DUPLICATE KEY UPDATE contenido_id=contenido_id;

        INSERT INTO contenido_actores (contenido_id, actor_id)
        VALUES (7, (SELECT id FROM actores WHERE nombre = 'Brett Cullen')) 
        ON DUPLICATE KEY UPDATE contenido_id=contenido_id;

        INSERT INTO contenido_actores (contenido_id, actor_id)
        VALUES (7, (SELECT id FROM actores WHERE nombre = 'Shea Whigham')) 
        ON DUPLICATE KEY UPDATE contenido_id=contenido_id;

    INSERT INTO contenido (id, titulo, categoria_id, resumen, temporadas, duracion, trailer)
    VALUES (8, 'Avengers: End Game', (SELECT id FROM categorias WHERE nombre = 'Película'), 'Después de los devastadores eventos de los Vengadores: Infinity War (2018), el universo está en ruinas. Con la ayuda de los aliados restantes, los Vengadores se reúnen una vez más para revertir las acciones de Thanos y restaurar el equilibrio del universo.', 
            'N/A', '97 minutos', 'https://www.youtube.com/embed/TcMBFSGVi1c') 
    ON DUPLICATE KEY UPDATE titulo=titulo;

        INSERT INTO contenido_generos (contenido_id, genero_id)
        VALUES (8, (SELECT id FROM generos WHERE nombre = 'Aventura')) 
        ON DUPLICATE KEY UPDATE contenido_id=contenido_id;

        INSERT INTO contenido_generos (contenido_id, genero_id)
        VALUES (8, (SELECT id FROM generos WHERE nombre = 'Sci-Fi')) 
        ON DUPLICATE KEY UPDATE contenido_id=contenido_id;

        INSERT INTO contenido_generos (contenido_id, genero_id)
        VALUES (8, (SELECT id FROM generos WHERE nombre = 'Acción')) 
        ON DUPLICATE KEY UPDATE contenido_id=contenido_id;

        INSERT INTO contenido_actores (contenido_id, actor_id)
        VALUES (8, (SELECT id FROM actores WHERE nombre = 'Robert Downey Jr.')) 
        ON DUPLICATE KEY UPDATE contenido_id=contenido_id;

        INSERT INTO contenido_actores (contenido_id, actor_id)
        VALUES (8, (SELECT id FROM actores WHERE nombre = 'Chris Evans')) 
        ON DUPLICATE KEY UPDATE contenido_id=contenido_id;

        INSERT INTO contenido_actores (contenido_id, actor_id)
        VALUES (8, (SELECT id FROM actores WHERE nombre = 'Mark Ruffalo')) 
        ON DUPLICATE KEY UPDATE contenido_id=contenido_id;

        INSERT INTO contenido_actores (contenido_id, actor_id)
        VALUES (8, (SELECT id FROM actores WHERE nombre = 'Chris Hemsworth')) 
        ON DUPLICATE KEY UPDATE contenido_id=contenido_id;

        INSERT INTO contenido_actores (contenido_id, actor_id)
        VALUES (8, (SELECT id FROM actores WHERE nombre = 'Scarlett Johansson')) 
        ON DUPLICATE KEY UPDATE contenido_id=contenido_id;

        INSERT INTO contenido_actores (contenido_id, actor_id)
        VALUES (8, (SELECT id FROM actores WHERE nombre = 'Jeremy Renner')) 
        ON DUPLICATE KEY UPDATE contenido_id=contenido_id;

    INSERT INTO contenido (id, titulo, categoria_id, resumen, temporadas, duracion, trailer)
    VALUES (9, 'Juego de tronos', (SELECT id FROM categorias WHERE nombre = 'Serie'), 'En un mundo fantástico y en un contexto medieval varias familias, relativas a la nobleza, se disputan el poder para dominar el territorio ficticio de Poniente (Westeros) y tomar el control de los Siete Reinos desde el Trono de Hierro, lugar donde el rey ejerce el poder.', 
            '8', 'NULL', 'https://www.youtube.com/embed/KPLWWIOCOOQ') 
    ON DUPLICATE KEY UPDATE titulo=titulo;

        INSERT INTO contenido_generos (contenido_id, genero_id)
        VALUES (9, (SELECT id FROM generos WHERE nombre = 'Aventura')) 
        ON DUPLICATE KEY UPDATE contenido_id=contenido_id;

        INSERT INTO contenido_generos (contenido_id, genero_id)
        VALUES (9, (SELECT id FROM generos WHERE nombre = 'Fantasía')) 
        ON DUPLICATE KEY UPDATE contenido_id=contenido_id;

        INSERT INTO contenido_generos (contenido_id, genero_id)
        VALUES (9, (SELECT id FROM generos WHERE nombre = 'Drama')) 
        ON DUPLICATE KEY UPDATE contenido_id=contenido_id;

        INSERT INTO contenido_actores (contenido_id, actor_id)
        VALUES (9, (SELECT id FROM actores WHERE nombre = 'Emilia Clarke')) 
        ON DUPLICATE KEY UPDATE contenido_id=contenido_id;

        INSERT INTO contenido_actores (contenido_id, actor_id)
        VALUES (9, (SELECT id FROM actores WHERE nombre = 'Lena Headey')) 
        ON DUPLICATE KEY UPDATE contenido_id=contenido_id;

        INSERT INTO contenido_actores (contenido_id, actor_id)
        VALUES (9, (SELECT id FROM actores WHERE nombre = 'Sophie Turner')) 
        ON DUPLICATE KEY UPDATE contenido_id=contenido_id;

        INSERT INTO contenido_actores (contenido_id, actor_id)
        VALUES (9, (SELECT id FROM actores WHERE nombre = 'Kit Harington')) 
        ON DUPLICATE KEY UPDATE contenido_id=contenido_id;

        INSERT INTO contenido_actores (contenido_id, actor_id)
        VALUES (9, (SELECT id FROM actores WHERE nombre = 'Peter Dinklage')) 
        ON DUPLICATE KEY UPDATE contenido_id=contenido_id;

        INSERT INTO contenido_actores (contenido_id, actor_id)
        VALUES (9, (SELECT id FROM actores WHERE nombre = 'Nikolaj Coster-Waldau')) 
        ON DUPLICATE KEY UPDATE contenido_id=contenido_id;

    INSERT INTO contenido (id, titulo, categoria_id, resumen, temporadas, duracion, trailer)
    VALUES (10, 'The Flash', (SELECT id FROM categorias WHERE nombre = 'Serie'), 'Sigue las veloces aventuras de Barry Allen, un joven común y corriente con el deseo latente de ayudar a los demás. Cuando una inesperada partícula aceleradora golpea por accidente a Barry, de pronto se encuentra cargado de un increíble poder para moverse a increíbles velocidades. Mientras Barry siempre ha tenido el alma de un héroe, sus nuevos poderes le han dado la capacidad de actuar como tal.', 
            '6', 'NULL', 'https://www.youtube.com/embed/Yj0l7iGKh8g') 
    ON DUPLICATE KEY UPDATE titulo=titulo;

        INSERT INTO contenido_generos (contenido_id, genero_id)
        VALUES (10, (SELECT id FROM generos WHERE nombre = 'Sci-Fi')) 
        ON DUPLICATE KEY UPDATE contenido_id=contenido_id;

        INSERT INTO contenido_generos (contenido_id, genero_id)
        VALUES (10, (SELECT id FROM generos WHERE nombre = 'Fantasía')) 
        ON DUPLICATE KEY UPDATE contenido_id=contenido_id;

        INSERT INTO contenido_generos (contenido_id, genero_id)
        VALUES (10, (SELECT id FROM generos WHERE nombre = 'Acción')) 
        ON DUPLICATE KEY UPDATE contenido_id=contenido_id;

        INSERT INTO contenido_actores (contenido_id, actor_id)
        VALUES (10, (SELECT id FROM actores WHERE nombre = 'Grant Gustin')) 
        ON DUPLICATE KEY UPDATE contenido_id=contenido_id;

        INSERT INTO contenido_actores (contenido_id, actor_id)
        VALUES (10, (SELECT id FROM actores WHERE nombre = 'Carlos Valdes')) 
        ON DUPLICATE KEY UPDATE contenido_id=contenido_id;

        INSERT INTO contenido_actores (contenido_id, actor_id)
        VALUES (10, (SELECT id FROM actores WHERE nombre = 'Danielle Panabaker')) 
        ON DUPLICATE KEY UPDATE contenido_id=contenido_id;

        INSERT INTO contenido_actores (contenido_id, actor_id)
        VALUES (10, (SELECT id FROM actores WHERE nombre = 'Candice Patton')) 
        ON DUPLICATE KEY UPDATE contenido_id=contenido_id;

        INSERT INTO contenido_actores (contenido_id, actor_id)
        VALUES (10, (SELECT id FROM actores WHERE nombre = 'Jesse L. Martin')) 
        ON DUPLICATE KEY UPDATE contenido_id=contenido_id;

        INSERT INTO contenido_actores (contenido_id, actor_id)
        VALUES (10, (SELECT id FROM actores WHERE nombre = 'Tom Cavanagh')) 
        ON DUPLICATE KEY UPDATE contenido_id=contenido_id;

    INSERT INTO contenido (id, titulo, categoria_id, resumen, temporadas, duracion, trailer)
    VALUES (11, 'The Big Bang Theory', (SELECT id FROM categorias WHERE nombre = 'Serie'), 'Leonard y Sheldon son dos físicos que comparten trabajo y apartamento. La Serie comienza con la mudanza de Penny, su nueva y atractiva vecina, y hace hincapié en la dificultad de los físicos para relacionarse con personas fuera de su entorno para dar lugar a situaciones cómicas.', 
            '12', 'NULL', 'https://www.youtube.com/embed/WBb3fojgW0Q') 
    ON DUPLICATE KEY UPDATE titulo=titulo;

        INSERT INTO contenido_generos (contenido_id, genero_id)
        VALUES (11, (SELECT id FROM generos WHERE nombre = 'Comedia')) 
        ON DUPLICATE KEY UPDATE contenido_id=contenido_id;

        INSERT INTO contenido_generos (contenido_id, genero_id)
        VALUES (11, (SELECT id FROM generos WHERE nombre = 'Fantasía')) 
        ON DUPLICATE KEY UPDATE contenido_id=contenido_id;

        INSERT INTO contenido_generos (contenido_id, genero_id)
        VALUES (11, (SELECT id FROM generos WHERE nombre = 'Ficción')) 
        ON DUPLICATE KEY UPDATE contenido_id=contenido_id;

        INSERT INTO contenido_actores (contenido_id, actor_id)
        VALUES (11, (SELECT id FROM actores WHERE nombre = 'Jim Parsons')) 
        ON DUPLICATE KEY UPDATE contenido_id=contenido_id;

        INSERT INTO contenido_actores (contenido_id, actor_id)
        VALUES (11, (SELECT id FROM actores WHERE nombre = 'Johnny Galecki')) 
        ON DUPLICATE KEY UPDATE contenido_id=contenido_id;

        INSERT INTO contenido_actores (contenido_id, actor_id)
        VALUES (11, (SELECT id FROM actores WHERE nombre = 'Kaley Cuoco')) 
        ON DUPLICATE KEY UPDATE contenido_id=contenido_id;

        INSERT INTO contenido_actores (contenido_id, actor_id)
        VALUES (11, (SELECT id FROM actores WHERE nombre = 'Simon Helberg')) 
        ON DUPLICATE KEY UPDATE contenido_id=contenido_id;

        INSERT INTO contenido_actores (contenido_id, actor_id)
        VALUES (11, (SELECT id FROM actores WHERE nombre = 'Kunal Nayyar')) 
        ON DUPLICATE KEY UPDATE contenido_id=contenido_id;

        INSERT INTO contenido_actores (contenido_id, actor_id)
        VALUES (11, (SELECT id FROM actores WHERE nombre = 'Melissa Rauch')) 
        ON DUPLICATE KEY UPDATE contenido_id=contenido_id;

        INSERT INTO contenido_actores (contenido_id, actor_id)
        VALUES (11, (SELECT id FROM actores WHERE nombre = 'Mayim Bialik')) 
        ON DUPLICATE KEY UPDATE contenido_id=contenido_id;

    INSERT INTO contenido (id, titulo, categoria_id, resumen, temporadas, duracion, trailer)
    VALUES (12, 'Friends', (SELECT id FROM categorias WHERE nombre = 'Serie'), '''Friends'' narra las aventuras y desventuras de seis jóvenes de Nueva York: Rachel, Monica, Phoebe, Ross, Chandler y Joey. Ellos forman una unida pandilla de amigos que viven en Manhattan y que suelen reunirse en sus apartamentos o en su bar habitual cafetería, el Central Perk. A pesar de los numerosos cambios que se producen en sus vidas, su amistad es inquebrantable en la dura batalla por salir adelante en sus periplos profesionales y personales.', 
            '10', 'NULL', 'https://www.youtube.com/embed/ekYGfU0XIx0') 
    ON DUPLICATE KEY UPDATE titulo=titulo;

        INSERT INTO contenido_generos (contenido_id, genero_id)
        VALUES (12, (SELECT id FROM generos WHERE nombre = 'Comedia')) 
        ON DUPLICATE KEY UPDATE contenido_id=contenido_id;

        INSERT INTO contenido_generos (contenido_id, genero_id)
        VALUES (12, (SELECT id FROM generos WHERE nombre = 'Familia')) 
        ON DUPLICATE KEY UPDATE contenido_id=contenido_id;

        INSERT INTO contenido_generos (contenido_id, genero_id)
        VALUES (12, (SELECT id FROM generos WHERE nombre = 'Drama')) 
        ON DUPLICATE KEY UPDATE contenido_id=contenido_id;

        INSERT INTO contenido_actores (contenido_id, actor_id)
        VALUES (12, (SELECT id FROM actores WHERE nombre = 'Jennifer Aniston')) 
        ON DUPLICATE KEY UPDATE contenido_id=contenido_id;

        INSERT INTO contenido_actores (contenido_id, actor_id)
        VALUES (12, (SELECT id FROM actores WHERE nombre = 'Courteney Cox')) 
        ON DUPLICATE KEY UPDATE contenido_id=contenido_id;

        INSERT INTO contenido_actores (contenido_id, actor_id)
        VALUES (12, (SELECT id FROM actores WHERE nombre = 'Lisa Kudrow')) 
        ON DUPLICATE KEY UPDATE contenido_id=contenido_id;

        INSERT INTO contenido_actores (contenido_id, actor_id)
        VALUES (12, (SELECT id FROM actores WHERE nombre = 'David Schwimmer')) 
        ON DUPLICATE KEY UPDATE contenido_id=contenido_id;

        INSERT INTO contenido_actores (contenido_id, actor_id)
        VALUES (12, (SELECT id FROM actores WHERE nombre = 'Matthew Perry')) 
        ON DUPLICATE KEY UPDATE contenido_id=contenido_id;

        INSERT INTO contenido_actores (contenido_id, actor_id)
        VALUES (12, (SELECT id FROM actores WHERE nombre = 'Matt LeBlanc')) 
        ON DUPLICATE KEY UPDATE contenido_id=contenido_id;

    INSERT INTO contenido (id, titulo, categoria_id, resumen, temporadas, duracion, trailer)
    VALUES (13, 'Anne with an ''E''', (SELECT id FROM categorias WHERE nombre = 'Serie'), 'Anne Shirley es una niña huérfana que vive en un pequeño pueblo llamado Avonlea que pertenece a la Isla del Príncipe Eduardo, en el año 1890. Después de una infancia difícil, donde fue pasando de orfanato a hogares de acogida, es enviada por error a vivir con una solterona y su hermano. Cuando cumple 13 años, Anne va a conseguir transformar su vida y el pequeño pueblo donde vive gracias a su fuerte personalidad, intelecto e imaginación. Basada en la inolvidable novela.', 
            '2', 'NULL', 'https://www.youtube.com/embed/M4T-_aB8smU') 
    ON DUPLICATE KEY UPDATE titulo=titulo;

        INSERT INTO contenido_generos (contenido_id, genero_id)
        VALUES (13, (SELECT id FROM generos WHERE nombre = 'Drama')) 
        ON DUPLICATE KEY UPDATE contenido_id=contenido_id;

        INSERT INTO contenido_generos (contenido_id, genero_id)
        VALUES (13, (SELECT id FROM generos WHERE nombre = 'Familia')) 
        ON DUPLICATE KEY UPDATE contenido_id=contenido_id;

        INSERT INTO contenido_generos (contenido_id, genero_id)
        VALUES (13, (SELECT id FROM generos WHERE nombre = 'Western')) 
        ON DUPLICATE KEY UPDATE contenido_id=contenido_id;

        INSERT INTO contenido_actores (contenido_id, actor_id)
        VALUES (13, (SELECT id FROM actores WHERE nombre = 'Amybeth McNulty')) 
        ON DUPLICATE KEY UPDATE contenido_id=contenido_id;

        INSERT INTO contenido_actores (contenido_id, actor_id)
        VALUES (13, (SELECT id FROM actores WHERE nombre = 'Geraldine James')) 
        ON DUPLICATE KEY UPDATE contenido_id=contenido_id;

        INSERT INTO contenido_actores (contenido_id, actor_id)
        VALUES (13, (SELECT id FROM actores WHERE nombre = 'R. H. Thomson')) 
        ON DUPLICATE KEY UPDATE contenido_id=contenido_id;

        INSERT INTO contenido_actores (contenido_id, actor_id)
        VALUES (13, (SELECT id FROM actores WHERE nombre = 'Corrine Koslo')) 
        ON DUPLICATE KEY UPDATE contenido_id=contenido_id;

        INSERT INTO contenido_actores (contenido_id, actor_id)
        VALUES (13, (SELECT id FROM actores WHERE nombre = 'Dalila Bela')) 
        ON DUPLICATE KEY UPDATE contenido_id=contenido_id;

        INSERT INTO contenido_actores (contenido_id, actor_id)
        VALUES (13, (SELECT id FROM actores WHERE nombre = 'Lucas Jade Zumann')) 
        ON DUPLICATE KEY UPDATE contenido_id=contenido_id;

    INSERT INTO contenido (id, titulo, categoria_id, resumen, temporadas, duracion, trailer)
    VALUES (14, 'Expedientes Secretos ''X''', (SELECT id FROM categorias WHERE nombre = 'Serie'), 'Fox Mulder y Dana Scully son dos investigadores del FBI que investigan casos sin resolución ni explicación, ya sea por razones paranormales (espíritus, criaturas extrañas, aliens...) ya porque el gobierno se ha encargado de ocultar todo tipo de pruebas. Cuando Mulder tenía doce años, su hermana pequeña fue secuestrada por unos desconocidos, aunque él cree que, en realidad, fue abducida por extraterrestres. Tras acabar sus estudios en la universidad de Oxford, ingresó en la Academia de Quantico, donde se ganó el apodo de ''siniestro''', 
            '11', 'NULL', 'https://www.youtube.com/embed/KKziOmsJxzE') 
    ON DUPLICATE KEY UPDATE titulo=titulo;

        INSERT INTO contenido_generos (contenido_id, genero_id)
        VALUES (14, (SELECT id FROM generos WHERE nombre = 'Drama')) 
        ON DUPLICATE KEY UPDATE contenido_id=contenido_id;

        INSERT INTO contenido_generos (contenido_id, genero_id)
        VALUES (14, (SELECT id FROM generos WHERE nombre = 'Sci-Fi')) 
        ON DUPLICATE KEY UPDATE contenido_id=contenido_id;

        INSERT INTO contenido_generos (contenido_id, genero_id)
        VALUES (14, (SELECT id FROM generos WHERE nombre = 'Suspenso')) 
        ON DUPLICATE KEY UPDATE contenido_id=contenido_id;

        INSERT INTO contenido_actores (contenido_id, actor_id)
        VALUES (14, (SELECT id FROM actores WHERE nombre = 'Gillian Anderson')) 
        ON DUPLICATE KEY UPDATE contenido_id=contenido_id;

        INSERT INTO contenido_actores (contenido_id, actor_id)
        VALUES (14, (SELECT id FROM actores WHERE nombre = 'David Duchovny')) 
        ON DUPLICATE KEY UPDATE contenido_id=contenido_id;

        INSERT INTO contenido_actores (contenido_id, actor_id)
        VALUES (14, (SELECT id FROM actores WHERE nombre = 'Mitch Pileggi')) 
        ON DUPLICATE KEY UPDATE contenido_id=contenido_id;

        INSERT INTO contenido_actores (contenido_id, actor_id)
        VALUES (14, (SELECT id FROM actores WHERE nombre = 'Robert Patrick')) 
        ON DUPLICATE KEY UPDATE contenido_id=contenido_id;

        INSERT INTO contenido_actores (contenido_id, actor_id)
        VALUES (14, (SELECT id FROM actores WHERE nombre = 'Tom Braidwood')) 
        ON DUPLICATE KEY UPDATE contenido_id=contenido_id;

        INSERT INTO contenido_actores (contenido_id, actor_id)
        VALUES (14, (SELECT id FROM actores WHERE nombre = 'Bruce Harwood')) 
        ON DUPLICATE KEY UPDATE contenido_id=contenido_id;

    INSERT INTO contenido (id, titulo, categoria_id, resumen, temporadas, duracion, trailer)
    VALUES (15, 'Chernobyl', (SELECT id FROM categorias WHERE nombre = 'Serie'), 'Sigue «la verdadera historia de una de las peores catástrofes provocadas por el hombre y habla de los valientes hombres y mujeres que se sacrificaron para salvar a Europa de un desastre inimaginable. La miniSerie se centra en el desgarrador alcance del desastre de la planta nuclear que ocurrió en Ucrania en abril de 1986, revelando cómo y por qué ocurrió, además contando las sorprendentes y notables historias de los héroes que lucharon y cayeron.', 
            '1', 'NULL', 'https://www.youtube.com/embed/s9APLXM9Ei8') 
    ON DUPLICATE KEY UPDATE titulo=titulo;

        INSERT INTO contenido_generos (contenido_id, genero_id)
        VALUES (15, (SELECT id FROM generos WHERE nombre = 'Drama')) 
        ON DUPLICATE KEY UPDATE contenido_id=contenido_id;

        INSERT INTO contenido_generos (contenido_id, genero_id)
        VALUES (15, (SELECT id FROM generos WHERE nombre = 'Suceso Real')) 
        ON DUPLICATE KEY UPDATE contenido_id=contenido_id;

        INSERT INTO contenido_actores (contenido_id, actor_id)
        VALUES (15, (SELECT id FROM actores WHERE nombre = 'Jared Harris')) 
        ON DUPLICATE KEY UPDATE contenido_id=contenido_id;

        INSERT INTO contenido_actores (contenido_id, actor_id)
        VALUES (15, (SELECT id FROM actores WHERE nombre = 'Stellan Skarsgård')) 
        ON DUPLICATE KEY UPDATE contenido_id=contenido_id;

        INSERT INTO contenido_actores (contenido_id, actor_id)
        VALUES (15, (SELECT id FROM actores WHERE nombre = 'Emily Watson')) 
        ON DUPLICATE KEY UPDATE contenido_id=contenido_id;

        INSERT INTO contenido_actores (contenido_id, actor_id)
        VALUES (15, (SELECT id FROM actores WHERE nombre = 'Paul Ritter')) 
        ON DUPLICATE KEY UPDATE contenido_id=contenido_id;

        INSERT INTO contenido_actores (contenido_id, actor_id)
        VALUES (15, (SELECT id FROM actores WHERE nombre = 'Jessie Buckley')) 
        ON DUPLICATE KEY UPDATE contenido_id=contenido_id;

        INSERT INTO contenido_actores (contenido_id, actor_id)
        VALUES (15, (SELECT id FROM actores WHERE nombre = 'Adam Nagaitis')) 
        ON DUPLICATE KEY UPDATE contenido_id=contenido_id;

    INSERT INTO contenido (id, titulo, categoria_id, resumen, temporadas, duracion, trailer)
    VALUES (16, 'Westworld', (SELECT id FROM categorias WHERE nombre = 'Serie'), '''Westworld'' es una oscura odisea acerca del amanecer de la conciencia artificial y la evolución del pecado. Situada en la intersección del futuro cercano y el pasado reimaginado, explora un mundo donde cada apetito humano, sin importar cuán noble o depravado, puede ser saciado. Está ambientada en un parque temático futurista dirigido por el Dr. Robert Ford (Anthony Hopkins). Las instalaciones cuentan con androides caracterizados del western americano, y gracias a ellos los visitantes pueden introducirse en cualquier tipo de fantasía por muy oscura que sea.', 
            '3', 'NULL', 'https://www.youtube.com/embed/qLFBcdd6Qw0') 
    ON DUPLICATE KEY UPDATE titulo=titulo;

        INSERT INTO contenido_generos (contenido_id, genero_id)
        VALUES (16, (SELECT id FROM generos WHERE nombre = 'Western')) 
        ON DUPLICATE KEY UPDATE contenido_id=contenido_id;

        INSERT INTO contenido_generos (contenido_id, genero_id)
        VALUES (16, (SELECT id FROM generos WHERE nombre = 'Sci-Fi')) 
        ON DUPLICATE KEY UPDATE contenido_id=contenido_id;

        INSERT INTO contenido_generos (contenido_id, genero_id)
        VALUES (16, (SELECT id FROM generos WHERE nombre = 'Drama')) 
        ON DUPLICATE KEY UPDATE contenido_id=contenido_id;

        INSERT INTO contenido_actores (contenido_id, actor_id)
        VALUES (16, (SELECT id FROM actores WHERE nombre = 'Evan Rachel Wood')) 
        ON DUPLICATE KEY UPDATE contenido_id=contenido_id;

        INSERT INTO contenido_actores (contenido_id, actor_id)
        VALUES (16, (SELECT id FROM actores WHERE nombre = 'Thandiwe Newton')) 
        ON DUPLICATE KEY UPDATE contenido_id=contenido_id;

        INSERT INTO contenido_actores (contenido_id, actor_id)
        VALUES (16, (SELECT id FROM actores WHERE nombre = 'Jeffrey Wright')) 
        ON DUPLICATE KEY UPDATE contenido_id=contenido_id;

        INSERT INTO contenido_actores (contenido_id, actor_id)
        VALUES (16, (SELECT id FROM actores WHERE nombre = 'Tessa Thompson')) 
        ON DUPLICATE KEY UPDATE contenido_id=contenido_id;

        INSERT INTO contenido_actores (contenido_id, actor_id)
        VALUES (16, (SELECT id FROM actores WHERE nombre = 'Ed Harris')) 
        ON DUPLICATE KEY UPDATE contenido_id=contenido_id;

        INSERT INTO contenido_actores (contenido_id, actor_id)
        VALUES (16, (SELECT id FROM actores WHERE nombre = 'Luke Hemsworth')) 
        ON DUPLICATE KEY UPDATE contenido_id=contenido_id;

        INSERT INTO contenido_actores (contenido_id, actor_id)
        VALUES (16, (SELECT id FROM actores WHERE nombre = 'Rodrigo Santoro')) 
        ON DUPLICATE KEY UPDATE contenido_id=contenido_id;

        INSERT INTO contenido_actores (contenido_id, actor_id)
        VALUES (16, (SELECT id FROM actores WHERE nombre = 'Simon Quarterman')) 
        ON DUPLICATE KEY UPDATE contenido_id=contenido_id;

        INSERT INTO contenido_actores (contenido_id, actor_id)
        VALUES (16, (SELECT id FROM actores WHERE nombre = 'Clifton Collins Jr.')) 
        ON DUPLICATE KEY UPDATE contenido_id=contenido_id;

        INSERT INTO contenido_actores (contenido_id, actor_id)
        VALUES (16, (SELECT id FROM actores WHERE nombre = 'Anthony Hopkins')) 
        ON DUPLICATE KEY UPDATE contenido_id=contenido_id;

        INSERT INTO contenido_actores (contenido_id, actor_id)
        VALUES (16, (SELECT id FROM actores WHERE nombre = 'Ingrid Bolsø Berdal')) 
        ON DUPLICATE KEY UPDATE contenido_id=contenido_id;

        INSERT INTO contenido_actores (contenido_id, actor_id)
        VALUES (16, (SELECT id FROM actores WHERE nombre = 'Angela Sarafyan')) 
        ON DUPLICATE KEY UPDATE contenido_id=contenido_id;

        INSERT INTO contenido_actores (contenido_id, actor_id)
        VALUES (16, (SELECT id FROM actores WHERE nombre = 'Shannon Woodward')) 
        ON DUPLICATE KEY UPDATE contenido_id=contenido_id;

        INSERT INTO contenido_actores (contenido_id, actor_id)
        VALUES (16, (SELECT id FROM actores WHERE nombre = 'Talulah Riley')) 
        ON DUPLICATE KEY UPDATE contenido_id=contenido_id;

        INSERT INTO contenido_actores (contenido_id, actor_id)
        VALUES (16, (SELECT id FROM actores WHERE nombre = 'Louis Herthum')) 
        ON DUPLICATE KEY UPDATE contenido_id=contenido_id;

        INSERT INTO contenido_actores (contenido_id, actor_id)
        VALUES (16, (SELECT id FROM actores WHERE nombre = 'Ben Barnes')) 
        ON DUPLICATE KEY UPDATE contenido_id=contenido_id;

        INSERT INTO contenido_actores (contenido_id, actor_id)
        VALUES (16, (SELECT id FROM actores WHERE nombre = 'Jimmi Simpson')) 
        ON DUPLICATE KEY UPDATE contenido_id=contenido_id;

        INSERT INTO contenido_actores (contenido_id, actor_id)
        VALUES (16, (SELECT id FROM actores WHERE nombre = 'Leonardo Nam')) 
        ON DUPLICATE KEY UPDATE contenido_id=contenido_id;

        INSERT INTO contenido_actores (contenido_id, actor_id)
        VALUES (16, (SELECT id FROM actores WHERE nombre = 'Aaron Paul')) 
        ON DUPLICATE KEY UPDATE contenido_id=contenido_id;

        INSERT INTO contenido_actores (contenido_id, actor_id)
        VALUES (16, (SELECT id FROM actores WHERE nombre = 'Vincent Cassel')) 
        ON DUPLICATE KEY UPDATE contenido_id=contenido_id;

        INSERT INTO contenido_actores (contenido_id, actor_id)
        VALUES (16, (SELECT id FROM actores WHERE nombre = 'Izabella Alvarez')) 
        ON DUPLICATE KEY UPDATE contenido_id=contenido_id;

        INSERT INTO contenido_actores (contenido_id, actor_id)
        VALUES (16, (SELECT id FROM actores WHERE nombre = 'Jeff Daniel Phillips')) 
        ON DUPLICATE KEY UPDATE contenido_id=contenido_id;

    INSERT INTO contenido (id, titulo, categoria_id, resumen, temporadas, duracion, trailer)
    VALUES (17, 'Halt and Catch Fire', (SELECT id FROM categorias WHERE nombre = 'Serie'), 'Situada en los inicios de la década de 1980, un visionario ficticio, un ingeniero electrónico y una prodigiosa ingeniera, se alían a una programadora de software para confrontar con las corporaciones informáticas dominantes de la época. El Personal de la firma y sus socios de negocio, comenzarán una carrera que cambiará la cultura en el Estado de Texas, cuna de las empresas de tecnología, casi de la misma forma que lo es hoy Silicon Valey. 
 Esta historia ficticia emula el trabajo realizado, en su momento, por la firma Compaq, cuando clonó el BIOS de las Computadoras Personales IBM, dando vida así al económico mercado de los clones. Mostrando también, a lo largo de sus 4 temporadas, el nacimiento de la arquitectura abierta de hardware, los videojuegos online, las salas de chat y de trueque de productos físicos, los BBS, y las primeras nubes computacionales, hasta la llegada de Internet (sin dejar afuera la guerra de los web browsers).', 
            '4', 'NULL', 'https://www.youtube.com/embed/pWrioRji60A') 
    ON DUPLICATE KEY UPDATE titulo=titulo;

        INSERT INTO contenido_generos (contenido_id, genero_id)
        VALUES (17, (SELECT id FROM generos WHERE nombre = 'Ficción')) 
        ON DUPLICATE KEY UPDATE contenido_id=contenido_id;

        INSERT INTO contenido_generos (contenido_id, genero_id)
        VALUES (17, (SELECT id FROM generos WHERE nombre = 'Drama')) 
        ON DUPLICATE KEY UPDATE contenido_id=contenido_id;

        INSERT INTO contenido_generos (contenido_id, genero_id)
        VALUES (17, (SELECT id FROM generos WHERE nombre = 'Tecnología')) 
        ON DUPLICATE KEY UPDATE contenido_id=contenido_id;

        INSERT INTO contenido_actores (contenido_id, actor_id)
        VALUES (17, (SELECT id FROM actores WHERE nombre = 'Lee Pace')) 
        ON DUPLICATE KEY UPDATE contenido_id=contenido_id;

        INSERT INTO contenido_actores (contenido_id, actor_id)
        VALUES (17, (SELECT id FROM actores WHERE nombre = 'Scoot McNairy')) 
        ON DUPLICATE KEY UPDATE contenido_id=contenido_id;

        INSERT INTO contenido_actores (contenido_id, actor_id)
        VALUES (17, (SELECT id FROM actores WHERE nombre = 'Mackenzie Davis')) 
        ON DUPLICATE KEY UPDATE contenido_id=contenido_id;

        INSERT INTO contenido_actores (contenido_id, actor_id)
        VALUES (17, (SELECT id FROM actores WHERE nombre = 'Kerry Bishé')) 
        ON DUPLICATE KEY UPDATE contenido_id=contenido_id;

        INSERT INTO contenido_actores (contenido_id, actor_id)
        VALUES (17, (SELECT id FROM actores WHERE nombre = 'Toby Huss')) 
        ON DUPLICATE KEY UPDATE contenido_id=contenido_id;

        INSERT INTO contenido_actores (contenido_id, actor_id)
        VALUES (17, (SELECT id FROM actores WHERE nombre = 'Alana Cavanaugh')) 
        ON DUPLICATE KEY UPDATE contenido_id=contenido_id;

    INSERT INTO contenido (id, titulo, categoria_id, resumen, temporadas, duracion, trailer)
    VALUES (18, 'Ava', (SELECT id FROM categorias WHERE nombre = 'Película'), 'Ava es una mortífera asesina a sueldo que trabaja para una organización de operaciones encubiertas, que viaja por todo el mundo acabando con aquellos objetivos que nadie más puede derribar. Cuando uno de sus encargos sale mal, Ava tendrá que luchar por una vida.', 
            'N/A', '97 minutos', 'https://www.youtube.com/embed/eLEwNo78f0k') 
    ON DUPLICATE KEY UPDATE titulo=titulo;

        INSERT INTO contenido_generos (contenido_id, genero_id)
        VALUES (18, (SELECT id FROM generos WHERE nombre = 'Acción')) 
        ON DUPLICATE KEY UPDATE contenido_id=contenido_id;

        INSERT INTO contenido_generos (contenido_id, genero_id)
        VALUES (18, (SELECT id FROM generos WHERE nombre = 'Drama')) 
        ON DUPLICATE KEY UPDATE contenido_id=contenido_id;

        INSERT INTO contenido_generos (contenido_id, genero_id)
        VALUES (18, (SELECT id FROM generos WHERE nombre = 'Suspenso')) 
        ON DUPLICATE KEY UPDATE contenido_id=contenido_id;

        INSERT INTO contenido_actores (contenido_id, actor_id)
        VALUES (18, (SELECT id FROM actores WHERE nombre = 'Jessica Chastain')) 
        ON DUPLICATE KEY UPDATE contenido_id=contenido_id;

        INSERT INTO contenido_actores (contenido_id, actor_id)
        VALUES (18, (SELECT id FROM actores WHERE nombre = 'John Malkovich')) 
        ON DUPLICATE KEY UPDATE contenido_id=contenido_id;

        INSERT INTO contenido_actores (contenido_id, actor_id)
        VALUES (18, (SELECT id FROM actores WHERE nombre = 'Colin Farrell')) 
        ON DUPLICATE KEY UPDATE contenido_id=contenido_id;

        INSERT INTO contenido_actores (contenido_id, actor_id)
        VALUES (18, (SELECT id FROM actores WHERE nombre = 'Common')) 
        ON DUPLICATE KEY UPDATE contenido_id=contenido_id;

        INSERT INTO contenido_actores (contenido_id, actor_id)
        VALUES (18, (SELECT id FROM actores WHERE nombre = 'Geena Davis')) 
        ON DUPLICATE KEY UPDATE contenido_id=contenido_id;

        INSERT INTO contenido_actores (contenido_id, actor_id)
        VALUES (18, (SELECT id FROM actores WHERE nombre = 'Ioan Gruffudd')) 
        ON DUPLICATE KEY UPDATE contenido_id=contenido_id;

    INSERT INTO contenido (id, titulo, categoria_id, resumen, temporadas, duracion, trailer)
    VALUES (19, 'Aves de presa (Harley Quinn)', (SELECT id FROM categorias WHERE nombre = 'Película'), 'Después de separarse de Joker, Harley Quinn y otras tres heroínas (Canario Negro, Cazadora y Renée Montoya) unen sus fuerzas para salvar a una niña (Cassandra Cain) del malvado rey del crimen Máscara Negra.', 
            'N/A', '97 minutos', 'https://www.youtube.com/embed/saUmnenKbBM') 
    ON DUPLICATE KEY UPDATE titulo=titulo;

        INSERT INTO contenido_generos (contenido_id, genero_id)
        VALUES (19, (SELECT id FROM generos WHERE nombre = 'Acción')) 
        ON DUPLICATE KEY UPDATE contenido_id=contenido_id;

        INSERT INTO contenido_generos (contenido_id, genero_id)
        VALUES (19, (SELECT id FROM generos WHERE nombre = 'Ficción')) 
        ON DUPLICATE KEY UPDATE contenido_id=contenido_id;

        INSERT INTO contenido_generos (contenido_id, genero_id)
        VALUES (19, (SELECT id FROM generos WHERE nombre = 'Comedia')) 
        ON DUPLICATE KEY UPDATE contenido_id=contenido_id;

        INSERT INTO contenido_actores (contenido_id, actor_id)
        VALUES (19, (SELECT id FROM actores WHERE nombre = 'Margot Robbie')) 
        ON DUPLICATE KEY UPDATE contenido_id=contenido_id;

        INSERT INTO contenido_actores (contenido_id, actor_id)
        VALUES (19, (SELECT id FROM actores WHERE nombre = 'Ewan McGregor')) 
        ON DUPLICATE KEY UPDATE contenido_id=contenido_id;

        INSERT INTO contenido_actores (contenido_id, actor_id)
        VALUES (19, (SELECT id FROM actores WHERE nombre = 'Mary Elizabeth Winstead')) 
        ON DUPLICATE KEY UPDATE contenido_id=contenido_id;

        INSERT INTO contenido_actores (contenido_id, actor_id)
        VALUES (19, (SELECT id FROM actores WHERE nombre = 'Jurnee Smollett')) 
        ON DUPLICATE KEY UPDATE contenido_id=contenido_id;

        INSERT INTO contenido_actores (contenido_id, actor_id)
        VALUES (19, (SELECT id FROM actores WHERE nombre = 'Rosie Perez')) 
        ON DUPLICATE KEY UPDATE contenido_id=contenido_id;

        INSERT INTO contenido_actores (contenido_id, actor_id)
        VALUES (19, (SELECT id FROM actores WHERE nombre = 'Chris Messina')) 
        ON DUPLICATE KEY UPDATE contenido_id=contenido_id;

    INSERT INTO contenido (id, titulo, categoria_id, resumen, temporadas, duracion, trailer)
    VALUES (20, 'Archivo', (SELECT id FROM categorias WHERE nombre = 'Película'), '2038: George Almore está trabajando en una verdadera IA equivalente a la humana. Su último prototipo está casi listo. Esta fase sensible también es la más arriesgada. Especialmente porque tiene un objetivo que debe ocultarse a toda costa: reunirse con su esposa muerta.', 
            'N/A', '97 minutos', 'https://www.youtube.com/embed/VHSoCnDioAo') 
    ON DUPLICATE KEY UPDATE titulo=titulo;

        INSERT INTO contenido_generos (contenido_id, genero_id)
        VALUES (20, (SELECT id FROM generos WHERE nombre = 'Acción')) 
        ON DUPLICATE KEY UPDATE contenido_id=contenido_id;

        INSERT INTO contenido_generos (contenido_id, genero_id)
        VALUES (20, (SELECT id FROM generos WHERE nombre = 'Sci-Fi')) 
        ON DUPLICATE KEY UPDATE contenido_id=contenido_id;

        INSERT INTO contenido_generos (contenido_id, genero_id)
        VALUES (20, (SELECT id FROM generos WHERE nombre = 'Suspenso')) 
        ON DUPLICATE KEY UPDATE contenido_id=contenido_id;

        INSERT INTO contenido_actores (contenido_id, actor_id)
        VALUES (20, (SELECT id FROM actores WHERE nombre = 'Stacy Martin')) 
        ON DUPLICATE KEY UPDATE contenido_id=contenido_id;

        INSERT INTO contenido_actores (contenido_id, actor_id)
        VALUES (20, (SELECT id FROM actores WHERE nombre = 'Rhona Mitra')) 
        ON DUPLICATE KEY UPDATE contenido_id=contenido_id;

        INSERT INTO contenido_actores (contenido_id, actor_id)
        VALUES (20, (SELECT id FROM actores WHERE nombre = 'Theo James')) 
        ON DUPLICATE KEY UPDATE contenido_id=contenido_id;

        INSERT INTO contenido_actores (contenido_id, actor_id)
        VALUES (20, (SELECT id FROM actores WHERE nombre = 'Peter Ferdinando')) 
        ON DUPLICATE KEY UPDATE contenido_id=contenido_id;

        INSERT INTO contenido_actores (contenido_id, actor_id)
        VALUES (20, (SELECT id FROM actores WHERE nombre = 'Lia Williams')) 
        ON DUPLICATE KEY UPDATE contenido_id=contenido_id;

        INSERT INTO contenido_actores (contenido_id, actor_id)
        VALUES (20, (SELECT id FROM actores WHERE nombre = 'Toby Jones')) 
        ON DUPLICATE KEY UPDATE contenido_id=contenido_id;

    INSERT INTO contenido (id, titulo, categoria_id, resumen, temporadas, duracion, trailer)
    VALUES (22, '3022', (SELECT id FROM categorias WHERE nombre = 'Película'), 'La película está ambientada en una estación espacial en el futuro. La tripulación sufre un estrés traumático y considera abandonar su misión después de observar lo que creen que es la destrucción de la Tierra. La película se muestra como una Serie de flashbacks y flash-forward.', 
            'N/A', '97 minutos', 'https://www.youtube.com/embed/AGQ7OkmIx4Q') 
    ON DUPLICATE KEY UPDATE titulo=titulo;

        INSERT INTO contenido_generos (contenido_id, genero_id)
        VALUES (22, (SELECT id FROM generos WHERE nombre = 'Sci-Fi')) 
        ON DUPLICATE KEY UPDATE contenido_id=contenido_id;

        INSERT INTO contenido_generos (contenido_id, genero_id)
        VALUES (22, (SELECT id FROM generos WHERE nombre = 'Suspenso')) 
        ON DUPLICATE KEY UPDATE contenido_id=contenido_id;

        INSERT INTO contenido_generos (contenido_id, genero_id)
        VALUES (22, (SELECT id FROM generos WHERE nombre = 'Futurista')) 
        ON DUPLICATE KEY UPDATE contenido_id=contenido_id;

        INSERT INTO contenido_actores (contenido_id, actor_id)
        VALUES (22, (SELECT id FROM actores WHERE nombre = 'Miranda Cosgrove')) 
        ON DUPLICATE KEY UPDATE contenido_id=contenido_id;

        INSERT INTO contenido_actores (contenido_id, actor_id)
        VALUES (22, (SELECT id FROM actores WHERE nombre = 'Kate Walsh')) 
        ON DUPLICATE KEY UPDATE contenido_id=contenido_id;

        INSERT INTO contenido_actores (contenido_id, actor_id)
        VALUES (22, (SELECT id FROM actores WHERE nombre = 'Omar Epps')) 
        ON DUPLICATE KEY UPDATE contenido_id=contenido_id;

        INSERT INTO contenido_actores (contenido_id, actor_id)
        VALUES (22, (SELECT id FROM actores WHERE nombre = 'Angus Macfadyen')) 
        ON DUPLICATE KEY UPDATE contenido_id=contenido_id;

        INSERT INTO contenido_actores (contenido_id, actor_id)
        VALUES (22, (SELECT id FROM actores WHERE nombre = 'Jorja Fox')) 
        ON DUPLICATE KEY UPDATE contenido_id=contenido_id;

        INSERT INTO contenido_actores (contenido_id, actor_id)
        VALUES (22, (SELECT id FROM actores WHERE nombre = 'Enver Gjokaj')) 
        ON DUPLICATE KEY UPDATE contenido_id=contenido_id;

    INSERT INTO contenido (id, titulo, categoria_id, resumen, temporadas, duracion, trailer)
    VALUES (23, 'IT - Capítulo 2', (SELECT id FROM categorias WHERE nombre = 'Película'), 'En este segundo capitulo Han pasado 27 años desde que el ''Club de los Perdedores'', formado por Bill, Berverly, Richie, Ben, Eddie, Mike y Stanley, se enfrentaran al macabro y despiadado Pennywise (Bill Skarsgård). En cuanto tuvieron oportunidad, abandonaron el pueblo de Derry, en el estado de Maine, que tantos problemas les había ocasionado. Sin embargo, ahora, siendo adultos, parece que no pueden escapar de su pasado. Todos deberán enfrentarse de nuevo al temible payaso para descubrir si de verdad están preparados para superar sus traumas de la infancia.', 
            'N/A', '97 minutos', 'https://www.youtube.com/embed/hZeFeYSmBcg') 
    ON DUPLICATE KEY UPDATE titulo=titulo;

        INSERT INTO contenido_generos (contenido_id, genero_id)
        VALUES (23, (SELECT id FROM generos WHERE nombre = 'Terror')) 
        ON DUPLICATE KEY UPDATE contenido_id=contenido_id;

        INSERT INTO contenido_generos (contenido_id, genero_id)
        VALUES (23, (SELECT id FROM generos WHERE nombre = 'Suspenso')) 
        ON DUPLICATE KEY UPDATE contenido_id=contenido_id;

        INSERT INTO contenido_generos (contenido_id, genero_id)
        VALUES (23, (SELECT id FROM generos WHERE nombre = 'Fantasía')) 
        ON DUPLICATE KEY UPDATE contenido_id=contenido_id;

        INSERT INTO contenido_actores (contenido_id, actor_id)
        VALUES (23, (SELECT id FROM actores WHERE nombre = 'Bill Skarsgård')) 
        ON DUPLICATE KEY UPDATE contenido_id=contenido_id;

        INSERT INTO contenido_actores (contenido_id, actor_id)
        VALUES (23, (SELECT id FROM actores WHERE nombre = 'Jessica Chastain')) 
        ON DUPLICATE KEY UPDATE contenido_id=contenido_id;

        INSERT INTO contenido_actores (contenido_id, actor_id)
        VALUES (23, (SELECT id FROM actores WHERE nombre = 'Bill Hader')) 
        ON DUPLICATE KEY UPDATE contenido_id=contenido_id;

        INSERT INTO contenido_actores (contenido_id, actor_id)
        VALUES (23, (SELECT id FROM actores WHERE nombre = 'James McAvoy')) 
        ON DUPLICATE KEY UPDATE contenido_id=contenido_id;

        INSERT INTO contenido_actores (contenido_id, actor_id)
        VALUES (23, (SELECT id FROM actores WHERE nombre = 'Isaiah Mustafa')) 
        ON DUPLICATE KEY UPDATE contenido_id=contenido_id;

        INSERT INTO contenido_actores (contenido_id, actor_id)
        VALUES (23, (SELECT id FROM actores WHERE nombre = 'Jay Ryan')) 
        ON DUPLICATE KEY UPDATE contenido_id=contenido_id;

    INSERT INTO contenido (id, titulo, categoria_id, resumen, temporadas, duracion, trailer)
    VALUES (24, 'Pantera Negra', (SELECT id FROM categorias WHERE nombre = 'Película'), 'T’Challa (Chadwick Boseman) regresa a su hogar en la apartada nación africana de Wakanda para servir como líder de su país. Tras suceder a su padre en el trono, pasa a convertirse en Pantera Negra, una sigilosa criatura de la noche, con agudos sentidos felinos y otras habilidades como súper fuerza e inteligencia, agilidad, estrategia o maestro del combate sin armas. Es bajo el liderazgo de T’Challa como Wakanda consigue convertirse en una de las naciones más ricas y tecnológicamente avanzadas del planeta.', 
            'N/A', '97 minutos', 'https://www.youtube.com/embed/BE6inv8Xh4A') 
    ON DUPLICATE KEY UPDATE titulo=titulo;

        INSERT INTO contenido_generos (contenido_id, genero_id)
        VALUES (24, (SELECT id FROM generos WHERE nombre = 'Acción')) 
        ON DUPLICATE KEY UPDATE contenido_id=contenido_id;

        INSERT INTO contenido_generos (contenido_id, genero_id)
        VALUES (24, (SELECT id FROM generos WHERE nombre = 'Aventura')) 
        ON DUPLICATE KEY UPDATE contenido_id=contenido_id;

        INSERT INTO contenido_generos (contenido_id, genero_id)
        VALUES (24, (SELECT id FROM generos WHERE nombre = 'Fantasía')) 
        ON DUPLICATE KEY UPDATE contenido_id=contenido_id;

        INSERT INTO contenido_actores (contenido_id, actor_id)
        VALUES (24, (SELECT id FROM actores WHERE nombre = 'Chadwick Boseman')) 
        ON DUPLICATE KEY UPDATE contenido_id=contenido_id;

        INSERT INTO contenido_actores (contenido_id, actor_id)
        VALUES (24, (SELECT id FROM actores WHERE nombre = 'Michael B. Jordan')) 
        ON DUPLICATE KEY UPDATE contenido_id=contenido_id;

        INSERT INTO contenido_actores (contenido_id, actor_id)
        VALUES (24, (SELECT id FROM actores WHERE nombre = 'Lupita Nyong''o')) 
        ON DUPLICATE KEY UPDATE contenido_id=contenido_id;

        INSERT INTO contenido_actores (contenido_id, actor_id)
        VALUES (24, (SELECT id FROM actores WHERE nombre = 'Danai Gurira')) 
        ON DUPLICATE KEY UPDATE contenido_id=contenido_id;

        INSERT INTO contenido_actores (contenido_id, actor_id)
        VALUES (24, (SELECT id FROM actores WHERE nombre = 'Martin Freeman')) 
        ON DUPLICATE KEY UPDATE contenido_id=contenido_id;

        INSERT INTO contenido_actores (contenido_id, actor_id)
        VALUES (24, (SELECT id FROM actores WHERE nombre = 'Daniel Kaluuya')) 
        ON DUPLICATE KEY UPDATE contenido_id=contenido_id;

    INSERT INTO contenido (id, titulo, categoria_id, resumen, temporadas, duracion, trailer)
    VALUES (25, 'Contra lo imposible (Ford versus Ferrari)', (SELECT id FROM categorias WHERE nombre = 'Película'), 'Los ganadores del Premio de la Academia® Matt Damon y Christian Bale protagonizan CONTRA LO IMPOSIBLE, basada en la historia real del visionario diseñador americano de automóviles Carroll Shelby (Damon) y el intrépido piloto británico Ken Miles (Bale). Juntos construyen un nuevo coche de carreras para Ford Motor Company y así enfrentar a Enzo Ferrari en las 24 Horas de Le Mans en Francia en 1966.', 
            'N/A', '97 minutos', 'https://www.youtube.com/embed/SOVb0-2g1Q0') 
    ON DUPLICATE KEY UPDATE titulo=titulo;

        INSERT INTO contenido_generos (contenido_id, genero_id)
        VALUES (25, (SELECT id FROM generos WHERE nombre = 'Drama')) 
        ON DUPLICATE KEY UPDATE contenido_id=contenido_id;

        INSERT INTO contenido_generos (contenido_id, genero_id)
        VALUES (25, (SELECT id FROM generos WHERE nombre = 'Historia')) 
        ON DUPLICATE KEY UPDATE contenido_id=contenido_id;

        INSERT INTO contenido_generos (contenido_id, genero_id)
        VALUES (25, (SELECT id FROM generos WHERE nombre = 'Aventura')) 
        ON DUPLICATE KEY UPDATE contenido_id=contenido_id;

        INSERT INTO contenido_actores (contenido_id, actor_id)
        VALUES (25, (SELECT id FROM actores WHERE nombre = 'Christian Bale')) 
        ON DUPLICATE KEY UPDATE contenido_id=contenido_id;

        INSERT INTO contenido_actores (contenido_id, actor_id)
        VALUES (25, (SELECT id FROM actores WHERE nombre = 'Matt Damon')) 
        ON DUPLICATE KEY UPDATE contenido_id=contenido_id;

        INSERT INTO contenido_actores (contenido_id, actor_id)
        VALUES (25, (SELECT id FROM actores WHERE nombre = 'Caitriona Balfe')) 
        ON DUPLICATE KEY UPDATE contenido_id=contenido_id;

        INSERT INTO contenido_actores (contenido_id, actor_id)
        VALUES (25, (SELECT id FROM actores WHERE nombre = 'Josh Lucas')) 
        ON DUPLICATE KEY UPDATE contenido_id=contenido_id;

        INSERT INTO contenido_actores (contenido_id, actor_id)
        VALUES (25, (SELECT id FROM actores WHERE nombre = 'Noah Jupe')) 
        ON DUPLICATE KEY UPDATE contenido_id=contenido_id;

        INSERT INTO contenido_actores (contenido_id, actor_id)
        VALUES (25, (SELECT id FROM actores WHERE nombre = 'Jon Bernthal')) 
        ON DUPLICATE KEY UPDATE contenido_id=contenido_id;

    INSERT INTO contenido (id, titulo, categoria_id, resumen, temporadas, duracion, trailer)
    VALUES (26, 'Centígrados', (SELECT id FROM categorias WHERE nombre = 'Película'), 'Una joven pareja estadounidense viaja a las montañas árticas de Noruega. Después de detenerse durante una tormenta de nieve, se despiertan atrapados en su SUV, enterrados bajo capas de nieve y hielo.', 
            'N/A', '97 minutos', 'https://www.youtube.com/embed/0RvV7TNUlkQ') 
    ON DUPLICATE KEY UPDATE titulo=titulo;

        INSERT INTO contenido_generos (contenido_id, genero_id)
        VALUES (26, (SELECT id FROM generos WHERE nombre = 'Drama')) 
        ON DUPLICATE KEY UPDATE contenido_id=contenido_id;

        INSERT INTO contenido_generos (contenido_id, genero_id)
        VALUES (26, (SELECT id FROM generos WHERE nombre = 'Suspenso')) 
        ON DUPLICATE KEY UPDATE contenido_id=contenido_id;

        INSERT INTO contenido_generos (contenido_id, genero_id)
        VALUES (26, (SELECT id FROM generos WHERE nombre = 'Intriga')) 
        ON DUPLICATE KEY UPDATE contenido_id=contenido_id;

        INSERT INTO contenido_actores (contenido_id, actor_id)
        VALUES (26, (SELECT id FROM actores WHERE nombre = 'Génesis Rodríguez')) 
        ON DUPLICATE KEY UPDATE contenido_id=contenido_id;

        INSERT INTO contenido_actores (contenido_id, actor_id)
        VALUES (26, (SELECT id FROM actores WHERE nombre = 'Vincent Piazza')) 
        ON DUPLICATE KEY UPDATE contenido_id=contenido_id;

        INSERT INTO contenido_actores (contenido_id, actor_id)
        VALUES (26, (SELECT id FROM actores WHERE nombre = 'Benjamin Sokolow')) 
        ON DUPLICATE KEY UPDATE contenido_id=contenido_id;

        INSERT INTO contenido_actores (contenido_id, actor_id)
        VALUES (26, (SELECT id FROM actores WHERE nombre = 'Emily Bayiokos')) 
        ON DUPLICATE KEY UPDATE contenido_id=contenido_id;

    INSERT INTO contenido (id, titulo, categoria_id, resumen, temporadas, duracion, trailer)
    VALUES (27, 'DOOM: Aniquilación', (SELECT id FROM categorias WHERE nombre = 'Película'), 'Doom: Aniquilación sigue a un grupo de marines espaciales que han respondido a una llamada de alerta de una base en la luna marciana, solo para descubrir que ha sido tomada por criaturas demoníacas que amenazan con desatar el infierno en la tierra.', 
            'N/A', '97 minutos', 'https://www.youtube.com/embed/nat3u3gAVLE') 
    ON DUPLICATE KEY UPDATE titulo=titulo;

        INSERT INTO contenido_generos (contenido_id, genero_id)
        VALUES (27, (SELECT id FROM generos WHERE nombre = 'Terror')) 
        ON DUPLICATE KEY UPDATE contenido_id=contenido_id;

        INSERT INTO contenido_generos (contenido_id, genero_id)
        VALUES (27, (SELECT id FROM generos WHERE nombre = 'Acción')) 
        ON DUPLICATE KEY UPDATE contenido_id=contenido_id;

        INSERT INTO contenido_generos (contenido_id, genero_id)
        VALUES (27, (SELECT id FROM generos WHERE nombre = 'Sci-Fi')) 
        ON DUPLICATE KEY UPDATE contenido_id=contenido_id;

        INSERT INTO contenido_generos (contenido_id, genero_id)
        VALUES (27, (SELECT id FROM generos WHERE nombre = 'Futurista')) 
        ON DUPLICATE KEY UPDATE contenido_id=contenido_id;

        INSERT INTO contenido_actores (contenido_id, actor_id)
        VALUES (27, (SELECT id FROM actores WHERE nombre = 'Amy Manson')) 
        ON DUPLICATE KEY UPDATE contenido_id=contenido_id;

        INSERT INTO contenido_actores (contenido_id, actor_id)
        VALUES (27, (SELECT id FROM actores WHERE nombre = 'Luke Allen-Gale')) 
        ON DUPLICATE KEY UPDATE contenido_id=contenido_id;

        INSERT INTO contenido_actores (contenido_id, actor_id)
        VALUES (27, (SELECT id FROM actores WHERE nombre = 'Nina Bergman')) 
        ON DUPLICATE KEY UPDATE contenido_id=contenido_id;

        INSERT INTO contenido_actores (contenido_id, actor_id)
        VALUES (27, (SELECT id FROM actores WHERE nombre = 'Dominic Mafham')) 
        ON DUPLICATE KEY UPDATE contenido_id=contenido_id;

        INSERT INTO contenido_actores (contenido_id, actor_id)
        VALUES (27, (SELECT id FROM actores WHERE nombre = 'James Weber Brown')) 
        ON DUPLICATE KEY UPDATE contenido_id=contenido_id;

        INSERT INTO contenido_actores (contenido_id, actor_id)
        VALUES (27, (SELECT id FROM actores WHERE nombre = 'Lorina Kamburova')) 
        ON DUPLICATE KEY UPDATE contenido_id=contenido_id;

    INSERT INTO contenido (id, titulo, categoria_id, resumen, temporadas, duracion, trailer)
    VALUES (28, 'Contagio', (SELECT id FROM categorias WHERE nombre = 'Película'), 'De repente, sin saber cuál es su origen, aunque todo hace sospechar que comienza con el viaje de una norteamericana a un casino de Hong Kong, un virus mortal comienza a propagarse por todo el mundo. En pocos días, la enfermedad empieza a diezmar a la población. El contagio se produce por mero contacto entre los seres humanos. Un thriller realista y sin efectos especiales sobre los efectos de una epidemia.', 
            'N/A', '97 minutos', 'https://www.youtube.com/embed/4sYSyuuLk5g') 
    ON DUPLICATE KEY UPDATE titulo=titulo;

        INSERT INTO contenido_generos (contenido_id, genero_id)
        VALUES (28, (SELECT id FROM generos WHERE nombre = 'Drama')) 
        ON DUPLICATE KEY UPDATE contenido_id=contenido_id;

        INSERT INTO contenido_generos (contenido_id, genero_id)
        VALUES (28, (SELECT id FROM generos WHERE nombre = 'Suspenso')) 
        ON DUPLICATE KEY UPDATE contenido_id=contenido_id;

        INSERT INTO contenido_generos (contenido_id, genero_id)
        VALUES (28, (SELECT id FROM generos WHERE nombre = '¿Ficción?')) 
        ON DUPLICATE KEY UPDATE contenido_id=contenido_id;

        INSERT INTO contenido_actores (contenido_id, actor_id)
        VALUES (28, (SELECT id FROM actores WHERE nombre = 'Marion Cotillard')) 
        ON DUPLICATE KEY UPDATE contenido_id=contenido_id;

        INSERT INTO contenido_actores (contenido_id, actor_id)
        VALUES (28, (SELECT id FROM actores WHERE nombre = 'Matt Damon')) 
        ON DUPLICATE KEY UPDATE contenido_id=contenido_id;

        INSERT INTO contenido_actores (contenido_id, actor_id)
        VALUES (28, (SELECT id FROM actores WHERE nombre = 'Laurence Fishburne')) 
        ON DUPLICATE KEY UPDATE contenido_id=contenido_id;

        INSERT INTO contenido_actores (contenido_id, actor_id)
        VALUES (28, (SELECT id FROM actores WHERE nombre = 'Jude Law')) 
        ON DUPLICATE KEY UPDATE contenido_id=contenido_id;

        INSERT INTO contenido_actores (contenido_id, actor_id)
        VALUES (28, (SELECT id FROM actores WHERE nombre = 'Kate Winslet')) 
        ON DUPLICATE KEY UPDATE contenido_id=contenido_id;

        INSERT INTO contenido_actores (contenido_id, actor_id)
        VALUES (28, (SELECT id FROM actores WHERE nombre = 'Jennifer Ehle')) 
        ON DUPLICATE KEY UPDATE contenido_id=contenido_id;

        INSERT INTO contenido_actores (contenido_id, actor_id)
        VALUES (28, (SELECT id FROM actores WHERE nombre = 'Gwyneth Paltrow')) 
        ON DUPLICATE KEY UPDATE contenido_id=contenido_id;

    INSERT INTO contenido (id, titulo, categoria_id, resumen, temporadas, duracion, trailer)
    VALUES (29, 'Viuda Negra', (SELECT id FROM categorias WHERE nombre = 'Película'), 'Primera pelicula individual de la Viuda Negra en el universo cinematografico de Marvel, contando su historia desde que se inició como doble agente rusa, su niñez, sus misiones, y su actualidad, después de Avengers.', 
            'N/A', '97 minutos', 'https://www.youtube.com/embed/BIn8iANwEog') 
    ON DUPLICATE KEY UPDATE titulo=titulo;

        INSERT INTO contenido_generos (contenido_id, genero_id)
        VALUES (29, (SELECT id FROM generos WHERE nombre = 'Drama')) 
        ON DUPLICATE KEY UPDATE contenido_id=contenido_id;

        INSERT INTO contenido_generos (contenido_id, genero_id)
        VALUES (29, (SELECT id FROM generos WHERE nombre = 'Acción')) 
        ON DUPLICATE KEY UPDATE contenido_id=contenido_id;

        INSERT INTO contenido_generos (contenido_id, genero_id)
        VALUES (29, (SELECT id FROM generos WHERE nombre = 'Aventura')) 
        ON DUPLICATE KEY UPDATE contenido_id=contenido_id;

        INSERT INTO contenido_actores (contenido_id, actor_id)
        VALUES (29, (SELECT id FROM actores WHERE nombre = 'Scarlett Johansson')) 
        ON DUPLICATE KEY UPDATE contenido_id=contenido_id;

        INSERT INTO contenido_actores (contenido_id, actor_id)
        VALUES (29, (SELECT id FROM actores WHERE nombre = 'Florence Pugh')) 
        ON DUPLICATE KEY UPDATE contenido_id=contenido_id;

        INSERT INTO contenido_actores (contenido_id, actor_id)
        VALUES (29, (SELECT id FROM actores WHERE nombre = 'David Harbour')) 
        ON DUPLICATE KEY UPDATE contenido_id=contenido_id;

        INSERT INTO contenido_actores (contenido_id, actor_id)
        VALUES (29, (SELECT id FROM actores WHERE nombre = 'O.T. Fagbenle')) 
        ON DUPLICATE KEY UPDATE contenido_id=contenido_id;

        INSERT INTO contenido_actores (contenido_id, actor_id)
        VALUES (29, (SELECT id FROM actores WHERE nombre = 'Rachel Weisz')) 
        ON DUPLICATE KEY UPDATE contenido_id=contenido_id;

        INSERT INTO contenido_actores (contenido_id, actor_id)
        VALUES (29, (SELECT id FROM actores WHERE nombre = 'William Hurt')) 
        ON DUPLICATE KEY UPDATE contenido_id=contenido_id;

        INSERT INTO contenido_actores (contenido_id, actor_id)
        VALUES (29, (SELECT id FROM actores WHERE nombre = 'Ray Winstone')) 
        ON DUPLICATE KEY UPDATE contenido_id=contenido_id;

    INSERT INTO contenido (id, titulo, categoria_id, resumen, temporadas, duracion, trailer)
    VALUES (30, 'The Martian', (SELECT id FROM categorias WHERE nombre = 'Película'), 'Durante una misión a Marte de la nave tripulada Ares III, una fuerte tormenta se desata dando por desaparecido y muerto al astronauta Mark Watney (Matt Damon), sus compañeros toman la decisión de irse pero él ha sobrevivido. Está solo y sin apenas recursos en el planeta. Con muy pocos medios deberá recurrir a sus conocimientos, su sentido del humor y un gran instinto de supervivencia para lograr sobrevivir y comunicar a la Tierra que todavía está vivo esperando que acudan en su rescate.', 
            'N/A', '97 minutos', 'https://www.youtube.com/embed/XvB58bCVfng') 
    ON DUPLICATE KEY UPDATE titulo=titulo;

        INSERT INTO contenido_generos (contenido_id, genero_id)
        VALUES (30, (SELECT id FROM generos WHERE nombre = 'Drama')) 
        ON DUPLICATE KEY UPDATE contenido_id=contenido_id;

        INSERT INTO contenido_generos (contenido_id, genero_id)
        VALUES (30, (SELECT id FROM generos WHERE nombre = 'Sci-Fi')) 
        ON DUPLICATE KEY UPDATE contenido_id=contenido_id;

        INSERT INTO contenido_generos (contenido_id, genero_id)
        VALUES (30, (SELECT id FROM generos WHERE nombre = 'Aventura')) 
        ON DUPLICATE KEY UPDATE contenido_id=contenido_id;

        INSERT INTO contenido_actores (contenido_id, actor_id)
        VALUES (30, (SELECT id FROM actores WHERE nombre = 'Matt Damon')) 
        ON DUPLICATE KEY UPDATE contenido_id=contenido_id;

        INSERT INTO contenido_actores (contenido_id, actor_id)
        VALUES (30, (SELECT id FROM actores WHERE nombre = 'Jessica Chastain')) 
        ON DUPLICATE KEY UPDATE contenido_id=contenido_id;

        INSERT INTO contenido_actores (contenido_id, actor_id)
        VALUES (30, (SELECT id FROM actores WHERE nombre = 'Kristen Wiig')) 
        ON DUPLICATE KEY UPDATE contenido_id=contenido_id;

        INSERT INTO contenido_actores (contenido_id, actor_id)
        VALUES (30, (SELECT id FROM actores WHERE nombre = 'Jeff Daniels')) 
        ON DUPLICATE KEY UPDATE contenido_id=contenido_id;

        INSERT INTO contenido_actores (contenido_id, actor_id)
        VALUES (30, (SELECT id FROM actores WHERE nombre = 'Michael Peña')) 
        ON DUPLICATE KEY UPDATE contenido_id=contenido_id;

        INSERT INTO contenido_actores (contenido_id, actor_id)
        VALUES (30, (SELECT id FROM actores WHERE nombre = 'Sean Bean')) 
        ON DUPLICATE KEY UPDATE contenido_id=contenido_id;

        INSERT INTO contenido_actores (contenido_id, actor_id)
        VALUES (30, (SELECT id FROM actores WHERE nombre = 'Kate Mara')) 
        ON DUPLICATE KEY UPDATE contenido_id=contenido_id;

    INSERT INTO contenido (id, titulo, categoria_id, resumen, temporadas, duracion, trailer)
    VALUES (31, 'Ex-Machina', (SELECT id FROM categorias WHERE nombre = 'Película'), 'Un programador multimillonario selecciona a Caleb, un joven empleado de su empresa, para que pase una semana en un lugar remoto con el objetivo de que participe en un test en el que estará involucrada su última creación: un robot-mujer en el que inteligencia artificial lo es todo.', 
            'N/A', '97 minutos', 'https://www.youtube.com/embed/XRYL5spvEcI') 
    ON DUPLICATE KEY UPDATE titulo=titulo;

        INSERT INTO contenido_generos (contenido_id, genero_id)
        VALUES (31, (SELECT id FROM generos WHERE nombre = 'Drama')) 
        ON DUPLICATE KEY UPDATE contenido_id=contenido_id;

        INSERT INTO contenido_generos (contenido_id, genero_id)
        VALUES (31, (SELECT id FROM generos WHERE nombre = 'Sci-Fi')) 
        ON DUPLICATE KEY UPDATE contenido_id=contenido_id;

        INSERT INTO contenido_generos (contenido_id, genero_id)
        VALUES (31, (SELECT id FROM generos WHERE nombre = 'Suspenso')) 
        ON DUPLICATE KEY UPDATE contenido_id=contenido_id;

        INSERT INTO contenido_actores (contenido_id, actor_id)
        VALUES (31, (SELECT id FROM actores WHERE nombre = 'Alicia Vikander')) 
        ON DUPLICATE KEY UPDATE contenido_id=contenido_id;

        INSERT INTO contenido_actores (contenido_id, actor_id)
        VALUES (31, (SELECT id FROM actores WHERE nombre = 'Domhnall Gleeson')) 
        ON DUPLICATE KEY UPDATE contenido_id=contenido_id;

        INSERT INTO contenido_actores (contenido_id, actor_id)
        VALUES (31, (SELECT id FROM actores WHERE nombre = 'Oscar Isaac')) 
        ON DUPLICATE KEY UPDATE contenido_id=contenido_id;

        INSERT INTO contenido_actores (contenido_id, actor_id)
        VALUES (31, (SELECT id FROM actores WHERE nombre = 'Sonoya Mizuno')) 
        ON DUPLICATE KEY UPDATE contenido_id=contenido_id;

        INSERT INTO contenido_actores (contenido_id, actor_id)
        VALUES (31, (SELECT id FROM actores WHERE nombre = 'Corey Johnson')) 
        ON DUPLICATE KEY UPDATE contenido_id=contenido_id;

        INSERT INTO contenido_actores (contenido_id, actor_id)
        VALUES (31, (SELECT id FROM actores WHERE nombre = 'Claire Selby')) 
        ON DUPLICATE KEY UPDATE contenido_id=contenido_id;

        INSERT INTO contenido_actores (contenido_id, actor_id)
        VALUES (31, (SELECT id FROM actores WHERE nombre = 'Gana Bayarsaikhan')) 
        ON DUPLICATE KEY UPDATE contenido_id=contenido_id;

    INSERT INTO contenido (id, titulo, categoria_id, resumen, temporadas, duracion, trailer)
    VALUES (32, 'Jurassic World', (SELECT id FROM categorias WHERE nombre = 'Película'), 'Veintidós años después de lo ocurrido en Jurassic Park, la isla Nublar ha sido transformada en un enorme parque temático, Jurassic Wold, con versiones «domesticadas» de algunos de los dinosaurios más conocidos. Cuando todo parece ir sobre ruedas y ser el negocio del siglo, un nuevo dinosaurio de especie desconocida, pues ha sido creado manipulando genéticamente su ADN, y que resulta ser mucho más inteligente de lo que se pensaba, se escapa de su recinto y comienza a causar estragos entre los visitantes del Parque.', 
            'N/A', '97 minutos', 'https://www.youtube.com/embed/RFinNxS5KN4') 
    ON DUPLICATE KEY UPDATE titulo=titulo;

        INSERT INTO contenido_generos (contenido_id, genero_id)
        VALUES (32, (SELECT id FROM generos WHERE nombre = 'Suspenso')) 
        ON DUPLICATE KEY UPDATE contenido_id=contenido_id;

        INSERT INTO contenido_generos (contenido_id, genero_id)
        VALUES (32, (SELECT id FROM generos WHERE nombre = 'Aventura')) 
        ON DUPLICATE KEY UPDATE contenido_id=contenido_id;

        INSERT INTO contenido_generos (contenido_id, genero_id)
        VALUES (32, (SELECT id FROM generos WHERE nombre = 'Ficción')) 
        ON DUPLICATE KEY UPDATE contenido_id=contenido_id;

        INSERT INTO contenido_actores (contenido_id, actor_id)
        VALUES (32, (SELECT id FROM actores WHERE nombre = 'Bryce Dallas Howard')) 
        ON DUPLICATE KEY UPDATE contenido_id=contenido_id;

        INSERT INTO contenido_actores (contenido_id, actor_id)
        VALUES (32, (SELECT id FROM actores WHERE nombre = 'Chris Pratt')) 
        ON DUPLICATE KEY UPDATE contenido_id=contenido_id;

        INSERT INTO contenido_actores (contenido_id, actor_id)
        VALUES (32, (SELECT id FROM actores WHERE nombre = 'Irrfan Khan')) 
        ON DUPLICATE KEY UPDATE contenido_id=contenido_id;

        INSERT INTO contenido_actores (contenido_id, actor_id)
        VALUES (32, (SELECT id FROM actores WHERE nombre = 'Vincent D''Onofrio')) 
        ON DUPLICATE KEY UPDATE contenido_id=contenido_id;

        INSERT INTO contenido_actores (contenido_id, actor_id)
        VALUES (32, (SELECT id FROM actores WHERE nombre = 'Omar Sy')) 
        ON DUPLICATE KEY UPDATE contenido_id=contenido_id;

        INSERT INTO contenido_actores (contenido_id, actor_id)
        VALUES (32, (SELECT id FROM actores WHERE nombre = 'Nick Robinson')) 
        ON DUPLICATE KEY UPDATE contenido_id=contenido_id;

        INSERT INTO contenido_actores (contenido_id, actor_id)
        VALUES (32, (SELECT id FROM actores WHERE nombre = 'Judy Greer')) 
        ON DUPLICATE KEY UPDATE contenido_id=contenido_id;

    INSERT INTO contenido (id, titulo, categoria_id, resumen, temporadas, duracion, trailer)
    VALUES (33, 'Soy leyenda', (SELECT id FROM categorias WHERE nombre = 'Película'), 'Años después de que una plaga mate a la mayoría de la humanidad y transforme al resto en monstruos, el único superviviente en la ciudad de Nueva York lucha valientemente para encontrar una cura.', 
            'N/A', '97 minutos', 'https://www.youtube.com/embed/dtKMEAXyPkg') 
    ON DUPLICATE KEY UPDATE titulo=titulo;

        INSERT INTO contenido_generos (contenido_id, genero_id)
        VALUES (33, (SELECT id FROM generos WHERE nombre = 'Drama')) 
        ON DUPLICATE KEY UPDATE contenido_id=contenido_id;

        INSERT INTO contenido_generos (contenido_id, genero_id)
        VALUES (33, (SELECT id FROM generos WHERE nombre = 'Terror')) 
        ON DUPLICATE KEY UPDATE contenido_id=contenido_id;

        INSERT INTO contenido_generos (contenido_id, genero_id)
        VALUES (33, (SELECT id FROM generos WHERE nombre = 'Ficción')) 
        ON DUPLICATE KEY UPDATE contenido_id=contenido_id;

        INSERT INTO contenido_actores (contenido_id, actor_id)
        VALUES (33, (SELECT id FROM actores WHERE nombre = 'Will Smith')) 
        ON DUPLICATE KEY UPDATE contenido_id=contenido_id;

        INSERT INTO contenido_actores (contenido_id, actor_id)
        VALUES (33, (SELECT id FROM actores WHERE nombre = 'Alice Braga')) 
        ON DUPLICATE KEY UPDATE contenido_id=contenido_id;

        INSERT INTO contenido_actores (contenido_id, actor_id)
        VALUES (33, (SELECT id FROM actores WHERE nombre = 'Charlie Tahan')) 
        ON DUPLICATE KEY UPDATE contenido_id=contenido_id;

        INSERT INTO contenido_actores (contenido_id, actor_id)
        VALUES (33, (SELECT id FROM actores WHERE nombre = 'Dash Mihok')) 
        ON DUPLICATE KEY UPDATE contenido_id=contenido_id;

        INSERT INTO contenido_actores (contenido_id, actor_id)
        VALUES (33, (SELECT id FROM actores WHERE nombre = 'Salli Richardson-Whitfield')) 
        ON DUPLICATE KEY UPDATE contenido_id=contenido_id;

        INSERT INTO contenido_actores (contenido_id, actor_id)
        VALUES (33, (SELECT id FROM actores WHERE nombre = 'Willow Smith')) 
        ON DUPLICATE KEY UPDATE contenido_id=contenido_id;

        INSERT INTO contenido_actores (contenido_id, actor_id)
        VALUES (33, (SELECT id FROM actores WHERE nombre = 'Emma Thompson')) 
        ON DUPLICATE KEY UPDATE contenido_id=contenido_id;

    INSERT INTO contenido (id, titulo, categoria_id, resumen, temporadas, duracion, trailer)
    VALUES (34, 'El primer hombre en la luna', (SELECT id FROM categorias WHERE nombre = 'Película'), 'Cuenta la historia de la misión de la NASA que llevó al primer hombre a la luna, centrada en Neil Armstrong (interpretado por Ryan Gosling) y el periodo comprendido entre los años 1961 y 1969. Un relato en primera persona, basado en la novela de James R. Hansen, que explora el sacrificio y el precio que representó, tanto para Armstrong como para Estados Unidos, una de las misiones más peligrosas de la historia.', 
            'N/A', '97 minutos', 'https://www.youtube.com/embed/PSoRx87OO6k') 
    ON DUPLICATE KEY UPDATE titulo=titulo;

        INSERT INTO contenido_generos (contenido_id, genero_id)
        VALUES (34, (SELECT id FROM generos WHERE nombre = 'Drama')) 
        ON DUPLICATE KEY UPDATE contenido_id=contenido_id;

        INSERT INTO contenido_generos (contenido_id, genero_id)
        VALUES (34, (SELECT id FROM generos WHERE nombre = 'Suceso Real')) 
        ON DUPLICATE KEY UPDATE contenido_id=contenido_id;

        INSERT INTO contenido_actores (contenido_id, actor_id)
        VALUES (34, (SELECT id FROM actores WHERE nombre = 'Ryan Gosling')) 
        ON DUPLICATE KEY UPDATE contenido_id=contenido_id;

        INSERT INTO contenido_actores (contenido_id, actor_id)
        VALUES (34, (SELECT id FROM actores WHERE nombre = 'Claire Foy')) 
        ON DUPLICATE KEY UPDATE contenido_id=contenido_id;

        INSERT INTO contenido_actores (contenido_id, actor_id)
        VALUES (34, (SELECT id FROM actores WHERE nombre = 'Jason Clarke')) 
        ON DUPLICATE KEY UPDATE contenido_id=contenido_id;

        INSERT INTO contenido_actores (contenido_id, actor_id)
        VALUES (34, (SELECT id FROM actores WHERE nombre = 'Kyle Chandler')) 
        ON DUPLICATE KEY UPDATE contenido_id=contenido_id;

        INSERT INTO contenido_actores (contenido_id, actor_id)
        VALUES (34, (SELECT id FROM actores WHERE nombre = 'Corey Stoll')) 
        ON DUPLICATE KEY UPDATE contenido_id=contenido_id;

        INSERT INTO contenido_actores (contenido_id, actor_id)
        VALUES (34, (SELECT id FROM actores WHERE nombre = 'Patrick Fugit')) 
        ON DUPLICATE KEY UPDATE contenido_id=contenido_id;

    INSERT INTO contenido (id, titulo, categoria_id, resumen, temporadas, duracion, trailer)
    VALUES (35, 'Titanes del pacífico - La insurrección', (SELECT id FROM categorias WHERE nombre = 'Película'), 'Han pasado 10 años tras la primera invasión que sufrió la humanidad, pero la lucha aún no ha terminado. El planeta vuelve a ser asediado por los Kaiju, una raza de alienígenas colosales, que emergen desde un portal interdimensional con el objetivo de destruir a la raza humana. Ante esta nueva amenaza, los Jaegers, robots gigantes de guerra pilotados por dos personas para sobrellevar la inmensa carga neuronal que conlleva manipularlos, ya no están a la altura de lo que se les viene encima. Será entonces cuando los supervivientes de la primera invasión, además de nuevos personajes como el hijo de Pentecost, tendrán que idear la manera de sorprender al enorme enemigo, apostando por nuevas estrategias defensivas y de ataque. Con la Tierra en ruinas e intentando reconstruirse, esta nueva batalla puede ser decisiva para el futuro.', 
            'N/A', '97 minutos', 'https://www.youtube.com/embed/_EhiLLOhVis') 
    ON DUPLICATE KEY UPDATE titulo=titulo;

        INSERT INTO contenido_generos (contenido_id, genero_id)
        VALUES (35, (SELECT id FROM generos WHERE nombre = 'Acción')) 
        ON DUPLICATE KEY UPDATE contenido_id=contenido_id;

        INSERT INTO contenido_generos (contenido_id, genero_id)
        VALUES (35, (SELECT id FROM generos WHERE nombre = 'Fantasía')) 
        ON DUPLICATE KEY UPDATE contenido_id=contenido_id;

        INSERT INTO contenido_generos (contenido_id, genero_id)
        VALUES (35, (SELECT id FROM generos WHERE nombre = 'Sci-Fi')) 
        ON DUPLICATE KEY UPDATE contenido_id=contenido_id;

        INSERT INTO contenido_actores (contenido_id, actor_id)
        VALUES (35, (SELECT id FROM actores WHERE nombre = 'John Boyega')) 
        ON DUPLICATE KEY UPDATE contenido_id=contenido_id;

        INSERT INTO contenido_actores (contenido_id, actor_id)
        VALUES (35, (SELECT id FROM actores WHERE nombre = 'Scott Eastwood')) 
        ON DUPLICATE KEY UPDATE contenido_id=contenido_id;

        INSERT INTO contenido_actores (contenido_id, actor_id)
        VALUES (35, (SELECT id FROM actores WHERE nombre = 'Cailee Spaeny')) 
        ON DUPLICATE KEY UPDATE contenido_id=contenido_id;

        INSERT INTO contenido_actores (contenido_id, actor_id)
        VALUES (35, (SELECT id FROM actores WHERE nombre = 'Jing Tian')) 
        ON DUPLICATE KEY UPDATE contenido_id=contenido_id;

        INSERT INTO contenido_actores (contenido_id, actor_id)
        VALUES (35, (SELECT id FROM actores WHERE nombre = 'Rinko Kikuchi')) 
        ON DUPLICATE KEY UPDATE contenido_id=contenido_id;

        INSERT INTO contenido_actores (contenido_id, actor_id)
        VALUES (35, (SELECT id FROM actores WHERE nombre = 'Burn Gorman')) 
        ON DUPLICATE KEY UPDATE contenido_id=contenido_id;

    INSERT INTO contenido (id, titulo, categoria_id, resumen, temporadas, duracion, trailer)
    VALUES (36, 'JOBS: La Vida De Steve Jobs', (SELECT id FROM categorias WHERE nombre = 'Película'), 'Sólo hace falta una persona para empezar una revolución. Jobs es la extraordinaria historia de Steve Jobs, el original innovador y emprendedor que no dejó que nada se interpusiera en su camino hacia la grandeza. La película cuenta la épica y turbulenta historia de Jobs mientras abría un camino que cambió la tecnología - y el mundo - para siempre. Su vida es repasada desde que era adolescente, intentando estudiar en la universidad, hasta el año 2001, cuando el iPod fue presentado al mundo y comenzó a ''allanar'' el camino para lo que años después, sería el iPhone.', 
            'N/A', '104 minutos', 'https://www.youtube.com/embed/FrvkCS0ZGPU') 
    ON DUPLICATE KEY UPDATE titulo=titulo;

        INSERT INTO contenido_generos (contenido_id, genero_id)
        VALUES (36, (SELECT id FROM generos WHERE nombre = 'Drama')) 
        ON DUPLICATE KEY UPDATE contenido_id=contenido_id;

        INSERT INTO contenido_generos (contenido_id, genero_id)
        VALUES (36, (SELECT id FROM generos WHERE nombre = 'Historia')) 
        ON DUPLICATE KEY UPDATE contenido_id=contenido_id;

        INSERT INTO contenido_generos (contenido_id, genero_id)
        VALUES (36, (SELECT id FROM generos WHERE nombre = 'Tecnología')) 
        ON DUPLICATE KEY UPDATE contenido_id=contenido_id;

        INSERT INTO contenido_actores (contenido_id, actor_id)
        VALUES (36, (SELECT id FROM actores WHERE nombre = 'Ahston Kutcher')) 
        ON DUPLICATE KEY UPDATE contenido_id=contenido_id;

        INSERT INTO contenido_actores (contenido_id, actor_id)
        VALUES (36, (SELECT id FROM actores WHERE nombre = 'Dermot Mulroney')) 
        ON DUPLICATE KEY UPDATE contenido_id=contenido_id;

        INSERT INTO contenido_actores (contenido_id, actor_id)
        VALUES (36, (SELECT id FROM actores WHERE nombre = 'Josh Gad')) 
        ON DUPLICATE KEY UPDATE contenido_id=contenido_id;

        INSERT INTO contenido_actores (contenido_id, actor_id)
        VALUES (36, (SELECT id FROM actores WHERE nombre = 'Lukas Haas')) 
        ON DUPLICATE KEY UPDATE contenido_id=contenido_id;

        INSERT INTO contenido_actores (contenido_id, actor_id)
        VALUES (36, (SELECT id FROM actores WHERE nombre = 'Matthew Modine')) 
        ON DUPLICATE KEY UPDATE contenido_id=contenido_id;

        INSERT INTO contenido_actores (contenido_id, actor_id)
        VALUES (36, (SELECT id FROM actores WHERE nombre = 'J.K. Simmons')) 
        ON DUPLICATE KEY UPDATE contenido_id=contenido_id;

        INSERT INTO contenido_actores (contenido_id, actor_id)
        VALUES (36, (SELECT id FROM actores WHERE nombre = 'Lesley Ann Warren')) 
        ON DUPLICATE KEY UPDATE contenido_id=contenido_id;

    INSERT INTO contenido (id, titulo, categoria_id, resumen, temporadas, duracion, trailer)
    VALUES (37, 'Piratas de Silicon Valey', (SELECT id FROM categorias WHERE nombre = 'Película'), 'Esta película es el documental semigracioso sobre los hombres que hicieron el mundo de la tecnología lo que es hoy, sus luchas durante el colegio, la fundación de sus compañías y las acciones ingeniosas que tomaron para aumentar los Imperios corporativos globales de Apple Computer Inc. y Microsoft Corporation.', 
            'N/A', '104 minutos', 'https://www.youtube.com/embed/lEyrivrjAuU') 
    ON DUPLICATE KEY UPDATE titulo=titulo;

        INSERT INTO contenido_generos (contenido_id, genero_id)
        VALUES (37, (SELECT id FROM generos WHERE nombre = 'Tecnología')) 
        ON DUPLICATE KEY UPDATE contenido_id=contenido_id;

        INSERT INTO contenido_generos (contenido_id, genero_id)
        VALUES (37, (SELECT id FROM generos WHERE nombre = 'Historia')) 
        ON DUPLICATE KEY UPDATE contenido_id=contenido_id;

        INSERT INTO contenido_generos (contenido_id, genero_id)
        VALUES (37, (SELECT id FROM generos WHERE nombre = 'Comedia')) 
        ON DUPLICATE KEY UPDATE contenido_id=contenido_id;

        INSERT INTO contenido_actores (contenido_id, actor_id)
        VALUES (37, (SELECT id FROM actores WHERE nombre = 'Noah Wyle')) 
        ON DUPLICATE KEY UPDATE contenido_id=contenido_id;

        INSERT INTO contenido_actores (contenido_id, actor_id)
        VALUES (37, (SELECT id FROM actores WHERE nombre = 'Anthony Michael')) 
        ON DUPLICATE KEY UPDATE contenido_id=contenido_id;

        INSERT INTO contenido_actores (contenido_id, actor_id)
        VALUES (37, (SELECT id FROM actores WHERE nombre = 'Joey Slotnick')) 
        ON DUPLICATE KEY UPDATE contenido_id=contenido_id;

        INSERT INTO contenido_actores (contenido_id, actor_id)
        VALUES (37, (SELECT id FROM actores WHERE nombre = 'J.G. Hertzler')) 
        ON DUPLICATE KEY UPDATE contenido_id=contenido_id;

        INSERT INTO contenido_actores (contenido_id, actor_id)
        VALUES (37, (SELECT id FROM actores WHERE nombre = 'Wayne Pére')) 
        ON DUPLICATE KEY UPDATE contenido_id=contenido_id;

        INSERT INTO contenido_actores (contenido_id, actor_id)
        VALUES (37, (SELECT id FROM actores WHERE nombre = 'Sheila Shaw')) 
        ON DUPLICATE KEY UPDATE contenido_id=contenido_id;

        INSERT INTO contenido_actores (contenido_id, actor_id)
        VALUES (37, (SELECT id FROM actores WHERE nombre = 'Gemma Zamprogna')) 
        ON DUPLICATE KEY UPDATE contenido_id=contenido_id;

        INSERT INTO contenido_actores (contenido_id, actor_id)
        VALUES (37, (SELECT id FROM actores WHERE nombre = 'John DiMaggio')) 
        ON DUPLICATE KEY UPDATE contenido_id=contenido_id;

    INSERT INTO contenido (id, titulo, categoria_id, resumen, temporadas, duracion, trailer)
    VALUES (38, 'Red Social', (SELECT id FROM categorias WHERE nombre = 'Película'), 'En una noche de otoño de 2003, el genio de la programación de computación de la Universidad de Harvard Mark Zuckerberg se sienta en su computadora y acaloradamente comienza a trabajar en una nueva idea. En una furia de los blogs y la programación, lo que comienza en su dormitorio como un pequeño sitio entre amigos pronto se convierte en una red social global y una revolución en la comunicación. A sólo seis años y 500 millones de amigos más tarde, Mark Zuckerberg es el multimillonario más joven de la historia ... pero para este empresario, el éxito conduce a complicaciones tanto personales como legales.', 
            'N/A', '116 minutos', 'https://www.youtube.com/embed/lB95KLmpLR4') 
    ON DUPLICATE KEY UPDATE titulo=titulo;

        INSERT INTO contenido_generos (contenido_id, genero_id)
        VALUES (38, (SELECT id FROM generos WHERE nombre = 'Drama')) 
        ON DUPLICATE KEY UPDATE contenido_id=contenido_id;

        INSERT INTO contenido_generos (contenido_id, genero_id)
        VALUES (38, (SELECT id FROM generos WHERE nombre = 'Historia')) 
        ON DUPLICATE KEY UPDATE contenido_id=contenido_id;

        INSERT INTO contenido_generos (contenido_id, genero_id)
        VALUES (38, (SELECT id FROM generos WHERE nombre = 'Tecnología')) 
        ON DUPLICATE KEY UPDATE contenido_id=contenido_id;

        INSERT INTO contenido_actores (contenido_id, actor_id)
        VALUES (38, (SELECT id FROM actores WHERE nombre = 'Jesse Eisenberg')) 
        ON DUPLICATE KEY UPDATE contenido_id=contenido_id;

        INSERT INTO contenido_actores (contenido_id, actor_id)
        VALUES (38, (SELECT id FROM actores WHERE nombre = 'Andrew Garfield')) 
        ON DUPLICATE KEY UPDATE contenido_id=contenido_id;

        INSERT INTO contenido_actores (contenido_id, actor_id)
        VALUES (38, (SELECT id FROM actores WHERE nombre = 'Justin Timberlake')) 
        ON DUPLICATE KEY UPDATE contenido_id=contenido_id;

        INSERT INTO contenido_actores (contenido_id, actor_id)
        VALUES (38, (SELECT id FROM actores WHERE nombre = 'Armie Hammer')) 
        ON DUPLICATE KEY UPDATE contenido_id=contenido_id;

        INSERT INTO contenido_actores (contenido_id, actor_id)
        VALUES (38, (SELECT id FROM actores WHERE nombre = 'Max Minghella')) 
        ON DUPLICATE KEY UPDATE contenido_id=contenido_id;

        INSERT INTO contenido_actores (contenido_id, actor_id)
        VALUES (38, (SELECT id FROM actores WHERE nombre = 'Rooney Mara')) 
        ON DUPLICATE KEY UPDATE contenido_id=contenido_id;

        INSERT INTO contenido_actores (contenido_id, actor_id)
        VALUES (38, (SELECT id FROM actores WHERE nombre = 'Brenda Song')) 
        ON DUPLICATE KEY UPDATE contenido_id=contenido_id;

        INSERT INTO contenido_actores (contenido_id, actor_id)
        VALUES (38, (SELECT id FROM actores WHERE nombre = 'Rashida Jones')) 
        ON DUPLICATE KEY UPDATE contenido_id=contenido_id;

        INSERT INTO contenido_actores (contenido_id, actor_id)
        VALUES (38, (SELECT id FROM actores WHERE nombre = 'John Gertz')) 
        ON DUPLICATE KEY UPDATE contenido_id=contenido_id;

    INSERT INTO contenido (id, titulo, categoria_id, resumen, temporadas, duracion, trailer)
    VALUES (39, 'Antitrust', (SELECT id FROM categorias WHERE nombre = 'Película'), 'Milo Hoffman es un joven informático increíblemente prometedor para su edad que rápidamente es contratado por una importante empresa de Sillicon Valley. El empleo de sus sueños se ha hecho realidad, ya que ahí puede trabajar con los ordenadores más potentes del mundo y con las últimas tecnologías que aún no han salido al mercado. El Paraíso de un informático. Su jefe, Gary Winston , es un poderoso pez gordo de la industria que en un principio parece un tipo íntegro y legal. Pero pronto descubrirá que fisgar en sus archivos secretos no es la mejor idea si uno quiere conservar su trabajo... y su vida.', 
            'N/A', '110 minutos', 'https://www.youtube.com/embed/k3TwIJjyjPM') 
    ON DUPLICATE KEY UPDATE titulo=titulo;

        INSERT INTO contenido_generos (contenido_id, genero_id)
        VALUES (39, (SELECT id FROM generos WHERE nombre = 'Acción')) 
        ON DUPLICATE KEY UPDATE contenido_id=contenido_id;

        INSERT INTO contenido_generos (contenido_id, genero_id)
        VALUES (39, (SELECT id FROM generos WHERE nombre = 'Suspenso')) 
        ON DUPLICATE KEY UPDATE contenido_id=contenido_id;

        INSERT INTO contenido_generos (contenido_id, genero_id)
        VALUES (39, (SELECT id FROM generos WHERE nombre = 'Drama')) 
        ON DUPLICATE KEY UPDATE contenido_id=contenido_id;

        INSERT INTO contenido_actores (contenido_id, actor_id)
        VALUES (39, (SELECT id FROM actores WHERE nombre = 'Ryan Phillippe')) 
        ON DUPLICATE KEY UPDATE contenido_id=contenido_id;

        INSERT INTO contenido_actores (contenido_id, actor_id)
        VALUES (39, (SELECT id FROM actores WHERE nombre = 'Rachael Leigh Cook')) 
        ON DUPLICATE KEY UPDATE contenido_id=contenido_id;

        INSERT INTO contenido_actores (contenido_id, actor_id)
        VALUES (39, (SELECT id FROM actores WHERE nombre = 'Tim Robbins')) 
        ON DUPLICATE KEY UPDATE contenido_id=contenido_id;

        INSERT INTO contenido_actores (contenido_id, actor_id)
        VALUES (39, (SELECT id FROM actores WHERE nombre = 'Claire Forlani')) 
        ON DUPLICATE KEY UPDATE contenido_id=contenido_id;

        INSERT INTO contenido_actores (contenido_id, actor_id)
        VALUES (39, (SELECT id FROM actores WHERE nombre = 'Richard Rountree')) 
        ON DUPLICATE KEY UPDATE contenido_id=contenido_id;

        INSERT INTO contenido_actores (contenido_id, actor_id)
        VALUES (39, (SELECT id FROM actores WHERE nombre = 'Tygh Runyan')) 
        ON DUPLICATE KEY UPDATE contenido_id=contenido_id;

        INSERT INTO contenido_actores (contenido_id, actor_id)
        VALUES (39, (SELECT id FROM actores WHERE nombre = 'Ned Bellamy')) 
        ON DUPLICATE KEY UPDATE contenido_id=contenido_id;

        INSERT INTO contenido_actores (contenido_id, actor_id)
        VALUES (39, (SELECT id FROM actores WHERE nombre = 'Tyler Labine')) 
        ON DUPLICATE KEY UPDATE contenido_id=contenido_id;

    INSERT INTO contenido (id, titulo, categoria_id, resumen, temporadas, duracion, trailer)
    VALUES (40, 'Stowaway', (SELECT id FROM categorias WHERE nombre = 'Película'), 'Una misión al planeta Marte. Dos años de duración. De repente, los tres tripulantes afectados a esta labor deben tomar una decisión imposible cuando un pasajero imprevisto compromete la vida de todos a bordo. No hay vuelta atrás. La decisión deberá tomarse contemplando la vida de los, ahora, cuatro pasajeros aún cuando la supervivecnaia tenga que acarrear algún sacrificio.', 
            'N/A', '118 minutos', 'https://www.youtube.com/embed/A_apvQkWsVY') 
    ON DUPLICATE KEY UPDATE titulo=titulo;

        INSERT INTO contenido_generos (contenido_id, genero_id)
        VALUES (40, (SELECT id FROM generos WHERE nombre = 'Drama')) 
        ON DUPLICATE KEY UPDATE contenido_id=contenido_id;

        INSERT INTO contenido_generos (contenido_id, genero_id)
        VALUES (40, (SELECT id FROM generos WHERE nombre = 'Ciencia ficción')) 
        ON DUPLICATE KEY UPDATE contenido_id=contenido_id;

        INSERT INTO contenido_generos (contenido_id, genero_id)
        VALUES (40, (SELECT id FROM generos WHERE nombre = 'Suspenso')) 
        ON DUPLICATE KEY UPDATE contenido_id=contenido_id;

        INSERT INTO contenido_actores (contenido_id, actor_id)
        VALUES (40, (SELECT id FROM actores WHERE nombre = 'Anna Kendrick')) 
        ON DUPLICATE KEY UPDATE contenido_id=contenido_id;

        INSERT INTO contenido_actores (contenido_id, actor_id)
        VALUES (40, (SELECT id FROM actores WHERE nombre = 'Daniel Dae Kim')) 
        ON DUPLICATE KEY UPDATE contenido_id=contenido_id;

        INSERT INTO contenido_actores (contenido_id, actor_id)
        VALUES (40, (SELECT id FROM actores WHERE nombre = 'Shamier Anderson')) 
        ON DUPLICATE KEY UPDATE contenido_id=contenido_id;

        INSERT INTO contenido_actores (contenido_id, actor_id)
        VALUES (40, (SELECT id FROM actores WHERE nombre = 'Toni Collette')) 
        ON DUPLICATE KEY UPDATE contenido_id=contenido_id;

    INSERT INTO contenido (id, titulo, categoria_id, resumen, temporadas, duracion, trailer)
    VALUES (41, 'Liga de la Justicia - Zack Snyder', (SELECT id FROM categorias WHERE nombre = 'Película'), 'Decidido a asegurarse de que el sacrificio final de Superman no fue en vano, Bruce Wayne alinea fuerzas con Diana Prince con planes para reclutar un equipo de metahumanos para proteger al mundo de una amenaza de proporciones catastróficas que se aproxima. En esta fascinante entrega, no apta para niños, verás cómo se conforma la Liga de la Justicia, uniendo a los principales superhéroes conocidos como Metahumanos.', 
            'N/A', '242 minutos', 'https://www.youtube.com/embed/BUb_-RxsoBs') 
    ON DUPLICATE KEY UPDATE titulo=titulo;

        INSERT INTO contenido_generos (contenido_id, genero_id)
        VALUES (41, (SELECT id FROM generos WHERE nombre = 'Acción')) 
        ON DUPLICATE KEY UPDATE contenido_id=contenido_id;

        INSERT INTO contenido_generos (contenido_id, genero_id)
        VALUES (41, (SELECT id FROM generos WHERE nombre = 'Aventura')) 
        ON DUPLICATE KEY UPDATE contenido_id=contenido_id;

        INSERT INTO contenido_generos (contenido_id, genero_id)
        VALUES (41, (SELECT id FROM generos WHERE nombre = 'Ciencia ficción')) 
        ON DUPLICATE KEY UPDATE contenido_id=contenido_id;

        INSERT INTO contenido_generos (contenido_id, genero_id)
        VALUES (41, (SELECT id FROM generos WHERE nombre = 'Fantasía')) 
        ON DUPLICATE KEY UPDATE contenido_id=contenido_id;

        INSERT INTO contenido_actores (contenido_id, actor_id)
        VALUES (41, (SELECT id FROM actores WHERE nombre = 'Ben Affleck')) 
        ON DUPLICATE KEY UPDATE contenido_id=contenido_id;

        INSERT INTO contenido_actores (contenido_id, actor_id)
        VALUES (41, (SELECT id FROM actores WHERE nombre = 'Henry Cavill')) 
        ON DUPLICATE KEY UPDATE contenido_id=contenido_id;

        INSERT INTO contenido_actores (contenido_id, actor_id)
        VALUES (41, (SELECT id FROM actores WHERE nombre = 'Gal Gadot')) 
        ON DUPLICATE KEY UPDATE contenido_id=contenido_id;

        INSERT INTO contenido_actores (contenido_id, actor_id)
        VALUES (41, (SELECT id FROM actores WHERE nombre = 'Jason Momoa')) 
        ON DUPLICATE KEY UPDATE contenido_id=contenido_id;

        INSERT INTO contenido_actores (contenido_id, actor_id)
        VALUES (41, (SELECT id FROM actores WHERE nombre = 'Ezra Miller')) 
        ON DUPLICATE KEY UPDATE contenido_id=contenido_id;

        INSERT INTO contenido_actores (contenido_id, actor_id)
        VALUES (41, (SELECT id FROM actores WHERE nombre = 'Ray Fisher')) 
        ON DUPLICATE KEY UPDATE contenido_id=contenido_id;

        INSERT INTO contenido_actores (contenido_id, actor_id)
        VALUES (41, (SELECT id FROM actores WHERE nombre = 'Amy Adams')) 
        ON DUPLICATE KEY UPDATE contenido_id=contenido_id;

        INSERT INTO contenido_actores (contenido_id, actor_id)
        VALUES (41, (SELECT id FROM actores WHERE nombre = 'Jeremy Irons')) 
        ON DUPLICATE KEY UPDATE contenido_id=contenido_id;

        INSERT INTO contenido_actores (contenido_id, actor_id)
        VALUES (41, (SELECT id FROM actores WHERE nombre = 'Connie Nielsen')) 
        ON DUPLICATE KEY UPDATE contenido_id=contenido_id;

    INSERT INTO contenido (id, titulo, categoria_id, resumen, temporadas, duracion, trailer)
    VALUES (42, 'Two and a half men', (SELECT id FROM categorias WHERE nombre = 'Serie'), 'Un quiropráctico y padre soltero, Alan Harper, vive en una casa al frente de la playa con su hijo mediocre, Jake, y un billonario de la Internet divorciado Walden Schmidt, que se muda con la familia de los Harper y ofrece comprar la casa luego de la muerte inesperada del hermano de Alan, Charlie, que era el propietario de la casa en la que vivía con Alan y Jake, luego de que padre e hijo se mudaran después del divorcio de Alan. La exesposa de Alan y madre de Jake, Judith, permanece en sus vidas.', 
            '12', 'N/A', 'https://www.youtube.com/embed/mVHDanSl2pc') 
    ON DUPLICATE KEY UPDATE titulo=titulo;

        INSERT INTO contenido_generos (contenido_id, genero_id)
        VALUES (42, (SELECT id FROM generos WHERE nombre = 'Familia')) 
        ON DUPLICATE KEY UPDATE contenido_id=contenido_id;

        INSERT INTO contenido_generos (contenido_id, genero_id)
        VALUES (42, (SELECT id FROM generos WHERE nombre = 'Comedia')) 
        ON DUPLICATE KEY UPDATE contenido_id=contenido_id;

        INSERT INTO contenido_generos (contenido_id, genero_id)
        VALUES (42, (SELECT id FROM generos WHERE nombre = 'Aventura')) 
        ON DUPLICATE KEY UPDATE contenido_id=contenido_id;

        INSERT INTO contenido_actores (contenido_id, actor_id)
        VALUES (42, (SELECT id FROM actores WHERE nombre = 'Charlie Sheen')) 
        ON DUPLICATE KEY UPDATE contenido_id=contenido_id;

        INSERT INTO contenido_actores (contenido_id, actor_id)
        VALUES (42, (SELECT id FROM actores WHERE nombre = 'Jon Cryer')) 
        ON DUPLICATE KEY UPDATE contenido_id=contenido_id;

        INSERT INTO contenido_actores (contenido_id, actor_id)
        VALUES (42, (SELECT id FROM actores WHERE nombre = 'Angus T. Jones')) 
        ON DUPLICATE KEY UPDATE contenido_id=contenido_id;

        INSERT INTO contenido_actores (contenido_id, actor_id)
        VALUES (42, (SELECT id FROM actores WHERE nombre = 'Conchata Ferrel')) 
        ON DUPLICATE KEY UPDATE contenido_id=contenido_id;

        INSERT INTO contenido_actores (contenido_id, actor_id)
        VALUES (42, (SELECT id FROM actores WHERE nombre = 'Holland Taylor')) 
        ON DUPLICATE KEY UPDATE contenido_id=contenido_id;

        INSERT INTO contenido_actores (contenido_id, actor_id)
        VALUES (42, (SELECT id FROM actores WHERE nombre = 'Marin Hinkle')) 
        ON DUPLICATE KEY UPDATE contenido_id=contenido_id;

        INSERT INTO contenido_actores (contenido_id, actor_id)
        VALUES (42, (SELECT id FROM actores WHERE nombre = 'Jennifer Bini Taylor')) 
        ON DUPLICATE KEY UPDATE contenido_id=contenido_id;

        INSERT INTO contenido_actores (contenido_id, actor_id)
        VALUES (42, (SELECT id FROM actores WHERE nombre = 'Melanie Lynskey')) 
        ON DUPLICATE KEY UPDATE contenido_id=contenido_id;

        INSERT INTO contenido_actores (contenido_id, actor_id)
        VALUES (42, (SELECT id FROM actores WHERE nombre = 'Ashton Kutcher')) 
        ON DUPLICATE KEY UPDATE contenido_id=contenido_id;

        INSERT INTO contenido_actores (contenido_id, actor_id)
        VALUES (42, (SELECT id FROM actores WHERE nombre = 'Amber Tamblyn')) 
        ON DUPLICATE KEY UPDATE contenido_id=contenido_id;

    INSERT INTO contenido (id, titulo, categoria_id, resumen, temporadas, duracion, trailer)
    VALUES (43, 'La casa de Papel', (SELECT id FROM categorias WHERE nombre = 'Serie'), 'Ocho ladrones toman rehenes en la Fábrica Nacional de Moneda y Timbre de España, mientras el líder de la banda manipula a la policía para cumplir con su plan.', 
            '4', 'N/A', 'https://www.youtube.com/embed/w1jkStuRQU8') 
    ON DUPLICATE KEY UPDATE titulo=titulo;

        INSERT INTO contenido_generos (contenido_id, genero_id)
        VALUES (43, (SELECT id FROM generos WHERE nombre = 'Aventura')) 
        ON DUPLICATE KEY UPDATE contenido_id=contenido_id;

        INSERT INTO contenido_generos (contenido_id, genero_id)
        VALUES (43, (SELECT id FROM generos WHERE nombre = 'Drama')) 
        ON DUPLICATE KEY UPDATE contenido_id=contenido_id;

        INSERT INTO contenido_generos (contenido_id, genero_id)
        VALUES (43, (SELECT id FROM generos WHERE nombre = 'Acción')) 
        ON DUPLICATE KEY UPDATE contenido_id=contenido_id;

        INSERT INTO contenido_actores (contenido_id, actor_id)
        VALUES (43, (SELECT id FROM actores WHERE nombre = 'Úrsula Corberó')) 
        ON DUPLICATE KEY UPDATE contenido_id=contenido_id;

        INSERT INTO contenido_actores (contenido_id, actor_id)
        VALUES (43, (SELECT id FROM actores WHERE nombre = 'Álvaro Morte')) 
        ON DUPLICATE KEY UPDATE contenido_id=contenido_id;

        INSERT INTO contenido_actores (contenido_id, actor_id)
        VALUES (43, (SELECT id FROM actores WHERE nombre = 'Itziar Ituño')) 
        ON DUPLICATE KEY UPDATE contenido_id=contenido_id;

        INSERT INTO contenido_actores (contenido_id, actor_id)
        VALUES (43, (SELECT id FROM actores WHERE nombre = 'Pedro Alonso')) 
        ON DUPLICATE KEY UPDATE contenido_id=contenido_id;

        INSERT INTO contenido_actores (contenido_id, actor_id)
        VALUES (43, (SELECT id FROM actores WHERE nombre = 'Alba Flores')) 
        ON DUPLICATE KEY UPDATE contenido_id=contenido_id;

        INSERT INTO contenido_actores (contenido_id, actor_id)
        VALUES (43, (SELECT id FROM actores WHERE nombre = 'Miguel Herrán')) 
        ON DUPLICATE KEY UPDATE contenido_id=contenido_id;

        INSERT INTO contenido_actores (contenido_id, actor_id)
        VALUES (43, (SELECT id FROM actores WHERE nombre = 'Jaime Lorente')) 
        ON DUPLICATE KEY UPDATE contenido_id=contenido_id;

        INSERT INTO contenido_actores (contenido_id, actor_id)
        VALUES (43, (SELECT id FROM actores WHERE nombre = 'Esther Acebo')) 
        ON DUPLICATE KEY UPDATE contenido_id=contenido_id;

        INSERT INTO contenido_actores (contenido_id, actor_id)
        VALUES (43, (SELECT id FROM actores WHERE nombre = 'Enrique Arce')) 
        ON DUPLICATE KEY UPDATE contenido_id=contenido_id;

    INSERT INTO contenido (id, titulo, categoria_id, resumen, temporadas, duracion, trailer)
    VALUES (44, 'Stranger Things', (SELECT id FROM categorias WHERE nombre = 'Serie'), 'Pasan cosas muy extrañas en Hawkins, Indiana, tras una desaparición que revela la presencia de una niña con poderes sobrenaturales. Después de la extraña desaparición de un niño, un pueblo se encuentra ante un misterio que revela experimentos secretos, fuerzas sobrenaturales.', 
            '4', 'N/A', 'https://www.youtube.com/embed/b9EkMc79ZSU') 
    ON DUPLICATE KEY UPDATE titulo=titulo;

        INSERT INTO contenido_generos (contenido_id, genero_id)
        VALUES (44, (SELECT id FROM generos WHERE nombre = 'Misterio')) 
        ON DUPLICATE KEY UPDATE contenido_id=contenido_id;

        INSERT INTO contenido_generos (contenido_id, genero_id)
        VALUES (44, (SELECT id FROM generos WHERE nombre = 'Suspenso')) 
        ON DUPLICATE KEY UPDATE contenido_id=contenido_id;

        INSERT INTO contenido_generos (contenido_id, genero_id)
        VALUES (44, (SELECT id FROM generos WHERE nombre = 'Familia')) 
        ON DUPLICATE KEY UPDATE contenido_id=contenido_id;

        INSERT INTO contenido_actores (contenido_id, actor_id)
        VALUES (44, (SELECT id FROM actores WHERE nombre = 'Winona Ryder')) 
        ON DUPLICATE KEY UPDATE contenido_id=contenido_id;

        INSERT INTO contenido_actores (contenido_id, actor_id)
        VALUES (44, (SELECT id FROM actores WHERE nombre = 'David Harbour')) 
        ON DUPLICATE KEY UPDATE contenido_id=contenido_id;

        INSERT INTO contenido_actores (contenido_id, actor_id)
        VALUES (44, (SELECT id FROM actores WHERE nombre = 'Finn Wolfhard')) 
        ON DUPLICATE KEY UPDATE contenido_id=contenido_id;

        INSERT INTO contenido_actores (contenido_id, actor_id)
        VALUES (44, (SELECT id FROM actores WHERE nombre = 'Millie Bobby Brown')) 
        ON DUPLICATE KEY UPDATE contenido_id=contenido_id;

        INSERT INTO contenido_actores (contenido_id, actor_id)
        VALUES (44, (SELECT id FROM actores WHERE nombre = 'Gaten Matarazzo')) 
        ON DUPLICATE KEY UPDATE contenido_id=contenido_id;

        INSERT INTO contenido_actores (contenido_id, actor_id)
        VALUES (44, (SELECT id FROM actores WHERE nombre = 'Caleb McLaughlin')) 
        ON DUPLICATE KEY UPDATE contenido_id=contenido_id;

        INSERT INTO contenido_actores (contenido_id, actor_id)
        VALUES (44, (SELECT id FROM actores WHERE nombre = 'Natalia Dyer')) 
        ON DUPLICATE KEY UPDATE contenido_id=contenido_id;

        INSERT INTO contenido_actores (contenido_id, actor_id)
        VALUES (44, (SELECT id FROM actores WHERE nombre = 'Charlie')) 
        ON DUPLICATE KEY UPDATE contenido_id=contenido_id;

        INSERT INTO contenido_actores (contenido_id, actor_id)
        VALUES (44, (SELECT id FROM actores WHERE nombre = 'Heaton')) 
        ON DUPLICATE KEY UPDATE contenido_id=contenido_id;

        INSERT INTO contenido_actores (contenido_id, actor_id)
        VALUES (44, (SELECT id FROM actores WHERE nombre = 'Joe Keery')) 
        ON DUPLICATE KEY UPDATE contenido_id=contenido_id;

    INSERT INTO contenido (id, titulo, categoria_id, resumen, temporadas, duracion, trailer)
    VALUES (45, 'Gravity', (SELECT id FROM categorias WHERE nombre = 'Película'), 'Durante un paseo espacial rutinario, dos astronautas sufren un grave accidente y quedan flotando en el espacio. Una es la doctora Ryan Stone, una brillante ingeniera en su primera misión espacial en la Shuttle. Su acompañante es el veterano astronauta Matt Kowalsky. Durante el paseo algo sale mal y ocurre el desastre: el shuttle queda destrozado, dejando a Ryan y Matt completamente solos, momento a partir del cual intentarán por todos los medios volver a la Tierra.', 
            '', '93 minutos', 'https://www.youtube.com/embed/OiTiKOy59o4') 
    ON DUPLICATE KEY UPDATE titulo=titulo;

        INSERT INTO contenido_generos (contenido_id, genero_id)
        VALUES (45, (SELECT id FROM generos WHERE nombre = 'Ciencia ficción')) 
        ON DUPLICATE KEY UPDATE contenido_id=contenido_id;

        INSERT INTO contenido_generos (contenido_id, genero_id)
        VALUES (45, (SELECT id FROM generos WHERE nombre = 'Suspenso')) 
        ON DUPLICATE KEY UPDATE contenido_id=contenido_id;

        INSERT INTO contenido_generos (contenido_id, genero_id)
        VALUES (45, (SELECT id FROM generos WHERE nombre = 'Drama')) 
        ON DUPLICATE KEY UPDATE contenido_id=contenido_id;

        INSERT INTO contenido_actores (contenido_id, actor_id)
        VALUES (45, (SELECT id FROM actores WHERE nombre = 'Sandra Bullock')) 
        ON DUPLICATE KEY UPDATE contenido_id=contenido_id;

        INSERT INTO contenido_actores (contenido_id, actor_id)
        VALUES (45, (SELECT id FROM actores WHERE nombre = 'George Clooney')) 
        ON DUPLICATE KEY UPDATE contenido_id=contenido_id;

        INSERT INTO contenido_actores (contenido_id, actor_id)
        VALUES (45, (SELECT id FROM actores WHERE nombre = 'Ed Harris')) 
        ON DUPLICATE KEY UPDATE contenido_id=contenido_id;

        INSERT INTO contenido_actores (contenido_id, actor_id)
        VALUES (45, (SELECT id FROM actores WHERE nombre = 'Orto Ignatiussen')) 
        ON DUPLICATE KEY UPDATE contenido_id=contenido_id;

        INSERT INTO contenido_actores (contenido_id, actor_id)
        VALUES (45, (SELECT id FROM actores WHERE nombre = 'Phaldut Sharma')) 
        ON DUPLICATE KEY UPDATE contenido_id=contenido_id;

        INSERT INTO contenido_actores (contenido_id, actor_id)
        VALUES (45, (SELECT id FROM actores WHERE nombre = 'Amy Warren')) 
        ON DUPLICATE KEY UPDATE contenido_id=contenido_id;

        INSERT INTO contenido_actores (contenido_id, actor_id)
        VALUES (45, (SELECT id FROM actores WHERE nombre = 'Basher Savage')) 
        ON DUPLICATE KEY UPDATE contenido_id=contenido_id;

        INSERT INTO contenido_actores (contenido_id, actor_id)
        VALUES (45, (SELECT id FROM actores WHERE nombre = 'Adam Cozens')) 
        ON DUPLICATE KEY UPDATE contenido_id=contenido_id;

    INSERT INTO contenido (id, titulo, categoria_id, resumen, temporadas, duracion, trailer)
    VALUES (49, 'It (eso)', (SELECT id FROM categorias WHERE nombre = 'Película'), 'Remake del clásico de Stephen King, y de la película homónima de 1990, en el que un payaso aterroriza a los niños de un vecindario. En un pequeño pueblo de Maine, siete niños conocidos como el Club de los Perdedores se encuentran cara a cara con problemas de la vida, matones y un monstruo que toma la forma de un payaso llamado Pennywise..', 
            '', '135 minutos', 'https://www.youtube.com/embed/FnCdOQsX5kc') 
    ON DUPLICATE KEY UPDATE titulo=titulo;

        INSERT INTO contenido_generos (contenido_id, genero_id)
        VALUES (49, (SELECT id FROM generos WHERE nombre = 'Terror')) 
        ON DUPLICATE KEY UPDATE contenido_id=contenido_id;

        INSERT INTO contenido_generos (contenido_id, genero_id)
        VALUES (49, (SELECT id FROM generos WHERE nombre = 'Suspenso')) 
        ON DUPLICATE KEY UPDATE contenido_id=contenido_id;

        INSERT INTO contenido_generos (contenido_id, genero_id)
        VALUES (49, (SELECT id FROM generos WHERE nombre = 'Drama')) 
        ON DUPLICATE KEY UPDATE contenido_id=contenido_id;

        INSERT INTO contenido_actores (contenido_id, actor_id)
        VALUES (49, (SELECT id FROM actores WHERE nombre = 'Jaeden Martell')) 
        ON DUPLICATE KEY UPDATE contenido_id=contenido_id;

        INSERT INTO contenido_actores (contenido_id, actor_id)
        VALUES (49, (SELECT id FROM actores WHERE nombre = 'Jeremy Ray')) 
        ON DUPLICATE KEY UPDATE contenido_id=contenido_id;

        INSERT INTO contenido_actores (contenido_id, actor_id)
        VALUES (49, (SELECT id FROM actores WHERE nombre = 'Sophia Lillis')) 
        ON DUPLICATE KEY UPDATE contenido_id=contenido_id;

        INSERT INTO contenido_actores (contenido_id, actor_id)
        VALUES (49, (SELECT id FROM actores WHERE nombre = 'Finn Wolfhard')) 
        ON DUPLICATE KEY UPDATE contenido_id=contenido_id;

        INSERT INTO contenido_actores (contenido_id, actor_id)
        VALUES (49, (SELECT id FROM actores WHERE nombre = 'Chosen Jacobs')) 
        ON DUPLICATE KEY UPDATE contenido_id=contenido_id;

        INSERT INTO contenido_actores (contenido_id, actor_id)
        VALUES (49, (SELECT id FROM actores WHERE nombre = 'Jack Dylan')) 
        ON DUPLICATE KEY UPDATE contenido_id=contenido_id;

        INSERT INTO contenido_actores (contenido_id, actor_id)
        VALUES (49, (SELECT id FROM actores WHERE nombre = 'Wyatt Oleff')) 
        ON DUPLICATE KEY UPDATE contenido_id=contenido_id;

        INSERT INTO contenido_actores (contenido_id, actor_id)
        VALUES (49, (SELECT id FROM actores WHERE nombre = 'Bill Skarsgård')) 
        ON DUPLICATE KEY UPDATE contenido_id=contenido_id;

        INSERT INTO contenido_actores (contenido_id, actor_id)
        VALUES (49, (SELECT id FROM actores WHERE nombre = 'Nicholas Hamilton')) 
        ON DUPLICATE KEY UPDATE contenido_id=contenido_id;

    INSERT INTO contenido (id, titulo, categoria_id, resumen, temporadas, duracion, trailer)
    VALUES (46, 'Apollo 13', (SELECT id FROM categorias WHERE nombre = 'Película'), 'El Apolo 13 inicia su viaje a la luna en abril de 1970. Cuando la tripulación está a punto de llegar a su destino, una explosión en el espacio les hace perder oxígeno, energía y el curso de la nave... Todo se convierte en una situación desesperada para los tres hombres tripulantes, especialmente cuando el oxígeno amenaza con agotarse. Mientras, el mundo entero, que apenas un año antes conoció la gloria de la aventura espacial cuando el hombre pisó la luna, contiene la respiración a la espera de ver cómo acaba tan angustiosa espera.', 
            '', '140 minutos', 'https://www.youtube.com/embed/e3ZtOS4MCkk') 
    ON DUPLICATE KEY UPDATE titulo=titulo;

        INSERT INTO contenido_generos (contenido_id, genero_id)
        VALUES (46, (SELECT id FROM generos WHERE nombre = 'Drama')) 
        ON DUPLICATE KEY UPDATE contenido_id=contenido_id;

        INSERT INTO contenido_generos (contenido_id, genero_id)
        VALUES (46, (SELECT id FROM generos WHERE nombre = 'Historia')) 
        ON DUPLICATE KEY UPDATE contenido_id=contenido_id;

        INSERT INTO contenido_generos (contenido_id, genero_id)
        VALUES (46, (SELECT id FROM generos WHERE nombre = 'Suceso Real')) 
        ON DUPLICATE KEY UPDATE contenido_id=contenido_id;

        INSERT INTO contenido_actores (contenido_id, actor_id)
        VALUES (46, (SELECT id FROM actores WHERE nombre = 'Tom Hanks')) 
        ON DUPLICATE KEY UPDATE contenido_id=contenido_id;

        INSERT INTO contenido_actores (contenido_id, actor_id)
        VALUES (46, (SELECT id FROM actores WHERE nombre = 'Bill Paxton')) 
        ON DUPLICATE KEY UPDATE contenido_id=contenido_id;

        INSERT INTO contenido_actores (contenido_id, actor_id)
        VALUES (46, (SELECT id FROM actores WHERE nombre = 'Kevin Bacon')) 
        ON DUPLICATE KEY UPDATE contenido_id=contenido_id;

        INSERT INTO contenido_actores (contenido_id, actor_id)
        VALUES (46, (SELECT id FROM actores WHERE nombre = 'Gary Sinise')) 
        ON DUPLICATE KEY UPDATE contenido_id=contenido_id;

        INSERT INTO contenido_actores (contenido_id, actor_id)
        VALUES (46, (SELECT id FROM actores WHERE nombre = 'Ed Harris')) 
        ON DUPLICATE KEY UPDATE contenido_id=contenido_id;

        INSERT INTO contenido_actores (contenido_id, actor_id)
        VALUES (46, (SELECT id FROM actores WHERE nombre = 'Kathleen Quinlan')) 
        ON DUPLICATE KEY UPDATE contenido_id=contenido_id;

        INSERT INTO contenido_actores (contenido_id, actor_id)
        VALUES (46, (SELECT id FROM actores WHERE nombre = 'Roger Corman')) 
        ON DUPLICATE KEY UPDATE contenido_id=contenido_id;

        INSERT INTO contenido_actores (contenido_id, actor_id)
        VALUES (46, (SELECT id FROM actores WHERE nombre = 'Chris Ellis')) 
        ON DUPLICATE KEY UPDATE contenido_id=contenido_id;

        INSERT INTO contenido_actores (contenido_id, actor_id)
        VALUES (46, (SELECT id FROM actores WHERE nombre = 'Xander Berkeley')) 
        ON DUPLICATE KEY UPDATE contenido_id=contenido_id;

    INSERT INTO contenido (id, titulo, categoria_id, resumen, temporadas, duracion, trailer)
    VALUES (47, 'La profecía', (SELECT id FROM categorias WHERE nombre = 'Película'), 'Incapaz de decirle a su mujer Katherine la trágica muerte de su hijo recién nacido, el diplomático americano Robert Thorn acepta un huérfano como su hijo. Los detalles del nacimiento del chico son un secreto, pero cuando Damien va creciendo, empieza a dar muestras de que no es un chico corriente.', 
            '', '110 minutos', 'https://www.youtube.com/embed/8L-1Qk_MQQs') 
    ON DUPLICATE KEY UPDATE titulo=titulo;

        INSERT INTO contenido_generos (contenido_id, genero_id)
        VALUES (47, (SELECT id FROM generos WHERE nombre = 'Terror')) 
        ON DUPLICATE KEY UPDATE contenido_id=contenido_id;

        INSERT INTO contenido_generos (contenido_id, genero_id)
        VALUES (47, (SELECT id FROM generos WHERE nombre = 'Suspenso')) 
        ON DUPLICATE KEY UPDATE contenido_id=contenido_id;

        INSERT INTO contenido_generos (contenido_id, genero_id)
        VALUES (47, (SELECT id FROM generos WHERE nombre = 'Drama')) 
        ON DUPLICATE KEY UPDATE contenido_id=contenido_id;

        INSERT INTO contenido_actores (contenido_id, actor_id)
        VALUES (47, (SELECT id FROM actores WHERE nombre = 'Liev Schreiber')) 
        ON DUPLICATE KEY UPDATE contenido_id=contenido_id;

        INSERT INTO contenido_actores (contenido_id, actor_id)
        VALUES (47, (SELECT id FROM actores WHERE nombre = 'Julia Stiles')) 
        ON DUPLICATE KEY UPDATE contenido_id=contenido_id;

        INSERT INTO contenido_actores (contenido_id, actor_id)
        VALUES (47, (SELECT id FROM actores WHERE nombre = 'Seamus Davey-Fitzpatrick')) 
        ON DUPLICATE KEY UPDATE contenido_id=contenido_id;

        INSERT INTO contenido_actores (contenido_id, actor_id)
        VALUES (47, (SELECT id FROM actores WHERE nombre = 'David Thewils')) 
        ON DUPLICATE KEY UPDATE contenido_id=contenido_id;

        INSERT INTO contenido_actores (contenido_id, actor_id)
        VALUES (47, (SELECT id FROM actores WHERE nombre = 'Pete Postlethwaite')) 
        ON DUPLICATE KEY UPDATE contenido_id=contenido_id;

        INSERT INTO contenido_actores (contenido_id, actor_id)
        VALUES (47, (SELECT id FROM actores WHERE nombre = 'Mia Farrow')) 
        ON DUPLICATE KEY UPDATE contenido_id=contenido_id;

        INSERT INTO contenido_actores (contenido_id, actor_id)
        VALUES (47, (SELECT id FROM actores WHERE nombre = 'Predrag Bjelac')) 
        ON DUPLICATE KEY UPDATE contenido_id=contenido_id;

        INSERT INTO contenido_actores (contenido_id, actor_id)
        VALUES (47, (SELECT id FROM actores WHERE nombre = 'Carlo Sabatini')) 
        ON DUPLICATE KEY UPDATE contenido_id=contenido_id;

        INSERT INTO contenido_actores (contenido_id, actor_id)
        VALUES (47, (SELECT id FROM actores WHERE nombre = 'Amy Huck')) 
        ON DUPLICATE KEY UPDATE contenido_id=contenido_id;

    INSERT INTO contenido (id, titulo, categoria_id, resumen, temporadas, duracion, trailer)
    VALUES (48, 'El exorcista', (SELECT id FROM categorias WHERE nombre = 'Película'), 'Regan es una niña de doce años víctima de fenómenos paranormales como la levitación o la manifestación de una fuerza sobrehumana. Su madre, aterrorizada, tras someter a su hija a múltiples análisis médicos que no ofrecen ningún resultado, acude a un sacerdote con estudios de psiquiatría. Éste está convencido de que el mal no es físico sino espiritual, es decir, que la niña es víctima de una posesión diabólica. Por eso, con la ayuda de otro sacerdote decide practicar un exorcismo.', 
            '', '122 minutos', 'https://www.youtube.com/embed/YDGw1MTEe9k') 
    ON DUPLICATE KEY UPDATE titulo=titulo;

        INSERT INTO contenido_generos (contenido_id, genero_id)
        VALUES (48, (SELECT id FROM generos WHERE nombre = 'Terror')) 
        ON DUPLICATE KEY UPDATE contenido_id=contenido_id;

        INSERT INTO contenido_generos (contenido_id, genero_id)
        VALUES (48, (SELECT id FROM generos WHERE nombre = 'Suspenso')) 
        ON DUPLICATE KEY UPDATE contenido_id=contenido_id;

        INSERT INTO contenido_generos (contenido_id, genero_id)
        VALUES (48, (SELECT id FROM generos WHERE nombre = 'Drama')) 
        ON DUPLICATE KEY UPDATE contenido_id=contenido_id;

        INSERT INTO contenido_actores (contenido_id, actor_id)
        VALUES (48, (SELECT id FROM actores WHERE nombre = 'Ellen Burstyn')) 
        ON DUPLICATE KEY UPDATE contenido_id=contenido_id;

        INSERT INTO contenido_actores (contenido_id, actor_id)
        VALUES (48, (SELECT id FROM actores WHERE nombre = 'Linda Blair')) 
        ON DUPLICATE KEY UPDATE contenido_id=contenido_id;

        INSERT INTO contenido_actores (contenido_id, actor_id)
        VALUES (48, (SELECT id FROM actores WHERE nombre = 'Max vox Sydow')) 
        ON DUPLICATE KEY UPDATE contenido_id=contenido_id;

        INSERT INTO contenido_actores (contenido_id, actor_id)
        VALUES (48, (SELECT id FROM actores WHERE nombre = 'Lee J. Cobb')) 
        ON DUPLICATE KEY UPDATE contenido_id=contenido_id;

        INSERT INTO contenido_actores (contenido_id, actor_id)
        VALUES (48, (SELECT id FROM actores WHERE nombre = 'Kitty Winn')) 
        ON DUPLICATE KEY UPDATE contenido_id=contenido_id;

        INSERT INTO contenido_actores (contenido_id, actor_id)
        VALUES (48, (SELECT id FROM actores WHERE nombre = 'Jack MacGowran')) 
        ON DUPLICATE KEY UPDATE contenido_id=contenido_id;

        INSERT INTO contenido_actores (contenido_id, actor_id)
        VALUES (48, (SELECT id FROM actores WHERE nombre = 'Jason Miller')) 
        ON DUPLICATE KEY UPDATE contenido_id=contenido_id;

        INSERT INTO contenido_actores (contenido_id, actor_id)
        VALUES (48, (SELECT id FROM actores WHERE nombre = 'William O''Malley')) 
        ON DUPLICATE KEY UPDATE contenido_id=contenido_id;

        INSERT INTO contenido_actores (contenido_id, actor_id)
        VALUES (48, (SELECT id FROM actores WHERE nombre = 'Barton Heyman')) 
        ON DUPLICATE KEY UPDATE contenido_id=contenido_id;

    INSERT INTO contenido (id, titulo, categoria_id, resumen, temporadas, duracion, trailer)
    VALUES (50, 'The Office', (SELECT id FROM categorias WHERE nombre = 'Serie'), 'Steve Carell protagoniza The Office, un fresco y divertido vistazo, con formato pseudo-documental, al día a día en la vida de unos excéntricos trabajadores de la empresa Dunder Mifflin. El serio pero despistadísimo director Michael Scott se considera un magnífico jefe y mentor, pero realmente inspira más críticas que respeto a sus empleados.', 
            '9', 'N/A', 'https://www.youtube.com/embed/LHOtME2DL4g') 
    ON DUPLICATE KEY UPDATE titulo=titulo;

        INSERT INTO contenido_generos (contenido_id, genero_id)
        VALUES (50, (SELECT id FROM generos WHERE nombre = 'Comedia')) 
        ON DUPLICATE KEY UPDATE contenido_id=contenido_id;

        INSERT INTO contenido_generos (contenido_id, genero_id)
        VALUES (50, (SELECT id FROM generos WHERE nombre = 'Familia')) 
        ON DUPLICATE KEY UPDATE contenido_id=contenido_id;

        INSERT INTO contenido_actores (contenido_id, actor_id)
        VALUES (50, (SELECT id FROM actores WHERE nombre = 'Rainn Wilson')) 
        ON DUPLICATE KEY UPDATE contenido_id=contenido_id;

        INSERT INTO contenido_actores (contenido_id, actor_id)
        VALUES (50, (SELECT id FROM actores WHERE nombre = 'Steve Carell')) 
        ON DUPLICATE KEY UPDATE contenido_id=contenido_id;

        INSERT INTO contenido_actores (contenido_id, actor_id)
        VALUES (50, (SELECT id FROM actores WHERE nombre = 'Jenna Fischer')) 
        ON DUPLICATE KEY UPDATE contenido_id=contenido_id;

        INSERT INTO contenido_actores (contenido_id, actor_id)
        VALUES (50, (SELECT id FROM actores WHERE nombre = 'John Krasinski')) 
        ON DUPLICATE KEY UPDATE contenido_id=contenido_id;

        INSERT INTO contenido_actores (contenido_id, actor_id)
        VALUES (50, (SELECT id FROM actores WHERE nombre = 'B.J. Novak')) 
        ON DUPLICATE KEY UPDATE contenido_id=contenido_id;

        INSERT INTO contenido_actores (contenido_id, actor_id)
        VALUES (50, (SELECT id FROM actores WHERE nombre = 'Kate Flannery')) 
        ON DUPLICATE KEY UPDATE contenido_id=contenido_id;

        INSERT INTO contenido_actores (contenido_id, actor_id)
        VALUES (50, (SELECT id FROM actores WHERE nombre = 'Brian Baumgartner')) 
        ON DUPLICATE KEY UPDATE contenido_id=contenido_id;

        INSERT INTO contenido_actores (contenido_id, actor_id)
        VALUES (50, (SELECT id FROM actores WHERE nombre = 'Leslie David Baker')) 
        ON DUPLICATE KEY UPDATE contenido_id=contenido_id;

        INSERT INTO contenido_actores (contenido_id, actor_id)
        VALUES (50, (SELECT id FROM actores WHERE nombre = 'Mindy Kaling')) 
        ON DUPLICATE KEY UPDATE contenido_id=contenido_id;

        INSERT INTO contenido_actores (contenido_id, actor_id)
        VALUES (50, (SELECT id FROM actores WHERE nombre = 'Angela Kinsey')) 
        ON DUPLICATE KEY UPDATE contenido_id=contenido_id;

    INSERT INTO contenido (id, titulo, categoria_id, resumen, temporadas, duracion, trailer)
    VALUES (51, 'The Good Doctor', (SELECT id FROM categorias WHERE nombre = 'Serie'), 'Un cirujano joven y autista que padece el síndrome del sabio empieza a trabajar en un hospital prestigioso. Allá tendrá que vencer el escepticismo con el que sus colegas lo reciben.', 
            '4', 'N/A', 'https://www.youtube.com/embed/fYlZDTru55g') 
    ON DUPLICATE KEY UPDATE titulo=titulo;

        INSERT INTO contenido_generos (contenido_id, genero_id)
        VALUES (51, (SELECT id FROM generos WHERE nombre = 'Drama')) 
        ON DUPLICATE KEY UPDATE contenido_id=contenido_id;

        INSERT INTO contenido_generos (contenido_id, genero_id)
        VALUES (51, (SELECT id FROM generos WHERE nombre = 'Familia')) 
        ON DUPLICATE KEY UPDATE contenido_id=contenido_id;

        INSERT INTO contenido_actores (contenido_id, actor_id)
        VALUES (51, (SELECT id FROM actores WHERE nombre = 'Freddie Highmore')) 
        ON DUPLICATE KEY UPDATE contenido_id=contenido_id;

        INSERT INTO contenido_actores (contenido_id, actor_id)
        VALUES (51, (SELECT id FROM actores WHERE nombre = 'Antonia Thomas')) 
        ON DUPLICATE KEY UPDATE contenido_id=contenido_id;

        INSERT INTO contenido_actores (contenido_id, actor_id)
        VALUES (51, (SELECT id FROM actores WHERE nombre = 'Hill Harper')) 
        ON DUPLICATE KEY UPDATE contenido_id=contenido_id;

        INSERT INTO contenido_actores (contenido_id, actor_id)
        VALUES (51, (SELECT id FROM actores WHERE nombre = 'Richard Schiff')) 
        ON DUPLICATE KEY UPDATE contenido_id=contenido_id;

        INSERT INTO contenido_actores (contenido_id, actor_id)
        VALUES (51, (SELECT id FROM actores WHERE nombre = 'Christina Chang')) 
        ON DUPLICATE KEY UPDATE contenido_id=contenido_id;

        INSERT INTO contenido_actores (contenido_id, actor_id)
        VALUES (51, (SELECT id FROM actores WHERE nombre = 'Paige Spara')) 
        ON DUPLICATE KEY UPDATE contenido_id=contenido_id;

        INSERT INTO contenido_actores (contenido_id, actor_id)
        VALUES (51, (SELECT id FROM actores WHERE nombre = 'Fiona Gubelmann')) 
        ON DUPLICATE KEY UPDATE contenido_id=contenido_id;

        INSERT INTO contenido_actores (contenido_id, actor_id)
        VALUES (51, (SELECT id FROM actores WHERE nombre = 'Will Yun Lee')) 
        ON DUPLICATE KEY UPDATE contenido_id=contenido_id;

        INSERT INTO contenido_actores (contenido_id, actor_id)
        VALUES (51, (SELECT id FROM actores WHERE nombre = 'Nicholas Gonzalez')) 
        ON DUPLICATE KEY UPDATE contenido_id=contenido_id;

    INSERT INTO contenido (id, titulo, categoria_id, resumen, temporadas, duracion, trailer)
    VALUES (52, 'La teoría del todo', (SELECT id FROM categorias WHERE nombre = 'Película'), 'La película gira en torno a la vida de Stephen Hawking, el importante teórico y divulgador científico que cambió la historia de la ciencia y la tecnología moderna para siempre. La película se centrará en la relación que mantuvo el británico con Jane Wilde, su primera mujer, con quien contrajo matrimonio después de que le diagnosticaran una enfermedad por la que no le quedaban más de dos años de vida. Estupenda adaptación con un Eddie Redmayne que cada día nos sorprende más.', 
            'N/A', '123 minutos', 'https://www.youtube.com/embed/Salz7uGp72c') 
    ON DUPLICATE KEY UPDATE titulo=titulo;

        INSERT INTO contenido_generos (contenido_id, genero_id)
        VALUES (52, (SELECT id FROM generos WHERE nombre = 'Drama')) 
        ON DUPLICATE KEY UPDATE contenido_id=contenido_id;

        INSERT INTO contenido_generos (contenido_id, genero_id)
        VALUES (52, (SELECT id FROM generos WHERE nombre = 'Romance')) 
        ON DUPLICATE KEY UPDATE contenido_id=contenido_id;

        INSERT INTO contenido_generos (contenido_id, genero_id)
        VALUES (52, (SELECT id FROM generos WHERE nombre = 'Suceso Real')) 
        ON DUPLICATE KEY UPDATE contenido_id=contenido_id;

        INSERT INTO contenido_actores (contenido_id, actor_id)
        VALUES (52, (SELECT id FROM actores WHERE nombre = 'Eddie Redmayne')) 
        ON DUPLICATE KEY UPDATE contenido_id=contenido_id;

        INSERT INTO contenido_actores (contenido_id, actor_id)
        VALUES (52, (SELECT id FROM actores WHERE nombre = 'Felicity Jones')) 
        ON DUPLICATE KEY UPDATE contenido_id=contenido_id;

        INSERT INTO contenido_actores (contenido_id, actor_id)
        VALUES (52, (SELECT id FROM actores WHERE nombre = 'Charlie Cox')) 
        ON DUPLICATE KEY UPDATE contenido_id=contenido_id;

        INSERT INTO contenido_actores (contenido_id, actor_id)
        VALUES (52, (SELECT id FROM actores WHERE nombre = 'Emily Watson')) 
        ON DUPLICATE KEY UPDATE contenido_id=contenido_id;

        INSERT INTO contenido_actores (contenido_id, actor_id)
        VALUES (52, (SELECT id FROM actores WHERE nombre = 'Simon McBurney')) 
        ON DUPLICATE KEY UPDATE contenido_id=contenido_id;

        INSERT INTO contenido_actores (contenido_id, actor_id)
        VALUES (52, (SELECT id FROM actores WHERE nombre = 'David Thewlis')) 
        ON DUPLICATE KEY UPDATE contenido_id=contenido_id;

        INSERT INTO contenido_actores (contenido_id, actor_id)
        VALUES (52, (SELECT id FROM actores WHERE nombre = 'Maxine Peake')) 
        ON DUPLICATE KEY UPDATE contenido_id=contenido_id;

        INSERT INTO contenido_actores (contenido_id, actor_id)
        VALUES (52, (SELECT id FROM actores WHERE nombre = 'Harry Lloyd')) 
        ON DUPLICATE KEY UPDATE contenido_id=contenido_id;

        INSERT INTO contenido_actores (contenido_id, actor_id)
        VALUES (52, (SELECT id FROM actores WHERE nombre = 'Tom Prior')) 
        ON DUPLICATE KEY UPDATE contenido_id=contenido_id;

    INSERT INTO contenido (id, titulo, categoria_id, resumen, temporadas, duracion, trailer)
    VALUES (53, 'Código enigma', (SELECT id FROM categorias WHERE nombre = 'Película'), 'Durante el invierno de 1952, las autoridades británicas entraron en el hogar del matemático, analista y héroe de guerra Alan Turing, con la intención de investigar la denuncia de un robo. Al final acabaron arrestando a Turing acusándole de indecencia grave, un cargo que le supondría una devastadora condena por una ofensa criminal: ser homosexual. Los oficiales no tenían ni idea de que en realidad estaban incriminando al pionero de la informática actual. Liderando a un heterogéneo grupo de académicos, lingüistas, campeones de ajedrez y oficiales de inteligencia, se le conoce por haber descifrado el código de la inquebrantable máquina Enigma de los alemanes durante la Segunda Guerra Mundial.', 
            'N/A', '115 minutos', 'https://www.youtube.com/embed/nuPZUUED5uk') 
    ON DUPLICATE KEY UPDATE titulo=titulo;

        INSERT INTO contenido_generos (contenido_id, genero_id)
        VALUES (53, (SELECT id FROM generos WHERE nombre = 'Drama')) 
        ON DUPLICATE KEY UPDATE contenido_id=contenido_id;

        INSERT INTO contenido_generos (contenido_id, genero_id)
        VALUES (53, (SELECT id FROM generos WHERE nombre = 'Historia')) 
        ON DUPLICATE KEY UPDATE contenido_id=contenido_id;

        INSERT INTO contenido_generos (contenido_id, genero_id)
        VALUES (53, (SELECT id FROM generos WHERE nombre = 'Suspenso')) 
        ON DUPLICATE KEY UPDATE contenido_id=contenido_id;

        INSERT INTO contenido_generos (contenido_id, genero_id)
        VALUES (53, (SELECT id FROM generos WHERE nombre = 'Suceso Real')) 
        ON DUPLICATE KEY UPDATE contenido_id=contenido_id;

        INSERT INTO contenido_actores (contenido_id, actor_id)
        VALUES (53, (SELECT id FROM actores WHERE nombre = 'Benedict Cumberbatch')) 
        ON DUPLICATE KEY UPDATE contenido_id=contenido_id;

        INSERT INTO contenido_actores (contenido_id, actor_id)
        VALUES (53, (SELECT id FROM actores WHERE nombre = 'Keira Knightley')) 
        ON DUPLICATE KEY UPDATE contenido_id=contenido_id;

        INSERT INTO contenido_actores (contenido_id, actor_id)
        VALUES (53, (SELECT id FROM actores WHERE nombre = 'Matthew Goode')) 
        ON DUPLICATE KEY UPDATE contenido_id=contenido_id;

        INSERT INTO contenido_actores (contenido_id, actor_id)
        VALUES (53, (SELECT id FROM actores WHERE nombre = 'Rory Kinnear')) 
        ON DUPLICATE KEY UPDATE contenido_id=contenido_id;

        INSERT INTO contenido_actores (contenido_id, actor_id)
        VALUES (53, (SELECT id FROM actores WHERE nombre = 'Allen Leech')) 
        ON DUPLICATE KEY UPDATE contenido_id=contenido_id;

        INSERT INTO contenido_actores (contenido_id, actor_id)
        VALUES (53, (SELECT id FROM actores WHERE nombre = 'Matthew Beard')) 
        ON DUPLICATE KEY UPDATE contenido_id=contenido_id;

        INSERT INTO contenido_actores (contenido_id, actor_id)
        VALUES (53, (SELECT id FROM actores WHERE nombre = 'Charles Dance')) 
        ON DUPLICATE KEY UPDATE contenido_id=contenido_id;

        INSERT INTO contenido_actores (contenido_id, actor_id)
        VALUES (53, (SELECT id FROM actores WHERE nombre = 'Mark Strong')) 
        ON DUPLICATE KEY UPDATE contenido_id=contenido_id;

        INSERT INTO contenido_actores (contenido_id, actor_id)
        VALUES (53, (SELECT id FROM actores WHERE nombre = 'James Northcote')) 
        ON DUPLICATE KEY UPDATE contenido_id=contenido_id;

    INSERT INTO contenido (id, titulo, categoria_id, resumen, temporadas, duracion, trailer)
    VALUES (54, 'Talentos ocultos', (SELECT id FROM categorias WHERE nombre = 'Película'), 'Narra la historia nunca contada de tres brillantes mujeres científicas afroamericanas que trabajaron en la NASA a comienzos de los años sesenta (en plena carrera espacial, y asimismo en mitad de la lucha por los derechos civiles de los negros estadounidenses) en el ambicioso proyecto de poner en órbita al astronauta John Glenn.', 
            'N/A', '127 minutos', 'https://www.youtube.com/embed/RK8xHq6dfAo') 
    ON DUPLICATE KEY UPDATE titulo=titulo;

        INSERT INTO contenido_generos (contenido_id, genero_id)
        VALUES (54, (SELECT id FROM generos WHERE nombre = 'Drama')) 
        ON DUPLICATE KEY UPDATE contenido_id=contenido_id;

        INSERT INTO contenido_generos (contenido_id, genero_id)
        VALUES (54, (SELECT id FROM generos WHERE nombre = 'Historia')) 
        ON DUPLICATE KEY UPDATE contenido_id=contenido_id;

        INSERT INTO contenido_generos (contenido_id, genero_id)
        VALUES (54, (SELECT id FROM generos WHERE nombre = 'Suspenso')) 
        ON DUPLICATE KEY UPDATE contenido_id=contenido_id;

        INSERT INTO contenido_generos (contenido_id, genero_id)
        VALUES (54, (SELECT id FROM generos WHERE nombre = 'Suceso Real')) 
        ON DUPLICATE KEY UPDATE contenido_id=contenido_id;

        INSERT INTO contenido_actores (contenido_id, actor_id)
        VALUES (54, (SELECT id FROM actores WHERE nombre = 'Taraji P. Henson')) 
        ON DUPLICATE KEY UPDATE contenido_id=contenido_id;

        INSERT INTO contenido_actores (contenido_id, actor_id)
        VALUES (54, (SELECT id FROM actores WHERE nombre = 'Octavia Spencer')) 
        ON DUPLICATE KEY UPDATE contenido_id=contenido_id;

        INSERT INTO contenido_actores (contenido_id, actor_id)
        VALUES (54, (SELECT id FROM actores WHERE nombre = 'Janelle Monáe')) 
        ON DUPLICATE KEY UPDATE contenido_id=contenido_id;

        INSERT INTO contenido_actores (contenido_id, actor_id)
        VALUES (54, (SELECT id FROM actores WHERE nombre = 'Kevin Costner')) 
        ON DUPLICATE KEY UPDATE contenido_id=contenido_id;

        INSERT INTO contenido_actores (contenido_id, actor_id)
        VALUES (54, (SELECT id FROM actores WHERE nombre = 'Kirsten Dunst')) 
        ON DUPLICATE KEY UPDATE contenido_id=contenido_id;

        INSERT INTO contenido_actores (contenido_id, actor_id)
        VALUES (54, (SELECT id FROM actores WHERE nombre = 'Jim Parsons')) 
        ON DUPLICATE KEY UPDATE contenido_id=contenido_id;

        INSERT INTO contenido_actores (contenido_id, actor_id)
        VALUES (54, (SELECT id FROM actores WHERE nombre = 'Mahershala Ali')) 
        ON DUPLICATE KEY UPDATE contenido_id=contenido_id;

        INSERT INTO contenido_actores (contenido_id, actor_id)
        VALUES (54, (SELECT id FROM actores WHERE nombre = 'Glen Powell')) 
        ON DUPLICATE KEY UPDATE contenido_id=contenido_id;

        INSERT INTO contenido_actores (contenido_id, actor_id)
        VALUES (54, (SELECT id FROM actores WHERE nombre = 'Ariana Neal')) 
        ON DUPLICATE KEY UPDATE contenido_id=contenido_id;

    INSERT INTO contenido (id, titulo, categoria_id, resumen, temporadas, duracion, trailer)
    VALUES (55, 'Una mente brillante', (SELECT id FROM categorias WHERE nombre = 'Película'), 'Obsesionado con la búsqueda de una idea matemática original, el brillante estudiante John Forbes Nash llega a Princeton para realizar sus estudios de postgrado. Es un muchacho extraño y solitario, al que sólo comprende su compañero de cuarto. Por fin, Nash esboza una revolucionaria teoría y consigue una plaza de profesor en el MIT. Alicia Lardé, una de sus alumnas, lo deja fascinado al mostrarle que las leyes del amor están por encima de las de las matemáticas. Gracias a su prodigiosa habilidad para descifrar códigos es reclutado por Parcher William, del departamento de Defensa, para ayudar a los Estados Unidos en la Guerra Fría contra la Unión Soviética.', 
            'N/A', '134 minutos', 'https://www.youtube.com/embed/jT51irTIrAc') 
    ON DUPLICATE KEY UPDATE titulo=titulo;

        INSERT INTO contenido_generos (contenido_id, genero_id)
        VALUES (55, (SELECT id FROM generos WHERE nombre = 'Drama')) 
        ON DUPLICATE KEY UPDATE contenido_id=contenido_id;

        INSERT INTO contenido_generos (contenido_id, genero_id)
        VALUES (55, (SELECT id FROM generos WHERE nombre = 'Historia')) 
        ON DUPLICATE KEY UPDATE contenido_id=contenido_id;

        INSERT INTO contenido_generos (contenido_id, genero_id)
        VALUES (55, (SELECT id FROM generos WHERE nombre = 'Romance')) 
        ON DUPLICATE KEY UPDATE contenido_id=contenido_id;

        INSERT INTO contenido_generos (contenido_id, genero_id)
        VALUES (55, (SELECT id FROM generos WHERE nombre = 'Suceso Real')) 
        ON DUPLICATE KEY UPDATE contenido_id=contenido_id;

        INSERT INTO contenido_actores (contenido_id, actor_id)
        VALUES (55, (SELECT id FROM actores WHERE nombre = 'Russell Crowe')) 
        ON DUPLICATE KEY UPDATE contenido_id=contenido_id;

        INSERT INTO contenido_actores (contenido_id, actor_id)
        VALUES (55, (SELECT id FROM actores WHERE nombre = 'Jennifer Connelly')) 
        ON DUPLICATE KEY UPDATE contenido_id=contenido_id;

        INSERT INTO contenido_actores (contenido_id, actor_id)
        VALUES (55, (SELECT id FROM actores WHERE nombre = 'Ed Harris')) 
        ON DUPLICATE KEY UPDATE contenido_id=contenido_id;

        INSERT INTO contenido_actores (contenido_id, actor_id)
        VALUES (55, (SELECT id FROM actores WHERE nombre = 'Paul Bettany')) 
        ON DUPLICATE KEY UPDATE contenido_id=contenido_id;

        INSERT INTO contenido_actores (contenido_id, actor_id)
        VALUES (55, (SELECT id FROM actores WHERE nombre = 'Christopher Plummer')) 
        ON DUPLICATE KEY UPDATE contenido_id=contenido_id;

        INSERT INTO contenido_actores (contenido_id, actor_id)
        VALUES (55, (SELECT id FROM actores WHERE nombre = 'Josh Lucas')) 
        ON DUPLICATE KEY UPDATE contenido_id=contenido_id;

        INSERT INTO contenido_actores (contenido_id, actor_id)
        VALUES (55, (SELECT id FROM actores WHERE nombre = 'Adam Goldberg')) 
        ON DUPLICATE KEY UPDATE contenido_id=contenido_id;

        INSERT INTO contenido_actores (contenido_id, actor_id)
        VALUES (55, (SELECT id FROM actores WHERE nombre = 'Anthony Rapp')) 
        ON DUPLICATE KEY UPDATE contenido_id=contenido_id;

        INSERT INTO contenido_actores (contenido_id, actor_id)
        VALUES (55, (SELECT id FROM actores WHERE nombre = 'Judd Hirsch')) 
        ON DUPLICATE KEY UPDATE contenido_id=contenido_id;

    INSERT INTO contenido (id, titulo, categoria_id, resumen, temporadas, duracion, trailer)
    VALUES (56, 'Passengers', (SELECT id FROM categorias WHERE nombre = 'Película'), 'Una nave espacial, que viaja a un planeta lejano transportando a miles de personas, tiene una avería en una de las cápsulas de hibernación tras el impacto con un gran meteorito. Como resultado, un pasajero se despierta noventa años antes del final del viaje.', 
            'N/A', '116 minutos', 'https://www.youtube.com/embed/7BWWWQzTpNU') 
    ON DUPLICATE KEY UPDATE titulo=titulo;

        INSERT INTO contenido_generos (contenido_id, genero_id)
        VALUES (56, (SELECT id FROM generos WHERE nombre = 'Drama')) 
        ON DUPLICATE KEY UPDATE contenido_id=contenido_id;

        INSERT INTO contenido_generos (contenido_id, genero_id)
        VALUES (56, (SELECT id FROM generos WHERE nombre = 'Romance')) 
        ON DUPLICATE KEY UPDATE contenido_id=contenido_id;

        INSERT INTO contenido_generos (contenido_id, genero_id)
        VALUES (56, (SELECT id FROM generos WHERE nombre = 'Sci-Fi')) 
        ON DUPLICATE KEY UPDATE contenido_id=contenido_id;

        INSERT INTO contenido_generos (contenido_id, genero_id)
        VALUES (56, (SELECT id FROM generos WHERE nombre = 'Ciencia Ficción')) 
        ON DUPLICATE KEY UPDATE contenido_id=contenido_id;

        INSERT INTO contenido_actores (contenido_id, actor_id)
        VALUES (56, (SELECT id FROM actores WHERE nombre = 'Jennifer Lawrence')) 
        ON DUPLICATE KEY UPDATE contenido_id=contenido_id;

        INSERT INTO contenido_actores (contenido_id, actor_id)
        VALUES (56, (SELECT id FROM actores WHERE nombre = 'Chris Pratt')) 
        ON DUPLICATE KEY UPDATE contenido_id=contenido_id;

        INSERT INTO contenido_actores (contenido_id, actor_id)
        VALUES (56, (SELECT id FROM actores WHERE nombre = 'Michael Sheen')) 
        ON DUPLICATE KEY UPDATE contenido_id=contenido_id;

        INSERT INTO contenido_actores (contenido_id, actor_id)
        VALUES (56, (SELECT id FROM actores WHERE nombre = 'Laurence Fishburne')) 
        ON DUPLICATE KEY UPDATE contenido_id=contenido_id;

        INSERT INTO contenido_actores (contenido_id, actor_id)
        VALUES (56, (SELECT id FROM actores WHERE nombre = 'Andy García')) 
        ON DUPLICATE KEY UPDATE contenido_id=contenido_id;

        INSERT INTO contenido_actores (contenido_id, actor_id)
        VALUES (56, (SELECT id FROM actores WHERE nombre = 'Aurora Perrineau')) 
        ON DUPLICATE KEY UPDATE contenido_id=contenido_id;

        INSERT INTO contenido_actores (contenido_id, actor_id)
        VALUES (56, (SELECT id FROM actores WHERE nombre = 'Kristin Brock')) 
        ON DUPLICATE KEY UPDATE contenido_id=contenido_id;

        INSERT INTO contenido_actores (contenido_id, actor_id)
        VALUES (56, (SELECT id FROM actores WHERE nombre = 'Julee Cerda')) 
        ON DUPLICATE KEY UPDATE contenido_id=contenido_id;

        INSERT INTO contenido_actores (contenido_id, actor_id)
        VALUES (56, (SELECT id FROM actores WHERE nombre = 'Fred Melamed')) 
        ON DUPLICATE KEY UPDATE contenido_id=contenido_id;

    INSERT INTO contenido (id, titulo, categoria_id, resumen, temporadas, duracion, trailer)
    VALUES (57, 'Passengers', (SELECT id FROM categorias WHERE nombre = 'Película'), 'Un avión se estrella y tan sólo sobreviven cinco personas. Asignada al caso por su mentor, la joven terapeuta Claire, una brillante psicóloga, deberá ayudar a los supervivientes a superar el trauma. Pero, poco a poco, éstos empiezan a desaparecer misteriosamente... o a no aparecer en la sesiones. Nada está claro, ni siquiera qué pasó en el accidente. Además, entre los supervivientes está Eric, un atractivo pasajero que parece no necesitar terapia. (la línea entre este mundo y el próximo, está a pundo de ser cruzada)', 
            'N/A', '93 minutos', 'https://www.youtube.com/embed/iMW4RpQmJJQ') 
    ON DUPLICATE KEY UPDATE titulo=titulo;

        INSERT INTO contenido_generos (contenido_id, genero_id)
        VALUES (57, (SELECT id FROM generos WHERE nombre = 'Misterio')) 
        ON DUPLICATE KEY UPDATE contenido_id=contenido_id;

        INSERT INTO contenido_generos (contenido_id, genero_id)
        VALUES (57, (SELECT id FROM generos WHERE nombre = 'Suspenso')) 
        ON DUPLICATE KEY UPDATE contenido_id=contenido_id;

        INSERT INTO contenido_generos (contenido_id, genero_id)
        VALUES (57, (SELECT id FROM generos WHERE nombre = 'Drama')) 
        ON DUPLICATE KEY UPDATE contenido_id=contenido_id;

        INSERT INTO contenido_generos (contenido_id, genero_id)
        VALUES (57, (SELECT id FROM generos WHERE nombre = 'Romance')) 
        ON DUPLICATE KEY UPDATE contenido_id=contenido_id;

        INSERT INTO contenido_actores (contenido_id, actor_id)
        VALUES (57, (SELECT id FROM actores WHERE nombre = 'Anne Hathaway')) 
        ON DUPLICATE KEY UPDATE contenido_id=contenido_id;

        INSERT INTO contenido_actores (contenido_id, actor_id)
        VALUES (57, (SELECT id FROM actores WHERE nombre = 'Patrick Wilson')) 
        ON DUPLICATE KEY UPDATE contenido_id=contenido_id;

        INSERT INTO contenido_actores (contenido_id, actor_id)
        VALUES (57, (SELECT id FROM actores WHERE nombre = 'Andre Braugher')) 
        ON DUPLICATE KEY UPDATE contenido_id=contenido_id;

        INSERT INTO contenido_actores (contenido_id, actor_id)
        VALUES (57, (SELECT id FROM actores WHERE nombre = 'Dianne Wiest')) 
        ON DUPLICATE KEY UPDATE contenido_id=contenido_id;

        INSERT INTO contenido_actores (contenido_id, actor_id)
        VALUES (57, (SELECT id FROM actores WHERE nombre = 'David Morse')) 
        ON DUPLICATE KEY UPDATE contenido_id=contenido_id;

        INSERT INTO contenido_actores (contenido_id, actor_id)
        VALUES (57, (SELECT id FROM actores WHERE nombre = 'William B. Davis')) 
        ON DUPLICATE KEY UPDATE contenido_id=contenido_id;

        INSERT INTO contenido_actores (contenido_id, actor_id)
        VALUES (57, (SELECT id FROM actores WHERE nombre = 'Ryan Robbins')) 
        ON DUPLICATE KEY UPDATE contenido_id=contenido_id;

        INSERT INTO contenido_actores (contenido_id, actor_id)
        VALUES (57, (SELECT id FROM actores WHERE nombre = 'Clea DuVall')) 
        ON DUPLICATE KEY UPDATE contenido_id=contenido_id;

        INSERT INTO contenido_actores (contenido_id, actor_id)
        VALUES (57, (SELECT id FROM actores WHERE nombre = 'Don Thompson')) 
        ON DUPLICATE KEY UPDATE contenido_id=contenido_id;

    INSERT INTO contenido (id, titulo, categoria_id, resumen, temporadas, duracion, trailer)
    VALUES (58, 'Argo', (SELECT id FROM categorias WHERE nombre = 'Película'), 'Irán, año 1979. Cuando la embajada de los Estados Unidos en Teherán es ocupada por seguidores del Ayatolá Jomeini para pedir la extradición del Sha de Persia, la CIA y el gobierno canadiense organizaron una operación para rescatar a seis diplomáticos estadounidenses que se habían refugiado en la casa del embajador de Canadá. Con este fin se recurrió a un experto en rescatar rehenes y se preparó el escenario para el rodaje de una película de ciencia-ficción, de título ''Argo'', en la que participaba un equipo de cazatalentos de Hollywood. La misión: ir a Teherán y hacer pasar a los diplomáticos por un equipo de filmación canadiense para traerlos de vuelta a casa.', 
            'N/A', '120 minutos', 'https://www.youtube.com/embed/JW3WfSFgrVY') 
    ON DUPLICATE KEY UPDATE titulo=titulo;

        INSERT INTO contenido_generos (contenido_id, genero_id)
        VALUES (58, (SELECT id FROM generos WHERE nombre = 'Suspenso')) 
        ON DUPLICATE KEY UPDATE contenido_id=contenido_id;

        INSERT INTO contenido_generos (contenido_id, genero_id)
        VALUES (58, (SELECT id FROM generos WHERE nombre = 'Drama')) 
        ON DUPLICATE KEY UPDATE contenido_id=contenido_id;

        INSERT INTO contenido_generos (contenido_id, genero_id)
        VALUES (58, (SELECT id FROM generos WHERE nombre = 'Suceso Real')) 
        ON DUPLICATE KEY UPDATE contenido_id=contenido_id;

        INSERT INTO contenido_actores (contenido_id, actor_id)
        VALUES (58, (SELECT id FROM actores WHERE nombre = 'Ben Affleck')) 
        ON DUPLICATE KEY UPDATE contenido_id=contenido_id;

        INSERT INTO contenido_actores (contenido_id, actor_id)
        VALUES (58, (SELECT id FROM actores WHERE nombre = 'Bryan Cranston')) 
        ON DUPLICATE KEY UPDATE contenido_id=contenido_id;

        INSERT INTO contenido_actores (contenido_id, actor_id)
        VALUES (58, (SELECT id FROM actores WHERE nombre = 'Alan Arkin')) 
        ON DUPLICATE KEY UPDATE contenido_id=contenido_id;

        INSERT INTO contenido_actores (contenido_id, actor_id)
        VALUES (58, (SELECT id FROM actores WHERE nombre = 'Jogn Goodman')) 
        ON DUPLICATE KEY UPDATE contenido_id=contenido_id;

        INSERT INTO contenido_actores (contenido_id, actor_id)
        VALUES (58, (SELECT id FROM actores WHERE nombre = 'Victor Garber')) 
        ON DUPLICATE KEY UPDATE contenido_id=contenido_id;

        INSERT INTO contenido_actores (contenido_id, actor_id)
        VALUES (58, (SELECT id FROM actores WHERE nombre = 'Tate Donovan')) 
        ON DUPLICATE KEY UPDATE contenido_id=contenido_id;

        INSERT INTO contenido_actores (contenido_id, actor_id)
        VALUES (58, (SELECT id FROM actores WHERE nombre = 'Clea DuVall')) 
        ON DUPLICATE KEY UPDATE contenido_id=contenido_id;

        INSERT INTO contenido_actores (contenido_id, actor_id)
        VALUES (58, (SELECT id FROM actores WHERE nombre = 'Scoot McNairy')) 
        ON DUPLICATE KEY UPDATE contenido_id=contenido_id;

        INSERT INTO contenido_actores (contenido_id, actor_id)
        VALUES (58, (SELECT id FROM actores WHERE nombre = 'Rory Cochrane')) 
        ON DUPLICATE KEY UPDATE contenido_id=contenido_id;

        INSERT INTO contenido_actores (contenido_id, actor_id)
        VALUES (58, (SELECT id FROM actores WHERE nombre = 'Kerry Bishé')) 
        ON DUPLICATE KEY UPDATE contenido_id=contenido_id;

    INSERT INTO contenido (id, titulo, categoria_id, resumen, temporadas, duracion, trailer)
    VALUES (59, 'Prometheus', (SELECT id FROM categorias WHERE nombre = 'Película'), 'Un grupo de científicos y exploradores emprende un viaje espacial a un remoto planeta, una rara estrella recién descubierta, donde sus límites físicos y mentales serán puestos a prueba. El motivo de la misión es que los humanos creen que allá podrán encontrar la respuesta a las preguntas más profundas y al mayor de los misterios: el origen de la vida en la Tierra.', 
            'N/A', '120 minutos', 'https://www.youtube.com/embed/34cEo0VhfGE') 
    ON DUPLICATE KEY UPDATE titulo=titulo;

        INSERT INTO contenido_generos (contenido_id, genero_id)
        VALUES (59, (SELECT id FROM generos WHERE nombre = 'Ciencia Ficción')) 
        ON DUPLICATE KEY UPDATE contenido_id=contenido_id;

        INSERT INTO contenido_generos (contenido_id, genero_id)
        VALUES (59, (SELECT id FROM generos WHERE nombre = 'Aventura')) 
        ON DUPLICATE KEY UPDATE contenido_id=contenido_id;

        INSERT INTO contenido_generos (contenido_id, genero_id)
        VALUES (59, (SELECT id FROM generos WHERE nombre = 'Misterio')) 
        ON DUPLICATE KEY UPDATE contenido_id=contenido_id;

        INSERT INTO contenido_actores (contenido_id, actor_id)
        VALUES (59, (SELECT id FROM actores WHERE nombre = 'Noomi Rapace')) 
        ON DUPLICATE KEY UPDATE contenido_id=contenido_id;

        INSERT INTO contenido_actores (contenido_id, actor_id)
        VALUES (59, (SELECT id FROM actores WHERE nombre = 'Michael Fassbender')) 
        ON DUPLICATE KEY UPDATE contenido_id=contenido_id;

        INSERT INTO contenido_actores (contenido_id, actor_id)
        VALUES (59, (SELECT id FROM actores WHERE nombre = 'Charlize Theron')) 
        ON DUPLICATE KEY UPDATE contenido_id=contenido_id;

        INSERT INTO contenido_actores (contenido_id, actor_id)
        VALUES (59, (SELECT id FROM actores WHERE nombre = 'Logan Marshall-Green')) 
        ON DUPLICATE KEY UPDATE contenido_id=contenido_id;

        INSERT INTO contenido_actores (contenido_id, actor_id)
        VALUES (59, (SELECT id FROM actores WHERE nombre = 'Guy Pearce')) 
        ON DUPLICATE KEY UPDATE contenido_id=contenido_id;

        INSERT INTO contenido_actores (contenido_id, actor_id)
        VALUES (59, (SELECT id FROM actores WHERE nombre = 'Idris Elba')) 
        ON DUPLICATE KEY UPDATE contenido_id=contenido_id;

        INSERT INTO contenido_actores (contenido_id, actor_id)
        VALUES (59, (SELECT id FROM actores WHERE nombre = 'Sean Harris')) 
        ON DUPLICATE KEY UPDATE contenido_id=contenido_id;

        INSERT INTO contenido_actores (contenido_id, actor_id)
        VALUES (59, (SELECT id FROM actores WHERE nombre = 'Rafe Spall')) 
        ON DUPLICATE KEY UPDATE contenido_id=contenido_id;

        INSERT INTO contenido_actores (contenido_id, actor_id)
        VALUES (59, (SELECT id FROM actores WHERE nombre = 'Kate Dickie')) 
        ON DUPLICATE KEY UPDATE contenido_id=contenido_id;

        INSERT INTO contenido_actores (contenido_id, actor_id)
        VALUES (59, (SELECT id FROM actores WHERE nombre = 'Emut Elliott')) 
        ON DUPLICATE KEY UPDATE contenido_id=contenido_id;

        INSERT INTO contenido_actores (contenido_id, actor_id)
        VALUES (59, (SELECT id FROM actores WHERE nombre = 'Benedict Wong')) 
        ON DUPLICATE KEY UPDATE contenido_id=contenido_id;

        INSERT INTO contenido_actores (contenido_id, actor_id)
        VALUES (59, (SELECT id FROM actores WHERE nombre = 'Lucy Hutchinson')) 
        ON DUPLICATE KEY UPDATE contenido_id=contenido_id;

        INSERT INTO contenido_actores (contenido_id, actor_id)
        VALUES (59, (SELECT id FROM actores WHERE nombre = 'Patrick Wilson')) 
        ON DUPLICATE KEY UPDATE contenido_id=contenido_id;

        INSERT INTO contenido_actores (contenido_id, actor_id)
        VALUES (59, (SELECT id FROM actores WHERE nombre = 'Ian Whyte')) 
        ON DUPLICATE KEY UPDATE contenido_id=contenido_id;

        INSERT INTO contenido_actores (contenido_id, actor_id)
        VALUES (59, (SELECT id FROM actores WHERE nombre = 'Branwell Donaghey')) 
        ON DUPLICATE KEY UPDATE contenido_id=contenido_id;

        INSERT INTO contenido_actores (contenido_id, actor_id)
        VALUES (59, (SELECT id FROM actores WHERE nombre = 'Vladimir Furdik')) 
        ON DUPLICATE KEY UPDATE contenido_id=contenido_id;

        INSERT INTO contenido_actores (contenido_id, actor_id)
        VALUES (59, (SELECT id FROM actores WHERE nombre = 'C.C. Smiff')) 
        ON DUPLICATE KEY UPDATE contenido_id=contenido_id;

        INSERT INTO contenido_actores (contenido_id, actor_id)
        VALUES (59, (SELECT id FROM actores WHERE nombre = 'Shane Steyn')) 
        ON DUPLICATE KEY UPDATE contenido_id=contenido_id;

        INSERT INTO contenido_actores (contenido_id, actor_id)
        VALUES (59, (SELECT id FROM actores WHERE nombre = 'John Lebar')) 
        ON DUPLICATE KEY UPDATE contenido_id=contenido_id;

    INSERT INTO contenido (id, titulo, categoria_id, resumen, temporadas, duracion, trailer)
    VALUES (60, 'Alien: Covenant', (SELECT id FROM categorias WHERE nombre = 'Película'), 'Rumbo a un remoto planeta al otro lado de la galaxia, la tripulación de la nave colonial Covenant descubre lo que creen que es un paraíso inexplorado, pero resulta tratarse de un mundo oscuro y hostil cuyo único habitante es un ''sintético'' llamado David (Michael Fassbender), superviviente de la malograda expedición Prometheus. Secuela de ''Prometheus'' (2012), a su vez precuela de ''Alien, el octavo pasajero'' (1979).', 
            'N/A', '122 minutos', 'https://www.youtube.com/embed/svnAD0TApb8') 
    ON DUPLICATE KEY UPDATE titulo=titulo;

        INSERT INTO contenido_generos (contenido_id, genero_id)
        VALUES (60, (SELECT id FROM generos WHERE nombre = 'Ciencia Ficción')) 
        ON DUPLICATE KEY UPDATE contenido_id=contenido_id;

        INSERT INTO contenido_generos (contenido_id, genero_id)
        VALUES (60, (SELECT id FROM generos WHERE nombre = 'Aventura')) 
        ON DUPLICATE KEY UPDATE contenido_id=contenido_id;

        INSERT INTO contenido_generos (contenido_id, genero_id)
        VALUES (60, (SELECT id FROM generos WHERE nombre = 'Misterio')) 
        ON DUPLICATE KEY UPDATE contenido_id=contenido_id;

        INSERT INTO contenido_actores (contenido_id, actor_id)
        VALUES (60, (SELECT id FROM actores WHERE nombre = 'Michael Fassbender')) 
        ON DUPLICATE KEY UPDATE contenido_id=contenido_id;

        INSERT INTO contenido_actores (contenido_id, actor_id)
        VALUES (60, (SELECT id FROM actores WHERE nombre = 'Katherine Waterston')) 
        ON DUPLICATE KEY UPDATE contenido_id=contenido_id;

        INSERT INTO contenido_actores (contenido_id, actor_id)
        VALUES (60, (SELECT id FROM actores WHERE nombre = 'Billy Crudup')) 
        ON DUPLICATE KEY UPDATE contenido_id=contenido_id;

        INSERT INTO contenido_actores (contenido_id, actor_id)
        VALUES (60, (SELECT id FROM actores WHERE nombre = 'Danny McBride')) 
        ON DUPLICATE KEY UPDATE contenido_id=contenido_id;

        INSERT INTO contenido_actores (contenido_id, actor_id)
        VALUES (60, (SELECT id FROM actores WHERE nombre = 'Demián Bichir')) 
        ON DUPLICATE KEY UPDATE contenido_id=contenido_id;

        INSERT INTO contenido_actores (contenido_id, actor_id)
        VALUES (60, (SELECT id FROM actores WHERE nombre = 'Carmen Ejogo')) 
        ON DUPLICATE KEY UPDATE contenido_id=contenido_id;

        INSERT INTO contenido_actores (contenido_id, actor_id)
        VALUES (60, (SELECT id FROM actores WHERE nombre = 'Jussie Smollett')) 
        ON DUPLICATE KEY UPDATE contenido_id=contenido_id;

        INSERT INTO contenido_actores (contenido_id, actor_id)
        VALUES (60, (SELECT id FROM actores WHERE nombre = 'Callie Hernandez')) 
        ON DUPLICATE KEY UPDATE contenido_id=contenido_id;

        INSERT INTO contenido_actores (contenido_id, actor_id)
        VALUES (60, (SELECT id FROM actores WHERE nombre = 'Amy Seimetz')) 
        ON DUPLICATE KEY UPDATE contenido_id=contenido_id;

        INSERT INTO contenido_actores (contenido_id, actor_id)
        VALUES (60, (SELECT id FROM actores WHERE nombre = 'Nathaniel Dean')) 
        ON DUPLICATE KEY UPDATE contenido_id=contenido_id;

        INSERT INTO contenido_actores (contenido_id, actor_id)
        VALUES (60, (SELECT id FROM actores WHERE nombre = 'Alexander England')) 
        ON DUPLICATE KEY UPDATE contenido_id=contenido_id;

        INSERT INTO contenido_actores (contenido_id, actor_id)
        VALUES (60, (SELECT id FROM actores WHERE nombre = 'Benjamin Rigby')) 
        ON DUPLICATE KEY UPDATE contenido_id=contenido_id;

        INSERT INTO contenido_actores (contenido_id, actor_id)
        VALUES (60, (SELECT id FROM actores WHERE nombre = 'Uli Latukefu')) 
        ON DUPLICATE KEY UPDATE contenido_id=contenido_id;

        INSERT INTO contenido_actores (contenido_id, actor_id)
        VALUES (60, (SELECT id FROM actores WHERE nombre = 'Tess Haubrich')) 
        ON DUPLICATE KEY UPDATE contenido_id=contenido_id;

        INSERT INTO contenido_actores (contenido_id, actor_id)
        VALUES (60, (SELECT id FROM actores WHERE nombre = 'Andrew Crawford')) 
        ON DUPLICATE KEY UPDATE contenido_id=contenido_id;

        INSERT INTO contenido_actores (contenido_id, actor_id)
        VALUES (60, (SELECT id FROM actores WHERE nombre = 'Guy Pierce')) 
        ON DUPLICATE KEY UPDATE contenido_id=contenido_id;

        INSERT INTO contenido_actores (contenido_id, actor_id)
        VALUES (60, (SELECT id FROM actores WHERE nombre = 'James Franco')) 
        ON DUPLICATE KEY UPDATE contenido_id=contenido_id;

        INSERT INTO contenido_actores (contenido_id, actor_id)
        VALUES (60, (SELECT id FROM actores WHERE nombre = 'Noomi Rapace')) 
        ON DUPLICATE KEY UPDATE contenido_id=contenido_id;

        INSERT INTO contenido_actores (contenido_id, actor_id)
        VALUES (60, (SELECT id FROM actores WHERE nombre = 'Javier Botet')) 
        ON DUPLICATE KEY UPDATE contenido_id=contenido_id;

    INSERT INTO contenido (id, titulo, categoria_id, resumen, temporadas, duracion, trailer)
    VALUES (61, 'Life: Vida inteligente', (SELECT id FROM categorias WHERE nombre = 'Película'), 'Seis miembros de la tripulación de la Estación Espacial Internacional que están a punto de lograr uno de los descubrimientos más importantes en la historia humana: la primera evidencia de vida extraterrestre en Marte. A medida que el equipo comienza a investigar y sus métodos tienen consecuencias inesperadas, la forma viviente demostrará ser más inteligente de lo que cualquiera esperaba.', 
            'N/A', '106 minutos', 'https://www.youtube.com/embed/viX9irZw9Cg') 
    ON DUPLICATE KEY UPDATE titulo=titulo;

        INSERT INTO contenido_generos (contenido_id, genero_id)
        VALUES (61, (SELECT id FROM generos WHERE nombre = 'Ciencia Ficción')) 
        ON DUPLICATE KEY UPDATE contenido_id=contenido_id;

        INSERT INTO contenido_generos (contenido_id, genero_id)
        VALUES (61, (SELECT id FROM generos WHERE nombre = 'Suspenso')) 
        ON DUPLICATE KEY UPDATE contenido_id=contenido_id;

        INSERT INTO contenido_generos (contenido_id, genero_id)
        VALUES (61, (SELECT id FROM generos WHERE nombre = 'Terror')) 
        ON DUPLICATE KEY UPDATE contenido_id=contenido_id;

        INSERT INTO contenido_actores (contenido_id, actor_id)
        VALUES (61, (SELECT id FROM actores WHERE nombre = 'Jake Gyllenhaal Rebecca Ferguson')) 
        ON DUPLICATE KEY UPDATE contenido_id=contenido_id;

        INSERT INTO contenido_actores (contenido_id, actor_id)
        VALUES (61, (SELECT id FROM actores WHERE nombre = 'Ryan Reynolds')) 
        ON DUPLICATE KEY UPDATE contenido_id=contenido_id;

        INSERT INTO contenido_actores (contenido_id, actor_id)
        VALUES (61, (SELECT id FROM actores WHERE nombre = 'Hiroyuki Sanada')) 
        ON DUPLICATE KEY UPDATE contenido_id=contenido_id;

        INSERT INTO contenido_actores (contenido_id, actor_id)
        VALUES (61, (SELECT id FROM actores WHERE nombre = 'Airyon Bakare')) 
        ON DUPLICATE KEY UPDATE contenido_id=contenido_id;

        INSERT INTO contenido_actores (contenido_id, actor_id)
        VALUES (61, (SELECT id FROM actores WHERE nombre = 'Olga Dihovichnaya')) 
        ON DUPLICATE KEY UPDATE contenido_id=contenido_id;

        INSERT INTO contenido_actores (contenido_id, actor_id)
        VALUES (61, (SELECT id FROM actores WHERE nombre = 'Naoko Mori')) 
        ON DUPLICATE KEY UPDATE contenido_id=contenido_id;

        INSERT INTO contenido_actores (contenido_id, actor_id)
        VALUES (61, (SELECT id FROM actores WHERE nombre = 'Haruka Kuroda Camiel Warren-Taylor')) 
        ON DUPLICATE KEY UPDATE contenido_id=contenido_id;

    INSERT INTO contenido (id, titulo, categoria_id, resumen, temporadas, duracion, trailer)
    VALUES (62, 'Madame Curie', (SELECT id FROM categorias WHERE nombre = 'Película'), 'Basada en el libro ''A tale of love and fallout'' de Lauren Redniss, Radioactive es la historia biográfica sobre la científica polaca Marie Curie, la primera persona en recibir dos premios Nobel en distintas especialidades —Física y Química—, y la primera mujer en ocupar el puesto de profesora en la Universidad de París. Dirigida por Marjane Satrapi y protagonizada por Rosamund Pike como Marie Curie, está basada en la novela gráfica de Lauren Redniss.', 
            'N/A', '115 minutos', 'https://www.youtube.com/embed/w0jqppl-ybY') 
    ON DUPLICATE KEY UPDATE titulo=titulo;

        INSERT INTO contenido_generos (contenido_id, genero_id)
        VALUES (62, (SELECT id FROM generos WHERE nombre = 'Drama')) 
        ON DUPLICATE KEY UPDATE contenido_id=contenido_id;

        INSERT INTO contenido_generos (contenido_id, genero_id)
        VALUES (62, (SELECT id FROM generos WHERE nombre = 'Romance')) 
        ON DUPLICATE KEY UPDATE contenido_id=contenido_id;

        INSERT INTO contenido_generos (contenido_id, genero_id)
        VALUES (62, (SELECT id FROM generos WHERE nombre = 'Historia')) 
        ON DUPLICATE KEY UPDATE contenido_id=contenido_id;

        INSERT INTO contenido_generos (contenido_id, genero_id)
        VALUES (62, (SELECT id FROM generos WHERE nombre = 'Suceso Real')) 
        ON DUPLICATE KEY UPDATE contenido_id=contenido_id;

        INSERT INTO contenido_actores (contenido_id, actor_id)
        VALUES (62, (SELECT id FROM actores WHERE nombre = 'Rosamund Pike')) 
        ON DUPLICATE KEY UPDATE contenido_id=contenido_id;

        INSERT INTO contenido_actores (contenido_id, actor_id)
        VALUES (62, (SELECT id FROM actores WHERE nombre = 'Sam Riley')) 
        ON DUPLICATE KEY UPDATE contenido_id=contenido_id;

        INSERT INTO contenido_actores (contenido_id, actor_id)
        VALUES (62, (SELECT id FROM actores WHERE nombre = 'Aneurin Barnard')) 
        ON DUPLICATE KEY UPDATE contenido_id=contenido_id;

        INSERT INTO contenido_actores (contenido_id, actor_id)
        VALUES (62, (SELECT id FROM actores WHERE nombre = 'Anya Taylor-Joy')) 
        ON DUPLICATE KEY UPDATE contenido_id=contenido_id;

        INSERT INTO contenido_actores (contenido_id, actor_id)
        VALUES (62, (SELECT id FROM actores WHERE nombre = 'Simon Russell Beale')) 
        ON DUPLICATE KEY UPDATE contenido_id=contenido_id;

        INSERT INTO contenido_actores (contenido_id, actor_id)
        VALUES (62, (SELECT id FROM actores WHERE nombre = 'Jonathan Aris')) 
        ON DUPLICATE KEY UPDATE contenido_id=contenido_id;

        INSERT INTO contenido_actores (contenido_id, actor_id)
        VALUES (62, (SELECT id FROM actores WHERE nombre = 'Corey Johnson')) 
        ON DUPLICATE KEY UPDATE contenido_id=contenido_id;

        INSERT INTO contenido_actores (contenido_id, actor_id)
        VALUES (62, (SELECT id FROM actores WHERE nombre = 'Tim Woodward')) 
        ON DUPLICATE KEY UPDATE contenido_id=contenido_id;

        INSERT INTO contenido_actores (contenido_id, actor_id)
        VALUES (62, (SELECT id FROM actores WHERE nombre = 'Katherine Parkinson')) 
        ON DUPLICATE KEY UPDATE contenido_id=contenido_id;

    INSERT INTO contenido (id, titulo, categoria_id, resumen, temporadas, duracion, trailer)
    VALUES (63, 'The IT Crowd', (SELECT id FROM categorias WHERE nombre = 'Serie'), 'En un desordenado sótano en las entrañas de Industrias Reynholm habitan Roy y Moss, los componentes del Departamento de informática. Víctimas del desprecio y del escarnio de sus compañeros más guays, su mundo de servidores y cortafuegos se ve interrumpido por la llegada de Jen, su nueva jefa, que sabe tanto de ordenadores como un yak.', 
            '4', 'N/A', 'https://www.youtube.com/embed/wCa1jfo93jQ') 
    ON DUPLICATE KEY UPDATE titulo=titulo;

        INSERT INTO contenido_generos (contenido_id, genero_id)
        VALUES (63, (SELECT id FROM generos WHERE nombre = 'Comedia')) 
        ON DUPLICATE KEY UPDATE contenido_id=contenido_id;

        INSERT INTO contenido_actores (contenido_id, actor_id)
        VALUES (63, (SELECT id FROM actores WHERE nombre = 'Chris O''Dowd')) 
        ON DUPLICATE KEY UPDATE contenido_id=contenido_id;

        INSERT INTO contenido_actores (contenido_id, actor_id)
        VALUES (63, (SELECT id FROM actores WHERE nombre = 'Richard Ayoade')) 
        ON DUPLICATE KEY UPDATE contenido_id=contenido_id;

        INSERT INTO contenido_actores (contenido_id, actor_id)
        VALUES (63, (SELECT id FROM actores WHERE nombre = 'Katherine Parkinson')) 
        ON DUPLICATE KEY UPDATE contenido_id=contenido_id;

        INSERT INTO contenido_actores (contenido_id, actor_id)
        VALUES (63, (SELECT id FROM actores WHERE nombre = 'Matt Berry')) 
        ON DUPLICATE KEY UPDATE contenido_id=contenido_id;

        INSERT INTO contenido_actores (contenido_id, actor_id)
        VALUES (63, (SELECT id FROM actores WHERE nombre = 'Noel Fielding')) 
        ON DUPLICATE KEY UPDATE contenido_id=contenido_id;

        INSERT INTO contenido_actores (contenido_id, actor_id)
        VALUES (63, (SELECT id FROM actores WHERE nombre = 'Peter Serafinowicz')) 
        ON DUPLICATE KEY UPDATE contenido_id=contenido_id;

        INSERT INTO contenido_actores (contenido_id, actor_id)
        VALUES (63, (SELECT id FROM actores WHERE nombre = 'Gragam Linehan')) 
        ON DUPLICATE KEY UPDATE contenido_id=contenido_id;

        INSERT INTO contenido_actores (contenido_id, actor_id)
        VALUES (63, (SELECT id FROM actores WHERE nombre = 'Tom Binns')) 
        ON DUPLICATE KEY UPDATE contenido_id=contenido_id;

        INSERT INTO contenido_actores (contenido_id, actor_id)
        VALUES (63, (SELECT id FROM actores WHERE nombre = 'Lewis Macleod')) 
        ON DUPLICATE KEY UPDATE contenido_id=contenido_id;

    INSERT INTO contenido (id, titulo, categoria_id, resumen, temporadas, duracion, trailer)
    VALUES (64, 'Humans', (SELECT id FROM categorias WHERE nombre = 'Serie'), 'En un presente paralelo donde el último gadget que hay que tener para cualquier familia ocupada es un ''Synth'' - un sirviente robótico altamente desarrollado que es tan similar a un humano real que está transformando la manera en que vivimos.', 
            '3', 'N/A', 'https://www.youtube.com/embed/BV8qFeZxZPE') 
    ON DUPLICATE KEY UPDATE titulo=titulo;

        INSERT INTO contenido_generos (contenido_id, genero_id)
        VALUES (64, (SELECT id FROM generos WHERE nombre = 'Ciencia Ficción')) 
        ON DUPLICATE KEY UPDATE contenido_id=contenido_id;

        INSERT INTO contenido_generos (contenido_id, genero_id)
        VALUES (64, (SELECT id FROM generos WHERE nombre = 'Sci-Fi')) 
        ON DUPLICATE KEY UPDATE contenido_id=contenido_id;

        INSERT INTO contenido_generos (contenido_id, genero_id)
        VALUES (64, (SELECT id FROM generos WHERE nombre = 'Fantasía')) 
        ON DUPLICATE KEY UPDATE contenido_id=contenido_id;

        INSERT INTO contenido_generos (contenido_id, genero_id)
        VALUES (64, (SELECT id FROM generos WHERE nombre = 'Drama')) 
        ON DUPLICATE KEY UPDATE contenido_id=contenido_id;

        INSERT INTO contenido_generos (contenido_id, genero_id)
        VALUES (64, (SELECT id FROM generos WHERE nombre = 'Misterio')) 
        ON DUPLICATE KEY UPDATE contenido_id=contenido_id;

        INSERT INTO contenido_actores (contenido_id, actor_id)
        VALUES (64, (SELECT id FROM actores WHERE nombre = 'Katherine Parkinson')) 
        ON DUPLICATE KEY UPDATE contenido_id=contenido_id;

        INSERT INTO contenido_actores (contenido_id, actor_id)
        VALUES (64, (SELECT id FROM actores WHERE nombre = 'Gemma Chan')) 
        ON DUPLICATE KEY UPDATE contenido_id=contenido_id;

        INSERT INTO contenido_actores (contenido_id, actor_id)
        VALUES (64, (SELECT id FROM actores WHERE nombre = 'Emily Berrington')) 
        ON DUPLICATE KEY UPDATE contenido_id=contenido_id;

        INSERT INTO contenido_actores (contenido_id, actor_id)
        VALUES (64, (SELECT id FROM actores WHERE nombre = 'Lucy Carless')) 
        ON DUPLICATE KEY UPDATE contenido_id=contenido_id;

        INSERT INTO contenido_actores (contenido_id, actor_id)
        VALUES (64, (SELECT id FROM actores WHERE nombre = 'Colin Morgan')) 
        ON DUPLICATE KEY UPDATE contenido_id=contenido_id;

        INSERT INTO contenido_actores (contenido_id, actor_id)
        VALUES (64, (SELECT id FROM actores WHERE nombre = 'Theo Stevenson')) 
        ON DUPLICATE KEY UPDATE contenido_id=contenido_id;

        INSERT INTO contenido_actores (contenido_id, actor_id)
        VALUES (64, (SELECT id FROM actores WHERE nombre = 'Pixie Daves')) 
        ON DUPLICATE KEY UPDATE contenido_id=contenido_id;

        INSERT INTO contenido_actores (contenido_id, actor_id)
        VALUES (64, (SELECT id FROM actores WHERE nombre = 'Tom Goodman-Hill')) 
        ON DUPLICATE KEY UPDATE contenido_id=contenido_id;

        INSERT INTO contenido_actores (contenido_id, actor_id)
        VALUES (64, (SELECT id FROM actores WHERE nombre = 'Ivanno Jeremiah')) 
        ON DUPLICATE KEY UPDATE contenido_id=contenido_id;

        INSERT INTO contenido_actores (contenido_id, actor_id)
        VALUES (64, (SELECT id FROM actores WHERE nombre = 'Ruth Bradley')) 
        ON DUPLICATE KEY UPDATE contenido_id=contenido_id;

        INSERT INTO contenido_actores (contenido_id, actor_id)
        VALUES (64, (SELECT id FROM actores WHERE nombre = 'Will Tudor')) 
        ON DUPLICATE KEY UPDATE contenido_id=contenido_id;

        INSERT INTO contenido_actores (contenido_id, actor_id)
        VALUES (64, (SELECT id FROM actores WHERE nombre = 'Neil Maskell')) 
        ON DUPLICATE KEY UPDATE contenido_id=contenido_id;

        INSERT INTO contenido_actores (contenido_id, actor_id)
        VALUES (64, (SELECT id FROM actores WHERE nombre = 'Billy Jenkins')) 
        ON DUPLICATE KEY UPDATE contenido_id=contenido_id;

        INSERT INTO contenido_actores (contenido_id, actor_id)
        VALUES (64, (SELECT id FROM actores WHERE nombre = 'Bella Dayne')) 
        ON DUPLICATE KEY UPDATE contenido_id=contenido_id;

        INSERT INTO contenido_actores (contenido_id, actor_id)
        VALUES (64, (SELECT id FROM actores WHERE nombre = 'Thusitha Jayasumdera')) 
        ON DUPLICATE KEY UPDATE contenido_id=contenido_id;

        INSERT INTO contenido_actores (contenido_id, actor_id)
        VALUES (64, (SELECT id FROM actores WHERE nombre = 'Danny Webb')) 
        ON DUPLICATE KEY UPDATE contenido_id=contenido_id;

        INSERT INTO contenido_actores (contenido_id, actor_id)
        VALUES (64, (SELECT id FROM actores WHERE nombre = 'Carrie-Anne Moss')) 
        ON DUPLICATE KEY UPDATE contenido_id=contenido_id;

        INSERT INTO contenido_actores (contenido_id, actor_id)
        VALUES (64, (SELECT id FROM actores WHERE nombre = 'William Hurt')) 
        ON DUPLICATE KEY UPDATE contenido_id=contenido_id;

    INSERT INTO contenido (id, titulo, categoria_id, resumen, temporadas, duracion, trailer)
    VALUES (65, 'Need for Speed', (SELECT id FROM categorias WHERE nombre = 'Película'), 'El más famoso de los videojuegos de carreras llega a la gran pantalla para dejar a los más fanáticos boquiabiertos. Need for Speed cuenta la historia de un experto en automovilismo (Aaron Paul), el cual tiene un garage en dónde transforma coches para hacerlos más rápidos de lo que son para poder competir en carreras ilegales. Entró en la cárcel por un delito que no había cometido, justo cuando su mejor amigo muere en una carrera, y ahora sale de allí para vengarse.', 
            'N/A', '130 minutos', 'https://www.youtube.com/embed/u3wtVI-aJuw') 
    ON DUPLICATE KEY UPDATE titulo=titulo;

        INSERT INTO contenido_generos (contenido_id, genero_id)
        VALUES (65, (SELECT id FROM generos WHERE nombre = 'Acción')) 
        ON DUPLICATE KEY UPDATE contenido_id=contenido_id;

        INSERT INTO contenido_generos (contenido_id, genero_id)
        VALUES (65, (SELECT id FROM generos WHERE nombre = 'Drama')) 
        ON DUPLICATE KEY UPDATE contenido_id=contenido_id;

        INSERT INTO contenido_generos (contenido_id, genero_id)
        VALUES (65, (SELECT id FROM generos WHERE nombre = 'Suspenso')) 
        ON DUPLICATE KEY UPDATE contenido_id=contenido_id;

        INSERT INTO contenido_actores (contenido_id, actor_id)
        VALUES (65, (SELECT id FROM actores WHERE nombre = 'Aaron Paul')) 
        ON DUPLICATE KEY UPDATE contenido_id=contenido_id;

        INSERT INTO contenido_actores (contenido_id, actor_id)
        VALUES (65, (SELECT id FROM actores WHERE nombre = 'Dominic Cooper')) 
        ON DUPLICATE KEY UPDATE contenido_id=contenido_id;

        INSERT INTO contenido_actores (contenido_id, actor_id)
        VALUES (65, (SELECT id FROM actores WHERE nombre = 'Imogen Poots')) 
        ON DUPLICATE KEY UPDATE contenido_id=contenido_id;

        INSERT INTO contenido_actores (contenido_id, actor_id)
        VALUES (65, (SELECT id FROM actores WHERE nombre = 'Ramón Rodríguez')) 
        ON DUPLICATE KEY UPDATE contenido_id=contenido_id;

        INSERT INTO contenido_actores (contenido_id, actor_id)
        VALUES (65, (SELECT id FROM actores WHERE nombre = 'Michael Keaton')) 
        ON DUPLICATE KEY UPDATE contenido_id=contenido_id;

        INSERT INTO contenido_actores (contenido_id, actor_id)
        VALUES (65, (SELECT id FROM actores WHERE nombre = 'Rami Malek')) 
        ON DUPLICATE KEY UPDATE contenido_id=contenido_id;

        INSERT INTO contenido_actores (contenido_id, actor_id)
        VALUES (65, (SELECT id FROM actores WHERE nombre = 'Kid Cudi')) 
        ON DUPLICATE KEY UPDATE contenido_id=contenido_id;

        INSERT INTO contenido_actores (contenido_id, actor_id)
        VALUES (65, (SELECT id FROM actores WHERE nombre = 'Dakota Johnson')) 
        ON DUPLICATE KEY UPDATE contenido_id=contenido_id;

        INSERT INTO contenido_actores (contenido_id, actor_id)
        VALUES (65, (SELECT id FROM actores WHERE nombre = 'Harrison Gilbertson')) 
        ON DUPLICATE KEY UPDATE contenido_id=contenido_id;

        INSERT INTO contenido_actores (contenido_id, actor_id)
        VALUES (65, (SELECT id FROM actores WHERE nombre = 'Carmela Zumbado')) 
        ON DUPLICATE KEY UPDATE contenido_id=contenido_id;

        INSERT INTO contenido_actores (contenido_id, actor_id)
        VALUES (65, (SELECT id FROM actores WHERE nombre = 'Jalil Jay Lynch')) 
        ON DUPLICATE KEY UPDATE contenido_id=contenido_id;

        INSERT INTO contenido_actores (contenido_id, actor_id)
        VALUES (65, (SELECT id FROM actores WHERE nombre = 'Nick Chinlund')) 
        ON DUPLICATE KEY UPDATE contenido_id=contenido_id;

        INSERT INTO contenido_actores (contenido_id, actor_id)
        VALUES (65, (SELECT id FROM actores WHERE nombre = 'Chad Randall')) 
        ON DUPLICATE KEY UPDATE contenido_id=contenido_id;

    INSERT INTO contenido (id, titulo, categoria_id, resumen, temporadas, duracion, trailer)
    VALUES (66, 'Mare of Easttown', (SELECT id FROM categorias WHERE nombre = 'Serie'), 'Mare of Easttown es una miniserie estadounidense de drama y misterio creada por Brad Ingelsby cuenta la historia de Mare Sheehan, una detective de un pequeño pueblo de Pensilvania que investiga un asesinato local mientras trata de evitar que su vida se desmorone a raiz de la muerte de su hijo, su separación, y la posible restitución de su nieto a su madre biológica.', 
            '1', 'N/A', 'https://www.youtube.com/embed/miQqyfO66uw') 
    ON DUPLICATE KEY UPDATE titulo=titulo;

        INSERT INTO contenido_generos (contenido_id, genero_id)
        VALUES (66, (SELECT id FROM generos WHERE nombre = 'Misterio')) 
        ON DUPLICATE KEY UPDATE contenido_id=contenido_id;

        INSERT INTO contenido_generos (contenido_id, genero_id)
        VALUES (66, (SELECT id FROM generos WHERE nombre = 'Drama')) 
        ON DUPLICATE KEY UPDATE contenido_id=contenido_id;

        INSERT INTO contenido_generos (contenido_id, genero_id)
        VALUES (66, (SELECT id FROM generos WHERE nombre = 'Crimen')) 
        ON DUPLICATE KEY UPDATE contenido_id=contenido_id;

        INSERT INTO contenido_generos (contenido_id, genero_id)
        VALUES (66, (SELECT id FROM generos WHERE nombre = 'Suspenso')) 
        ON DUPLICATE KEY UPDATE contenido_id=contenido_id;

        INSERT INTO contenido_actores (contenido_id, actor_id)
        VALUES (66, (SELECT id FROM actores WHERE nombre = 'Kate Winslet')) 
        ON DUPLICATE KEY UPDATE contenido_id=contenido_id;

        INSERT INTO contenido_actores (contenido_id, actor_id)
        VALUES (66, (SELECT id FROM actores WHERE nombre = 'Julianne Nicholson')) 
        ON DUPLICATE KEY UPDATE contenido_id=contenido_id;

        INSERT INTO contenido_actores (contenido_id, actor_id)
        VALUES (66, (SELECT id FROM actores WHERE nombre = 'Jean Smart')) 
        ON DUPLICATE KEY UPDATE contenido_id=contenido_id;

        INSERT INTO contenido_actores (contenido_id, actor_id)
        VALUES (66, (SELECT id FROM actores WHERE nombre = 'Angourie Rice')) 
        ON DUPLICATE KEY UPDATE contenido_id=contenido_id;

        INSERT INTO contenido_actores (contenido_id, actor_id)
        VALUES (66, (SELECT id FROM actores WHERE nombre = 'Evan Peters')) 
        ON DUPLICATE KEY UPDATE contenido_id=contenido_id;

        INSERT INTO contenido_actores (contenido_id, actor_id)
        VALUES (66, (SELECT id FROM actores WHERE nombre = 'Sosie Bacon')) 
        ON DUPLICATE KEY UPDATE contenido_id=contenido_id;

        INSERT INTO contenido_actores (contenido_id, actor_id)
        VALUES (66, (SELECT id FROM actores WHERE nombre = 'David Denman')) 
        ON DUPLICATE KEY UPDATE contenido_id=contenido_id;

        INSERT INTO contenido_actores (contenido_id, actor_id)
        VALUES (66, (SELECT id FROM actores WHERE nombre = 'Neal Huff')) 
        ON DUPLICATE KEY UPDATE contenido_id=contenido_id;

        INSERT INTO contenido_actores (contenido_id, actor_id)
        VALUES (66, (SELECT id FROM actores WHERE nombre = 'James McArdle')) 
        ON DUPLICATE KEY UPDATE contenido_id=contenido_id;

        INSERT INTO contenido_actores (contenido_id, actor_id)
        VALUES (66, (SELECT id FROM actores WHERE nombre = 'Guy Pearce')) 
        ON DUPLICATE KEY UPDATE contenido_id=contenido_id;

        INSERT INTO contenido_actores (contenido_id, actor_id)
        VALUES (66, (SELECT id FROM actores WHERE nombre = 'Cailee Spaeny')) 
        ON DUPLICATE KEY UPDATE contenido_id=contenido_id;

        INSERT INTO contenido_actores (contenido_id, actor_id)
        VALUES (66, (SELECT id FROM actores WHERE nombre = 'John Douglas Thompson')) 
        ON DUPLICATE KEY UPDATE contenido_id=contenido_id;

        INSERT INTO contenido_actores (contenido_id, actor_id)
        VALUES (66, (SELECT id FROM actores WHERE nombre = 'Joe Tippett')) 
        ON DUPLICATE KEY UPDATE contenido_id=contenido_id;

        INSERT INTO contenido_actores (contenido_id, actor_id)
        VALUES (66, (SELECT id FROM actores WHERE nombre = 'Cameron Mann')) 
        ON DUPLICATE KEY UPDATE contenido_id=contenido_id;

        INSERT INTO contenido_actores (contenido_id, actor_id)
        VALUES (66, (SELECT id FROM actores WHERE nombre = 'Chinasa Ogbuagu')) 
        ON DUPLICATE KEY UPDATE contenido_id=contenido_id;

    INSERT INTO contenido (id, titulo, categoria_id, resumen, temporadas, duracion, trailer)
    VALUES (67, 'Ray', (SELECT id FROM categorias WHERE nombre = 'Película'), 'La vida de Ray Charles es una alternancia de triunfos y fracasos personales que se suceden a lo largo de una dilatada y galardonada carrera en el mundo del espectáculo. Pero estamos hablando de un hombre que sintetizó sus luchas, su dolor y su oscuridad personal con la misma efectividad con la que supo fundir en su arte una miríada de estilos musicales: el jazz, el rhythm & blues, el rock & roll, el gospel y el country. Su historia tiene entonces un sentido muy distinto: la cadena de logros se transforma en el vibrante y conmovedor trayecto de un genio único con una visión propia que enseñó al mundo a escuchar música de una forma nueva. RAY es la biografía, nunca contada antes, de esa leyenda de la música americana que es Ray Charles. Se centra en el período más explosivo de la carrera de Charles, que comienza cuando este joven negro ciego se sube solo a un autobús en Florida y cruza el país para refinar su arte en la floreciente escena jazzística de Seattle.', 
            'N/A', '152 minutos', 'https://www.youtube.com/embed/jVHCQfcugdw') 
    ON DUPLICATE KEY UPDATE titulo=titulo;

        INSERT INTO contenido_generos (contenido_id, genero_id)
        VALUES (67, (SELECT id FROM generos WHERE nombre = 'Drama')) 
        ON DUPLICATE KEY UPDATE contenido_id=contenido_id;

        INSERT INTO contenido_generos (contenido_id, genero_id)
        VALUES (67, (SELECT id FROM generos WHERE nombre = 'Música')) 
        ON DUPLICATE KEY UPDATE contenido_id=contenido_id;

        INSERT INTO contenido_generos (contenido_id, genero_id)
        VALUES (67, (SELECT id FROM generos WHERE nombre = 'Suceso Real')) 
        ON DUPLICATE KEY UPDATE contenido_id=contenido_id;

        INSERT INTO contenido_generos (contenido_id, genero_id)
        VALUES (67, (SELECT id FROM generos WHERE nombre = 'Historia')) 
        ON DUPLICATE KEY UPDATE contenido_id=contenido_id;

        INSERT INTO contenido_actores (contenido_id, actor_id)
        VALUES (67, (SELECT id FROM actores WHERE nombre = 'Jamie Foxx')) 
        ON DUPLICATE KEY UPDATE contenido_id=contenido_id;

        INSERT INTO contenido_actores (contenido_id, actor_id)
        VALUES (67, (SELECT id FROM actores WHERE nombre = 'Kerry Washington')) 
        ON DUPLICATE KEY UPDATE contenido_id=contenido_id;

        INSERT INTO contenido_actores (contenido_id, actor_id)
        VALUES (67, (SELECT id FROM actores WHERE nombre = 'Regina King')) 
        ON DUPLICATE KEY UPDATE contenido_id=contenido_id;

        INSERT INTO contenido_actores (contenido_id, actor_id)
        VALUES (67, (SELECT id FROM actores WHERE nombre = 'Harry Lennix')) 
        ON DUPLICATE KEY UPDATE contenido_id=contenido_id;

        INSERT INTO contenido_actores (contenido_id, actor_id)
        VALUES (67, (SELECT id FROM actores WHERE nombre = 'Clifton Powell')) 
        ON DUPLICATE KEY UPDATE contenido_id=contenido_id;

        INSERT INTO contenido_actores (contenido_id, actor_id)
        VALUES (67, (SELECT id FROM actores WHERE nombre = 'Bokeem Woodbine')) 
        ON DUPLICATE KEY UPDATE contenido_id=contenido_id;

        INSERT INTO contenido_actores (contenido_id, actor_id)
        VALUES (67, (SELECT id FROM actores WHERE nombre = 'Sharon Warren')) 
        ON DUPLICATE KEY UPDATE contenido_id=contenido_id;

        INSERT INTO contenido_actores (contenido_id, actor_id)
        VALUES (67, (SELECT id FROM actores WHERE nombre = 'C.J. Sanders')) 
        ON DUPLICATE KEY UPDATE contenido_id=contenido_id;

        INSERT INTO contenido_actores (contenido_id, actor_id)
        VALUES (67, (SELECT id FROM actores WHERE nombre = 'Curtis Armstrong')) 
        ON DUPLICATE KEY UPDATE contenido_id=contenido_id;

    INSERT INTO contenido (id, titulo, categoria_id, resumen, temporadas, duracion, trailer)
    VALUES (68, 'Black Mirror', (SELECT id FROM categorias WHERE nombre = 'Serie'), 'Black Mirror es una serie de televisión británica creada por Charlie Brooker que muestra el lado oscuro de la vida y la tecnología. La serie es producida por Zeppotron para Endemol. En cuanto al contenido del programa y la estructura, Brooker ha señalado que ''cada episodio tiene un tono diferente, un entorno diferente, incluso una realidad diferente, pero todos son acerca de la forma en que vivimos ahora - y la forma en que podríamos estar viviendo en 10 minutos si somos torpes''.', 
            '5', 'N/A', 'https://www.youtube.com/embed/jVHCQfcugdw') 
    ON DUPLICATE KEY UPDATE titulo=titulo;

        INSERT INTO contenido_generos (contenido_id, genero_id)
        VALUES (68, (SELECT id FROM generos WHERE nombre = 'Drama')) 
        ON DUPLICATE KEY UPDATE contenido_id=contenido_id;

        INSERT INTO contenido_generos (contenido_id, genero_id)
        VALUES (68, (SELECT id FROM generos WHERE nombre = 'Ciencia Ficción')) 
        ON DUPLICATE KEY UPDATE contenido_id=contenido_id;

        INSERT INTO contenido_generos (contenido_id, genero_id)
        VALUES (68, (SELECT id FROM generos WHERE nombre = 'Fantasía')) 
        ON DUPLICATE KEY UPDATE contenido_id=contenido_id;

        INSERT INTO contenido_actores (contenido_id, actor_id)
        VALUES (68, (SELECT id FROM actores WHERE nombre = 'Michaela Coel')) 
        ON DUPLICATE KEY UPDATE contenido_id=contenido_id;

        INSERT INTO contenido_actores (contenido_id, actor_id)
        VALUES (68, (SELECT id FROM actores WHERE nombre = 'Daniel Lapaine')) 
        ON DUPLICATE KEY UPDATE contenido_id=contenido_id;

        INSERT INTO contenido_actores (contenido_id, actor_id)
        VALUES (68, (SELECT id FROM actores WHERE nombre = 'Hannah John-Kamen')) 
        ON DUPLICATE KEY UPDATE contenido_id=contenido_id;

        INSERT INTO contenido_actores (contenido_id, actor_id)
        VALUES (68, (SELECT id FROM actores WHERE nombre = 'Andrew Roux')) 
        ON DUPLICATE KEY UPDATE contenido_id=contenido_id;

        INSERT INTO contenido_actores (contenido_id, actor_id)
        VALUES (68, (SELECT id FROM actores WHERE nombre = 'Claire Keelan')) 
        ON DUPLICATE KEY UPDATE contenido_id=contenido_id;

        INSERT INTO contenido_actores (contenido_id, actor_id)
        VALUES (68, (SELECT id FROM actores WHERE nombre = 'Sinéad Matthews')) 
        ON DUPLICATE KEY UPDATE contenido_id=contenido_id;

        INSERT INTO contenido_actores (contenido_id, actor_id)
        VALUES (68, (SELECT id FROM actores WHERE nombre = 'Anna Wilson-Jones')) 
        ON DUPLICATE KEY UPDATE contenido_id=contenido_id;

        INSERT INTO contenido_actores (contenido_id, actor_id)
        VALUES (68, (SELECT id FROM actores WHERE nombre = 'Paul Popplewell')) 
        ON DUPLICATE KEY UPDATE contenido_id=contenido_id;

        INSERT INTO contenido_actores (contenido_id, actor_id)
        VALUES (68, (SELECT id FROM actores WHERE nombre = 'Julia Davis')) 
        ON DUPLICATE KEY UPDATE contenido_id=contenido_id;

        INSERT INTO contenido_actores (contenido_id, actor_id)
        VALUES (68, (SELECT id FROM actores WHERE nombre = 'Ashely Thomas')) 
        ON DUPLICATE KEY UPDATE contenido_id=contenido_id;

        INSERT INTO contenido_actores (contenido_id, actor_id)
        VALUES (68, (SELECT id FROM actores WHERE nombre = 'Kerrie Hayes')) 
        ON DUPLICATE KEY UPDATE contenido_id=contenido_id;

        INSERT INTO contenido_actores (contenido_id, actor_id)
        VALUES (68, (SELECT id FROM actores WHERE nombre = 'Amy Beth Hayes')) 
        ON DUPLICATE KEY UPDATE contenido_id=contenido_id;

        INSERT INTO contenido_actores (contenido_id, actor_id)
        VALUES (68, (SELECT id FROM actores WHERE nombre = 'Rebekah Staton')) 
        ON DUPLICATE KEY UPDATE contenido_id=contenido_id;

        INSERT INTO contenido_actores (contenido_id, actor_id)
        VALUES (68, (SELECT id FROM actores WHERE nombre = 'Rhashan Stone')) 
        ON DUPLICATE KEY UPDATE contenido_id=contenido_id;

        INSERT INTO contenido_actores (contenido_id, actor_id)
        VALUES (68, (SELECT id FROM actores WHERE nombre = 'Phoebe Fox')) 
        ON DUPLICATE KEY UPDATE contenido_id=contenido_id;

        INSERT INTO contenido_actores (contenido_id, actor_id)
        VALUES (68, (SELECT id FROM actores WHERE nombre = 'Jimi Mistry')) 
        ON DUPLICATE KEY UPDATE contenido_id=contenido_id;

        INSERT INTO contenido_actores (contenido_id, actor_id)
        VALUES (68, (SELECT id FROM actores WHERE nombre = 'Tobias Menzies')) 
        ON DUPLICATE KEY UPDATE contenido_id=contenido_id;

        INSERT INTO contenido_actores (contenido_id, actor_id)
        VALUES (68, (SELECT id FROM actores WHERE nombre = 'Cherry Jones')) 
        ON DUPLICATE KEY UPDATE contenido_id=contenido_id;

        INSERT INTO contenido_actores (contenido_id, actor_id)
        VALUES (68, (SELECT id FROM actores WHERE nombre = 'Alice Eve')) 
        ON DUPLICATE KEY UPDATE contenido_id=contenido_id;

        INSERT INTO contenido_actores (contenido_id, actor_id)
        VALUES (68, (SELECT id FROM actores WHERE nombre = 'Susannah Fielding')) 
        ON DUPLICATE KEY UPDATE contenido_id=contenido_id;

        INSERT INTO contenido_actores (contenido_id, actor_id)
        VALUES (68, (SELECT id FROM actores WHERE nombre = 'Demetri Goritsas')) 
        ON DUPLICATE KEY UPDATE contenido_id=contenido_id;

        INSERT INTO contenido_actores (contenido_id, actor_id)
        VALUES (68, (SELECT id FROM actores WHERE nombre = 'Kadiff Kirwan')) 
        ON DUPLICATE KEY UPDATE contenido_id=contenido_id;

        INSERT INTO contenido_actores (contenido_id, actor_id)
        VALUES (68, (SELECT id FROM actores WHERE nombre = 'Sope Dirisu')) 
        ON DUPLICATE KEY UPDATE contenido_id=contenido_id;

        INSERT INTO contenido_actores (contenido_id, actor_id)
        VALUES (68, (SELECT id FROM actores WHERE nombre = 'Jackson Bews')) 
        ON DUPLICATE KEY UPDATE contenido_id=contenido_id;

        INSERT INTO contenido_actores (contenido_id, actor_id)
        VALUES (68, (SELECT id FROM actores WHERE nombre = 'Annabel Davis')) 
        ON DUPLICATE KEY UPDATE contenido_id=contenido_id;

        INSERT INTO contenido_actores (contenido_id, actor_id)
        VALUES (68, (SELECT id FROM actores WHERE nombre = 'Billy Griffin Jr.')) 
        ON DUPLICATE KEY UPDATE contenido_id=contenido_id;

        INSERT INTO contenido_actores (contenido_id, actor_id)
        VALUES (68, (SELECT id FROM actores WHERE nombre = 'Paul Lawrence Kitson')) 
        ON DUPLICATE KEY UPDATE contenido_id=contenido_id;

        INSERT INTO contenido_actores (contenido_id, actor_id)
        VALUES (68, (SELECT id FROM actores WHERE nombre = 'Jeff Mash Patrick Kennedy')) 
        ON DUPLICATE KEY UPDATE contenido_id=contenido_id;

        INSERT INTO contenido_actores (contenido_id, actor_id)
        VALUES (68, (SELECT id FROM actores WHERE nombre = 'Lydia Wilson')) 
        ON DUPLICATE KEY UPDATE contenido_id=contenido_id;

        INSERT INTO contenido_actores (contenido_id, actor_id)
        VALUES (68, (SELECT id FROM actores WHERE nombre = 'Alastair Mackenzie')) 
        ON DUPLICATE KEY UPDATE contenido_id=contenido_id;

        INSERT INTO contenido_actores (contenido_id, actor_id)
        VALUES (68, (SELECT id FROM actores WHERE nombre = 'Chetna Pandya')) 
        ON DUPLICATE KEY UPDATE contenido_id=contenido_id;

        INSERT INTO contenido_actores (contenido_id, actor_id)
        VALUES (68, (SELECT id FROM actores WHERE nombre = 'Tuppence Middleton')) 
        ON DUPLICATE KEY UPDATE contenido_id=contenido_id;

        INSERT INTO contenido_actores (contenido_id, actor_id)
        VALUES (68, (SELECT id FROM actores WHERE nombre = 'Ian Bonar')) 
        ON DUPLICATE KEY UPDATE contenido_id=contenido_id;

        INSERT INTO contenido_actores (contenido_id, actor_id)
        VALUES (68, (SELECT id FROM actores WHERE nombre = 'Elisabeth Hopper')) 
        ON DUPLICATE KEY UPDATE contenido_id=contenido_id;

        INSERT INTO contenido_actores (contenido_id, actor_id)
        VALUES (68, (SELECT id FROM actores WHERE nombre = 'Nick Bartlett')) 
        ON DUPLICATE KEY UPDATE contenido_id=contenido_id;

        INSERT INTO contenido_actores (contenido_id, actor_id)
        VALUES (68, (SELECT id FROM actores WHERE nombre = 'Wunmi Mosaku')) 
        ON DUPLICATE KEY UPDATE contenido_id=contenido_id;

        INSERT INTO contenido_actores (contenido_id, actor_id)
        VALUES (68, (SELECT id FROM actores WHERE nombre = 'Alex Lawther')) 
        ON DUPLICATE KEY UPDATE contenido_id=contenido_id;

        INSERT INTO contenido_actores (contenido_id, actor_id)
        VALUES (68, (SELECT id FROM actores WHERE nombre = 'Jerome Flynn')) 
        ON DUPLICATE KEY UPDATE contenido_id=contenido_id;

        INSERT INTO contenido_actores (contenido_id, actor_id)
        VALUES (68, (SELECT id FROM actores WHERE nombre = 'Susannah Doyle')) 
        ON DUPLICATE KEY UPDATE contenido_id=contenido_id;

        INSERT INTO contenido_actores (contenido_id, actor_id)
        VALUES (68, (SELECT id FROM actores WHERE nombre = 'Madeline Brewer')) 
        ON DUPLICATE KEY UPDATE contenido_id=contenido_id;

        INSERT INTO contenido_actores (contenido_id, actor_id)
        VALUES (68, (SELECT id FROM actores WHERE nombre = 'Ariane Labed')) 
        ON DUPLICATE KEY UPDATE contenido_id=contenido_id;

        INSERT INTO contenido_actores (contenido_id, actor_id)
        VALUES (68, (SELECT id FROM actores WHERE nombre = 'Sarah Snook')) 
        ON DUPLICATE KEY UPDATE contenido_id=contenido_id;

        INSERT INTO contenido_actores (contenido_id, actor_id)
        VALUES (68, (SELECT id FROM actores WHERE nombre = 'Michael Kelly')) 
        ON DUPLICATE KEY UPDATE contenido_id=contenido_id;

        INSERT INTO contenido_actores (contenido_id, actor_id)
        VALUES (68, (SELECT id FROM actores WHERE nombre = 'Jola Bokinni')) 
        ON DUPLICATE KEY UPDATE contenido_id=contenido_id;

        INSERT INTO contenido_actores (contenido_id, actor_id)
        VALUES (68, (SELECT id FROM actores WHERE nombre = 'Faye Marsay')) 
        ON DUPLICATE KEY UPDATE contenido_id=contenido_id;

        INSERT INTO contenido_actores (contenido_id, actor_id)
        VALUES (68, (SELECT id FROM actores WHERE nombre = 'Benefict Wong')) 
        ON DUPLICATE KEY UPDATE contenido_id=contenido_id;

        INSERT INTO contenido_actores (contenido_id, actor_id)
        VALUES (68, (SELECT id FROM actores WHERE nombre = 'Jonas Karlsson')) 
        ON DUPLICATE KEY UPDATE contenido_id=contenido_id;

        INSERT INTO contenido_actores (contenido_id, actor_id)
        VALUES (68, (SELECT id FROM actores WHERE nombre = 'Chloe Pirrie')) 
        ON DUPLICATE KEY UPDATE contenido_id=contenido_id;

        INSERT INTO contenido_actores (contenido_id, actor_id)
        VALUES (68, (SELECT id FROM actores WHERE nombre = 'Eugene O''Hare')) 
        ON DUPLICATE KEY UPDATE contenido_id=contenido_id;

        INSERT INTO contenido_actores (contenido_id, actor_id)
        VALUES (68, (SELECT id FROM actores WHERE nombre = 'Indira Ainger')) 
        ON DUPLICATE KEY UPDATE contenido_id=contenido_id;

        INSERT INTO contenido_actores (contenido_id, actor_id)
        VALUES (68, (SELECT id FROM actores WHERE nombre = 'James Lance')) 
        ON DUPLICATE KEY UPDATE contenido_id=contenido_id;

        INSERT INTO contenido_actores (contenido_id, actor_id)
        VALUES (68, (SELECT id FROM actores WHERE nombre = 'David Ajala')) 
        ON DUPLICATE KEY UPDATE contenido_id=contenido_id;

        INSERT INTO contenido_actores (contenido_id, actor_id)
        VALUES (68, (SELECT id FROM actores WHERE nombre = 'Sarah Abbott')) 
        ON DUPLICATE KEY UPDATE contenido_id=contenido_id;

        INSERT INTO contenido_actores (contenido_id, actor_id)
        VALUES (68, (SELECT id FROM actores WHERE nombre = 'Maxine Peake')) 
        ON DUPLICATE KEY UPDATE contenido_id=contenido_id;

        INSERT INTO contenido_actores (contenido_id, actor_id)
        VALUES (68, (SELECT id FROM actores WHERE nombre = 'Jake Davies')) 
        ON DUPLICATE KEY UPDATE contenido_id=contenido_id;

        INSERT INTO contenido_actores (contenido_id, actor_id)
        VALUES (68, (SELECT id FROM actores WHERE nombre = 'Clint Dyer')) 
        ON DUPLICATE KEY UPDATE contenido_id=contenido_id;

        INSERT INTO contenido_actores (contenido_id, actor_id)
        VALUES (68, (SELECT id FROM actores WHERE nombre = 'Letitia Wright')) 
        ON DUPLICATE KEY UPDATE contenido_id=contenido_id;

        INSERT INTO contenido_actores (contenido_id, actor_id)
        VALUES (68, (SELECT id FROM actores WHERE nombre = 'Babs Olusanmokun')) 
        ON DUPLICATE KEY UPDATE contenido_id=contenido_id;

        INSERT INTO contenido_actores (contenido_id, actor_id)
        VALUES (68, (SELECT id FROM actores WHERE nombre = 'Georgina Campbell')) 
        ON DUPLICATE KEY UPDATE contenido_id=contenido_id;

        INSERT INTO contenido_actores (contenido_id, actor_id)
        VALUES (68, (SELECT id FROM actores WHERE nombre = 'Jesse Plemons')) 
        ON DUPLICATE KEY UPDATE contenido_id=contenido_id;

        INSERT INTO contenido_actores (contenido_id, actor_id)
        VALUES (68, (SELECT id FROM actores WHERE nombre = 'Jimmi Simpson')) 
        ON DUPLICATE KEY UPDATE contenido_id=contenido_id;

        INSERT INTO contenido_actores (contenido_id, actor_id)
        VALUES (68, (SELECT id FROM actores WHERE nombre = 'Aaron Paul')) 
        ON DUPLICATE KEY UPDATE contenido_id=contenido_id;

        INSERT INTO contenido_actores (contenido_id, actor_id)
        VALUES (68, (SELECT id FROM actores WHERE nombre = 'Aldis Hodge')) 
        ON DUPLICATE KEY UPDATE contenido_id=contenido_id;

        INSERT INTO contenido_actores (contenido_id, actor_id)
        VALUES (68, (SELECT id FROM actores WHERE nombre = 'Kiran Sonia Sawar')) 
        ON DUPLICATE KEY UPDATE contenido_id=contenido_id;

        INSERT INTO contenido_actores (contenido_id, actor_id)
        VALUES (68, (SELECT id FROM actores WHERE nombre = 'Miley Cyrus')) 
        ON DUPLICATE KEY UPDATE contenido_id=contenido_id;

        INSERT INTO contenido_actores (contenido_id, actor_id)
        VALUES (68, (SELECT id FROM actores WHERE nombre = 'Anthony Mackie')) 
        ON DUPLICATE KEY UPDATE contenido_id=contenido_id;

        INSERT INTO contenido_actores (contenido_id, actor_id)
        VALUES (68, (SELECT id FROM actores WHERE nombre = 'Nicole Beharie')) 
        ON DUPLICATE KEY UPDATE contenido_id=contenido_id;

        INSERT INTO contenido_actores (contenido_id, actor_id)
        VALUES (68, (SELECT id FROM actores WHERE nombre = 'Bryce Dallas Howard')) 
        ON DUPLICATE KEY UPDATE contenido_id=contenido_id;

        INSERT INTO contenido_actores (contenido_id, actor_id)
        VALUES (68, (SELECT id FROM actores WHERE nombre = 'Mackenzie Davis')) 
        ON DUPLICATE KEY UPDATE contenido_id=contenido_id;

        INSERT INTO contenido_actores (contenido_id, actor_id)
        VALUES (68, (SELECT id FROM actores WHERE nombre = 'Gugu Mbatha-Raw')) 
        ON DUPLICATE KEY UPDATE contenido_id=contenido_id;

    INSERT INTO contenido (id, titulo, categoria_id, resumen, temporadas, duracion, trailer)
    VALUES (69, 'Detrás de sus ojos', (SELECT id FROM categorias WHERE nombre = 'Serie'), 'Una madre soltera se adentra en un mundo de retorcidos juegos psicológicos cuando inicia una relación cuasi-no consentida con su jefe, un psiquiatra, y se hace amiga en secreto de su misteriosa esposa. La trama se bassa en un thriller sobre un triángulo amoroso perverso, más la introducción sutilmente de un elemento clave, que dará un giro notable a la obra.', 
            '1', 'N/A', 'https://www.youtube.com/embed/c4LtoWQaLxk') 
    ON DUPLICATE KEY UPDATE titulo=titulo;

        INSERT INTO contenido_generos (contenido_id, genero_id)
        VALUES (69, (SELECT id FROM generos WHERE nombre = 'Drama')) 
        ON DUPLICATE KEY UPDATE contenido_id=contenido_id;

        INSERT INTO contenido_generos (contenido_id, genero_id)
        VALUES (69, (SELECT id FROM generos WHERE nombre = 'Suspenso')) 
        ON DUPLICATE KEY UPDATE contenido_id=contenido_id;

        INSERT INTO contenido_generos (contenido_id, genero_id)
        VALUES (69, (SELECT id FROM generos WHERE nombre = 'Crimen')) 
        ON DUPLICATE KEY UPDATE contenido_id=contenido_id;

        INSERT INTO contenido_actores (contenido_id, actor_id)
        VALUES (69, (SELECT id FROM actores WHERE nombre = 'Simona Brown')) 
        ON DUPLICATE KEY UPDATE contenido_id=contenido_id;

        INSERT INTO contenido_actores (contenido_id, actor_id)
        VALUES (69, (SELECT id FROM actores WHERE nombre = 'Eve Hewson')) 
        ON DUPLICATE KEY UPDATE contenido_id=contenido_id;

        INSERT INTO contenido_actores (contenido_id, actor_id)
        VALUES (69, (SELECT id FROM actores WHERE nombre = 'Toma Bateman')) 
        ON DUPLICATE KEY UPDATE contenido_id=contenido_id;

        INSERT INTO contenido_actores (contenido_id, actor_id)
        VALUES (69, (SELECT id FROM actores WHERE nombre = 'Robert Aramayo')) 
        ON DUPLICATE KEY UPDATE contenido_id=contenido_id;

        INSERT INTO contenido_actores (contenido_id, actor_id)
        VALUES (69, (SELECT id FROM actores WHERE nombre = 'Tyler Howitt')) 
        ON DUPLICATE KEY UPDATE contenido_id=contenido_id;

        INSERT INTO contenido_actores (contenido_id, actor_id)
        VALUES (69, (SELECT id FROM actores WHERE nombre = 'Georgie Glen')) 
        ON DUPLICATE KEY UPDATE contenido_id=contenido_id;

        INSERT INTO contenido_actores (contenido_id, actor_id)
        VALUES (69, (SELECT id FROM actores WHERE nombre = 'Kamontip Krissy Ashton')) 
        ON DUPLICATE KEY UPDATE contenido_id=contenido_id;

        INSERT INTO contenido_actores (contenido_id, actor_id)
        VALUES (69, (SELECT id FROM actores WHERE nombre = 'Rob Horrocks')) 
        ON DUPLICATE KEY UPDATE contenido_id=contenido_id;

        INSERT INTO contenido_actores (contenido_id, actor_id)
        VALUES (69, (SELECT id FROM actores WHERE nombre = 'Joakim Skarli')) 
        ON DUPLICATE KEY UPDATE contenido_id=contenido_id;

    INSERT INTO contenido (id, titulo, categoria_id, resumen, temporadas, duracion, trailer)
    VALUES (70, 'Her', (SELECT id FROM categorias WHERE nombre = 'Película'), 'En un futuro cercano, Theodore, un hombre solitario a punto de divorciarse que trabaja en una empresa como escritor de cartas para terceras personas, compra un día un nuevo sistema operativo basado en el modelo de Inteligencia Artificial, diseñado para satisfacer todas las necesidades del usuario. Para su sorpresa, se crea una relación romántica entre él y Samantha, la voz femenina de ese sistema operativo.', 
            'N/A', '126 minutos', 'https://www.youtube.com/embed/UVMcpZ42BkA') 
    ON DUPLICATE KEY UPDATE titulo=titulo;

        INSERT INTO contenido_generos (contenido_id, genero_id)
        VALUES (70, (SELECT id FROM generos WHERE nombre = 'Drama')) 
        ON DUPLICATE KEY UPDATE contenido_id=contenido_id;

        INSERT INTO contenido_generos (contenido_id, genero_id)
        VALUES (70, (SELECT id FROM generos WHERE nombre = 'Sci-Fi')) 
        ON DUPLICATE KEY UPDATE contenido_id=contenido_id;

        INSERT INTO contenido_generos (contenido_id, genero_id)
        VALUES (70, (SELECT id FROM generos WHERE nombre = 'Ciencia Ficción')) 
        ON DUPLICATE KEY UPDATE contenido_id=contenido_id;

        INSERT INTO contenido_generos (contenido_id, genero_id)
        VALUES (70, (SELECT id FROM generos WHERE nombre = 'Romance')) 
        ON DUPLICATE KEY UPDATE contenido_id=contenido_id;

        INSERT INTO contenido_actores (contenido_id, actor_id)
        VALUES (70, (SELECT id FROM actores WHERE nombre = 'Joaquin Phoenix')) 
        ON DUPLICATE KEY UPDATE contenido_id=contenido_id;

        INSERT INTO contenido_actores (contenido_id, actor_id)
        VALUES (70, (SELECT id FROM actores WHERE nombre = 'Scarlett Johansson')) 
        ON DUPLICATE KEY UPDATE contenido_id=contenido_id;

        INSERT INTO contenido_actores (contenido_id, actor_id)
        VALUES (70, (SELECT id FROM actores WHERE nombre = 'Amy Adams')) 
        ON DUPLICATE KEY UPDATE contenido_id=contenido_id;

        INSERT INTO contenido_actores (contenido_id, actor_id)
        VALUES (70, (SELECT id FROM actores WHERE nombre = 'Rooney Mara')) 
        ON DUPLICATE KEY UPDATE contenido_id=contenido_id;

        INSERT INTO contenido_actores (contenido_id, actor_id)
        VALUES (70, (SELECT id FROM actores WHERE nombre = 'Olivia Wilde')) 
        ON DUPLICATE KEY UPDATE contenido_id=contenido_id;

        INSERT INTO contenido_actores (contenido_id, actor_id)
        VALUES (70, (SELECT id FROM actores WHERE nombre = 'Chris Pratt')) 
        ON DUPLICATE KEY UPDATE contenido_id=contenido_id;

        INSERT INTO contenido_actores (contenido_id, actor_id)
        VALUES (70, (SELECT id FROM actores WHERE nombre = 'Matt Letscher')) 
        ON DUPLICATE KEY UPDATE contenido_id=contenido_id;

        INSERT INTO contenido_actores (contenido_id, actor_id)
        VALUES (70, (SELECT id FROM actores WHERE nombre = 'Portia Doubleday')) 
        ON DUPLICATE KEY UPDATE contenido_id=contenido_id;

        INSERT INTO contenido_actores (contenido_id, actor_id)
        VALUES (70, (SELECT id FROM actores WHERE nombre = 'Spike Jonze')) 
        ON DUPLICATE KEY UPDATE contenido_id=contenido_id;

    INSERT INTO contenido (id, titulo, categoria_id, resumen, temporadas, duracion, trailer)
    VALUES (71, 'Misión Imposible', (SELECT id FROM categorias WHERE nombre = 'Película'), 'Ethan Hunt es un superespía capaz de resolver cualquier arriesgada situación con la máxima elegancia. Forma parte de un competente equipo dirigido por el agente Jim Phelps, que ha vuelto a reunir a sus hombres para participar en una dificilísima misión: evitar la venta de un disco robado que contiene información secreta de vital importancia.', 
            'N/A', '110 minutos', 'https://www.youtube.com/embed/Ohws8y572KE') 
    ON DUPLICATE KEY UPDATE titulo=titulo;

        INSERT INTO contenido_generos (contenido_id, genero_id)
        VALUES (71, (SELECT id FROM generos WHERE nombre = 'Drama')) 
        ON DUPLICATE KEY UPDATE contenido_id=contenido_id;

        INSERT INTO contenido_generos (contenido_id, genero_id)
        VALUES (71, (SELECT id FROM generos WHERE nombre = 'Acción')) 
        ON DUPLICATE KEY UPDATE contenido_id=contenido_id;

        INSERT INTO contenido_generos (contenido_id, genero_id)
        VALUES (71, (SELECT id FROM generos WHERE nombre = 'Romance')) 
        ON DUPLICATE KEY UPDATE contenido_id=contenido_id;

        INSERT INTO contenido_actores (contenido_id, actor_id)
        VALUES (71, (SELECT id FROM actores WHERE nombre = 'Tom Cruise')) 
        ON DUPLICATE KEY UPDATE contenido_id=contenido_id;

        INSERT INTO contenido_actores (contenido_id, actor_id)
        VALUES (71, (SELECT id FROM actores WHERE nombre = 'Jon Voight')) 
        ON DUPLICATE KEY UPDATE contenido_id=contenido_id;

        INSERT INTO contenido_actores (contenido_id, actor_id)
        VALUES (71, (SELECT id FROM actores WHERE nombre = 'Emmanuelle Béart')) 
        ON DUPLICATE KEY UPDATE contenido_id=contenido_id;

        INSERT INTO contenido_actores (contenido_id, actor_id)
        VALUES (71, (SELECT id FROM actores WHERE nombre = 'Henry Czerny')) 
        ON DUPLICATE KEY UPDATE contenido_id=contenido_id;

        INSERT INTO contenido_actores (contenido_id, actor_id)
        VALUES (71, (SELECT id FROM actores WHERE nombre = 'Jean Reno')) 
        ON DUPLICATE KEY UPDATE contenido_id=contenido_id;

        INSERT INTO contenido_actores (contenido_id, actor_id)
        VALUES (71, (SELECT id FROM actores WHERE nombre = 'Ving Rhames')) 
        ON DUPLICATE KEY UPDATE contenido_id=contenido_id;

        INSERT INTO contenido_actores (contenido_id, actor_id)
        VALUES (71, (SELECT id FROM actores WHERE nombre = 'Kristin Scott Thomas')) 
        ON DUPLICATE KEY UPDATE contenido_id=contenido_id;

        INSERT INTO contenido_actores (contenido_id, actor_id)
        VALUES (71, (SELECT id FROM actores WHERE nombre = 'Vanessa Redgrave')) 
        ON DUPLICATE KEY UPDATE contenido_id=contenido_id;

        INSERT INTO contenido_actores (contenido_id, actor_id)
        VALUES (71, (SELECT id FROM actores WHERE nombre = 'Ingeborga Dapkünaitè')) 
        ON DUPLICATE KEY UPDATE contenido_id=contenido_id;

    INSERT INTO contenido (id, titulo, categoria_id, resumen, temporadas, duracion, trailer)
    VALUES (72, 'El agente de C.I.P.O.L.', (SELECT id FROM categorias WHERE nombre = 'Película'), 'Guerra fría, años 60. Narra las aventuras de dos agentes secretos que se parecen más de lo que creen: Napoleon Solo, de la CIA, e Illya Kuryakin, del KGB. Ambos se ven obligados a olvidar sus diferencias y formar un equipo cuya misión será poner fin a una misteriosa organización criminal internacional que pretende desestabilizar el frágil equilibrio de poder provocado por la proliferación de las armas nucleares. La hija de un científico alemán desaparecido es la clave para infiltrarse en la organización, encontrar al científico y evitar una catástrofe mundial.', 
            'N/A', '116 minutos', 'https://www.youtube.com/embed/AeUzNxHHryQ') 
    ON DUPLICATE KEY UPDATE titulo=titulo;

        INSERT INTO contenido_generos (contenido_id, genero_id)
        VALUES (72, (SELECT id FROM generos WHERE nombre = 'Drama')) 
        ON DUPLICATE KEY UPDATE contenido_id=contenido_id;

        INSERT INTO contenido_generos (contenido_id, genero_id)
        VALUES (72, (SELECT id FROM generos WHERE nombre = 'Acción')) 
        ON DUPLICATE KEY UPDATE contenido_id=contenido_id;

        INSERT INTO contenido_generos (contenido_id, genero_id)
        VALUES (72, (SELECT id FROM generos WHERE nombre = 'Aventura')) 
        ON DUPLICATE KEY UPDATE contenido_id=contenido_id;

        INSERT INTO contenido_generos (contenido_id, genero_id)
        VALUES (72, (SELECT id FROM generos WHERE nombre = 'Comedia')) 
        ON DUPLICATE KEY UPDATE contenido_id=contenido_id;

        INSERT INTO contenido_actores (contenido_id, actor_id)
        VALUES (72, (SELECT id FROM actores WHERE nombre = 'Henry Cavill')) 
        ON DUPLICATE KEY UPDATE contenido_id=contenido_id;

        INSERT INTO contenido_actores (contenido_id, actor_id)
        VALUES (72, (SELECT id FROM actores WHERE nombre = 'Armie Hammer Alicia Vikander')) 
        ON DUPLICATE KEY UPDATE contenido_id=contenido_id;

        INSERT INTO contenido_actores (contenido_id, actor_id)
        VALUES (72, (SELECT id FROM actores WHERE nombre = 'Elizabeth Debicki')) 
        ON DUPLICATE KEY UPDATE contenido_id=contenido_id;

        INSERT INTO contenido_actores (contenido_id, actor_id)
        VALUES (72, (SELECT id FROM actores WHERE nombre = 'Luca Calvani')) 
        ON DUPLICATE KEY UPDATE contenido_id=contenido_id;

        INSERT INTO contenido_actores (contenido_id, actor_id)
        VALUES (72, (SELECT id FROM actores WHERE nombre = 'Sylvester Groth')) 
        ON DUPLICATE KEY UPDATE contenido_id=contenido_id;

        INSERT INTO contenido_actores (contenido_id, actor_id)
        VALUES (72, (SELECT id FROM actores WHERE nombre = 'Hugh Grant')) 
        ON DUPLICATE KEY UPDATE contenido_id=contenido_id;

        INSERT INTO contenido_actores (contenido_id, actor_id)
        VALUES (72, (SELECT id FROM actores WHERE nombre = 'Jared Harris')) 
        ON DUPLICATE KEY UPDATE contenido_id=contenido_id;

        INSERT INTO contenido_actores (contenido_id, actor_id)
        VALUES (72, (SELECT id FROM actores WHERE nombre = 'Christian Berkel')) 
        ON DUPLICATE KEY UPDATE contenido_id=contenido_id;

        INSERT INTO contenido_actores (contenido_id, actor_id)
        VALUES (72, (SELECT id FROM actores WHERE nombre = 'Misha Kuznetsov')) 
        ON DUPLICATE KEY UPDATE contenido_id=contenido_id;

        INSERT INTO contenido_actores (contenido_id, actor_id)
        VALUES (72, (SELECT id FROM actores WHERE nombre = 'Guy Williams')) 
        ON DUPLICATE KEY UPDATE contenido_id=contenido_id;

        INSERT INTO contenido_actores (contenido_id, actor_id)
        VALUES (72, (SELECT id FROM actores WHERE nombre = 'Marianna Di Martino')) 
        ON DUPLICATE KEY UPDATE contenido_id=contenido_id;

    INSERT INTO contenido (id, titulo, categoria_id, resumen, temporadas, duracion, trailer)
    VALUES (73, 'Jumanji - Bienvenidos a la jungla', (SELECT id FROM categorias WHERE nombre = 'Película'), 'Cuatro adolescentes son absorbidos por un videojuego, en el que se convierten en avatares de personajes arquetípicos. Allí vivirán múltiples aventuras, al tiempo que buscan cómo salir de allí para volver a su mundo.', 
            'N/A', '119 minutos', 'https://www.youtube.com/embed/2QKg5SZ_35I') 
    ON DUPLICATE KEY UPDATE titulo=titulo;

        INSERT INTO contenido_generos (contenido_id, genero_id)
        VALUES (73, (SELECT id FROM generos WHERE nombre = 'Comedia')) 
        ON DUPLICATE KEY UPDATE contenido_id=contenido_id;

        INSERT INTO contenido_generos (contenido_id, genero_id)
        VALUES (73, (SELECT id FROM generos WHERE nombre = 'Ficción')) 
        ON DUPLICATE KEY UPDATE contenido_id=contenido_id;

        INSERT INTO contenido_generos (contenido_id, genero_id)
        VALUES (73, (SELECT id FROM generos WHERE nombre = 'Aventura')) 
        ON DUPLICATE KEY UPDATE contenido_id=contenido_id;

        INSERT INTO contenido_generos (contenido_id, genero_id)
        VALUES (73, (SELECT id FROM generos WHERE nombre = 'Fantasía')) 
        ON DUPLICATE KEY UPDATE contenido_id=contenido_id;

        INSERT INTO contenido_actores (contenido_id, actor_id)
        VALUES (73, (SELECT id FROM actores WHERE nombre = 'Dwayne Johnson')) 
        ON DUPLICATE KEY UPDATE contenido_id=contenido_id;

        INSERT INTO contenido_actores (contenido_id, actor_id)
        VALUES (73, (SELECT id FROM actores WHERE nombre = 'Kevin Hart')) 
        ON DUPLICATE KEY UPDATE contenido_id=contenido_id;

        INSERT INTO contenido_actores (contenido_id, actor_id)
        VALUES (73, (SELECT id FROM actores WHERE nombre = 'Jack Black')) 
        ON DUPLICATE KEY UPDATE contenido_id=contenido_id;

        INSERT INTO contenido_actores (contenido_id, actor_id)
        VALUES (73, (SELECT id FROM actores WHERE nombre = 'Karen Gillan')) 
        ON DUPLICATE KEY UPDATE contenido_id=contenido_id;

        INSERT INTO contenido_actores (contenido_id, actor_id)
        VALUES (73, (SELECT id FROM actores WHERE nombre = 'Nick Jonas')) 
        ON DUPLICATE KEY UPDATE contenido_id=contenido_id;

        INSERT INTO contenido_actores (contenido_id, actor_id)
        VALUES (73, (SELECT id FROM actores WHERE nombre = 'Rhys Darby')) 
        ON DUPLICATE KEY UPDATE contenido_id=contenido_id;

        INSERT INTO contenido_actores (contenido_id, actor_id)
        VALUES (73, (SELECT id FROM actores WHERE nombre = 'Bobby Cannavale')) 
        ON DUPLICATE KEY UPDATE contenido_id=contenido_id;

        INSERT INTO contenido_actores (contenido_id, actor_id)
        VALUES (73, (SELECT id FROM actores WHERE nombre = 'Alex Wolff')) 
        ON DUPLICATE KEY UPDATE contenido_id=contenido_id;

        INSERT INTO contenido_actores (contenido_id, actor_id)
        VALUES (73, (SELECT id FROM actores WHERE nombre = 'Ser''Darius Blain')) 
        ON DUPLICATE KEY UPDATE contenido_id=contenido_id;

        INSERT INTO contenido_actores (contenido_id, actor_id)
        VALUES (73, (SELECT id FROM actores WHERE nombre = 'Madison Iseman')) 
        ON DUPLICATE KEY UPDATE contenido_id=contenido_id;

        INSERT INTO contenido_actores (contenido_id, actor_id)
        VALUES (73, (SELECT id FROM actores WHERE nombre = 'Morgan Turner')) 
        ON DUPLICATE KEY UPDATE contenido_id=contenido_id;

        INSERT INTO contenido_actores (contenido_id, actor_id)
        VALUES (73, (SELECT id FROM actores WHERE nombre = 'Sean Buxton')) 
        ON DUPLICATE KEY UPDATE contenido_id=contenido_id;

        INSERT INTO contenido_actores (contenido_id, actor_id)
        VALUES (73, (SELECT id FROM actores WHERE nombre = 'Mason Guccione')) 
        ON DUPLICATE KEY UPDATE contenido_id=contenido_id;

        INSERT INTO contenido_actores (contenido_id, actor_id)
        VALUES (73, (SELECT id FROM actores WHERE nombre = 'Marin Hinkle')) 
        ON DUPLICATE KEY UPDATE contenido_id=contenido_id;

        INSERT INTO contenido_actores (contenido_id, actor_id)
        VALUES (73, (SELECT id FROM actores WHERE nombre = 'Colin Hanks')) 
        ON DUPLICATE KEY UPDATE contenido_id=contenido_id;

    INSERT INTO contenido (id, titulo, categoria_id, resumen, temporadas, duracion, trailer)
    VALUES (21, 'Jumanji - The next level', (SELECT id FROM categorias WHERE nombre = 'Película'), 'Las aventuras continúan en el fantástico mundo del video juego Jumanji, donde nada es lo que parece. En esta ocasión, los jugadores vuelven al juego, pero sus personajes se han intercambiado entre sí, lo que ofrece un curioso plantel: los mismos héroes con distinta apariencia y habilidades. Pero, ¿dónde está el resto de la gente?', 
            'N/A', '97 minutos', 'https://www.youtube.com/embed/rBxcF-r9Ibs') 
    ON DUPLICATE KEY UPDATE titulo=titulo;

        INSERT INTO contenido_generos (contenido_id, genero_id)
        VALUES (21, (SELECT id FROM generos WHERE nombre = 'Comedia')) 
        ON DUPLICATE KEY UPDATE contenido_id=contenido_id;

        INSERT INTO contenido_generos (contenido_id, genero_id)
        VALUES (21, (SELECT id FROM generos WHERE nombre = 'Ficción')) 
        ON DUPLICATE KEY UPDATE contenido_id=contenido_id;

        INSERT INTO contenido_generos (contenido_id, genero_id)
        VALUES (21, (SELECT id FROM generos WHERE nombre = 'Aventura')) 
        ON DUPLICATE KEY UPDATE contenido_id=contenido_id;

        INSERT INTO contenido_generos (contenido_id, genero_id)
        VALUES (21, (SELECT id FROM generos WHERE nombre = 'Fantasía')) 
        ON DUPLICATE KEY UPDATE contenido_id=contenido_id;

        INSERT INTO contenido_actores (contenido_id, actor_id)
        VALUES (21, (SELECT id FROM actores WHERE nombre = 'Dwayne Johnson')) 
        ON DUPLICATE KEY UPDATE contenido_id=contenido_id;

        INSERT INTO contenido_actores (contenido_id, actor_id)
        VALUES (21, (SELECT id FROM actores WHERE nombre = 'Kevin Hart')) 
        ON DUPLICATE KEY UPDATE contenido_id=contenido_id;

        INSERT INTO contenido_actores (contenido_id, actor_id)
        VALUES (21, (SELECT id FROM actores WHERE nombre = 'Jack Black')) 
        ON DUPLICATE KEY UPDATE contenido_id=contenido_id;

        INSERT INTO contenido_actores (contenido_id, actor_id)
        VALUES (21, (SELECT id FROM actores WHERE nombre = 'Karen Gillan')) 
        ON DUPLICATE KEY UPDATE contenido_id=contenido_id;

        INSERT INTO contenido_actores (contenido_id, actor_id)
        VALUES (21, (SELECT id FROM actores WHERE nombre = 'Awkwafina')) 
        ON DUPLICATE KEY UPDATE contenido_id=contenido_id;

        INSERT INTO contenido_actores (contenido_id, actor_id)
        VALUES (21, (SELECT id FROM actores WHERE nombre = 'Nick Jonas')) 
        ON DUPLICATE KEY UPDATE contenido_id=contenido_id;

        INSERT INTO contenido_actores (contenido_id, actor_id)
        VALUES (21, (SELECT id FROM actores WHERE nombre = 'Rhys Darby')) 
        ON DUPLICATE KEY UPDATE contenido_id=contenido_id;

        INSERT INTO contenido_actores (contenido_id, actor_id)
        VALUES (21, (SELECT id FROM actores WHERE nombre = 'Bobby Cannavale')) 
        ON DUPLICATE KEY UPDATE contenido_id=contenido_id;

        INSERT INTO contenido_actores (contenido_id, actor_id)
        VALUES (21, (SELECT id FROM actores WHERE nombre = 'Alex Wolff')) 
        ON DUPLICATE KEY UPDATE contenido_id=contenido_id;

        INSERT INTO contenido_actores (contenido_id, actor_id)
        VALUES (21, (SELECT id FROM actores WHERE nombre = 'Ser''Darius Blain')) 
        ON DUPLICATE KEY UPDATE contenido_id=contenido_id;

        INSERT INTO contenido_actores (contenido_id, actor_id)
        VALUES (21, (SELECT id FROM actores WHERE nombre = 'Madison Iseman')) 
        ON DUPLICATE KEY UPDATE contenido_id=contenido_id;

        INSERT INTO contenido_actores (contenido_id, actor_id)
        VALUES (21, (SELECT id FROM actores WHERE nombre = 'Morgan Turner')) 
        ON DUPLICATE KEY UPDATE contenido_id=contenido_id;

        INSERT INTO contenido_actores (contenido_id, actor_id)
        VALUES (21, (SELECT id FROM actores WHERE nombre = 'Sean Buxton')) 
        ON DUPLICATE KEY UPDATE contenido_id=contenido_id;

        INSERT INTO contenido_actores (contenido_id, actor_id)
        VALUES (21, (SELECT id FROM actores WHERE nombre = 'Mason Guccione')) 
        ON DUPLICATE KEY UPDATE contenido_id=contenido_id;

        INSERT INTO contenido_actores (contenido_id, actor_id)
        VALUES (21, (SELECT id FROM actores WHERE nombre = 'Marin Hinkle')) 
        ON DUPLICATE KEY UPDATE contenido_id=contenido_id;

        INSERT INTO contenido_actores (contenido_id, actor_id)
        VALUES (21, (SELECT id FROM actores WHERE nombre = 'Colin Hanks')) 
        ON DUPLICATE KEY UPDATE contenido_id=contenido_id;

        INSERT INTO contenido_actores (contenido_id, actor_id)
        VALUES (21, (SELECT id FROM actores WHERE nombre = 'Danny DeVito')) 
        ON DUPLICATE KEY UPDATE contenido_id=contenido_id;

        INSERT INTO contenido_actores (contenido_id, actor_id)
        VALUES (21, (SELECT id FROM actores WHERE nombre = 'Danny Glover')) 
        ON DUPLICATE KEY UPDATE contenido_id=contenido_id;

    INSERT INTO contenido (id, titulo, categoria_id, resumen, temporadas, duracion, trailer)
    VALUES (74, 'Mujer Maravilla 1984', (SELECT id FROM categorias WHERE nombre = 'Película'), 'En 1984, en plena guerra fría, Diana Prince, conocida como La Mujer Maravilla, se enfrenta al empresario Maxwell Lord y a su antigua amiga Barbara Minerva / Cheetah, una villana que posee fuerza y agilidad sobrehumanas.', 
            'N/A', '151 minutos', 'https://www.youtube.com/embed/sfM7_JLk-84') 
    ON DUPLICATE KEY UPDATE titulo=titulo;

        INSERT INTO contenido_generos (contenido_id, genero_id)
        VALUES (74, (SELECT id FROM generos WHERE nombre = 'Comedia')) 
        ON DUPLICATE KEY UPDATE contenido_id=contenido_id;

        INSERT INTO contenido_generos (contenido_id, genero_id)
        VALUES (74, (SELECT id FROM generos WHERE nombre = 'Ficción')) 
        ON DUPLICATE KEY UPDATE contenido_id=contenido_id;

        INSERT INTO contenido_generos (contenido_id, genero_id)
        VALUES (74, (SELECT id FROM generos WHERE nombre = 'Aventura')) 
        ON DUPLICATE KEY UPDATE contenido_id=contenido_id;

        INSERT INTO contenido_generos (contenido_id, genero_id)
        VALUES (74, (SELECT id FROM generos WHERE nombre = 'Fantasía')) 
        ON DUPLICATE KEY UPDATE contenido_id=contenido_id;

        INSERT INTO contenido_actores (contenido_id, actor_id)
        VALUES (74, (SELECT id FROM actores WHERE nombre = 'Gal Gadot')) 
        ON DUPLICATE KEY UPDATE contenido_id=contenido_id;

        INSERT INTO contenido_actores (contenido_id, actor_id)
        VALUES (74, (SELECT id FROM actores WHERE nombre = 'Chris Pine')) 
        ON DUPLICATE KEY UPDATE contenido_id=contenido_id;

        INSERT INTO contenido_actores (contenido_id, actor_id)
        VALUES (74, (SELECT id FROM actores WHERE nombre = 'Kristen Wiig')) 
        ON DUPLICATE KEY UPDATE contenido_id=contenido_id;

        INSERT INTO contenido_actores (contenido_id, actor_id)
        VALUES (74, (SELECT id FROM actores WHERE nombre = 'Pedro Pascal')) 
        ON DUPLICATE KEY UPDATE contenido_id=contenido_id;

        INSERT INTO contenido_actores (contenido_id, actor_id)
        VALUES (74, (SELECT id FROM actores WHERE nombre = 'Robin Wright')) 
        ON DUPLICATE KEY UPDATE contenido_id=contenido_id;

        INSERT INTO contenido_actores (contenido_id, actor_id)
        VALUES (74, (SELECT id FROM actores WHERE nombre = 'Connie Nielsen')) 
        ON DUPLICATE KEY UPDATE contenido_id=contenido_id;

        INSERT INTO contenido_actores (contenido_id, actor_id)
        VALUES (74, (SELECT id FROM actores WHERE nombre = 'Lilly Aspell')) 
        ON DUPLICATE KEY UPDATE contenido_id=contenido_id;

        INSERT INTO contenido_actores (contenido_id, actor_id)
        VALUES (74, (SELECT id FROM actores WHERE nombre = 'Amr Waked')) 
        ON DUPLICATE KEY UPDATE contenido_id=contenido_id;

        INSERT INTO contenido_actores (contenido_id, actor_id)
        VALUES (74, (SELECT id FROM actores WHERE nombre = 'Kristoffer Polaha')) 
        ON DUPLICATE KEY UPDATE contenido_id=contenido_id;

    INSERT INTO contenido (id, titulo, categoria_id, resumen, temporadas, duracion, trailer)
    VALUES (75, 'El Contador', (SELECT id FROM categorias WHERE nombre = 'Película'), 'Christian Wolff es un contable y genio matemático, un hombre obsesivo con el orden y con mucha más afinidad con los números que con las personas, que lleva una doble vida como asesino despiadado.', 
            'N/A', '128 minutos', 'https://www.youtube.com/embed/DBfsgcswlYQ') 
    ON DUPLICATE KEY UPDATE titulo=titulo;

        INSERT INTO contenido_generos (contenido_id, genero_id)
        VALUES (75, (SELECT id FROM generos WHERE nombre = 'Aventura')) 
        ON DUPLICATE KEY UPDATE contenido_id=contenido_id;

        INSERT INTO contenido_generos (contenido_id, genero_id)
        VALUES (75, (SELECT id FROM generos WHERE nombre = 'Acción')) 
        ON DUPLICATE KEY UPDATE contenido_id=contenido_id;

        INSERT INTO contenido_generos (contenido_id, genero_id)
        VALUES (75, (SELECT id FROM generos WHERE nombre = 'Suspenso')) 
        ON DUPLICATE KEY UPDATE contenido_id=contenido_id;

        INSERT INTO contenido_generos (contenido_id, genero_id)
        VALUES (75, (SELECT id FROM generos WHERE nombre = 'Crimen')) 
        ON DUPLICATE KEY UPDATE contenido_id=contenido_id;

        INSERT INTO contenido_generos (contenido_id, genero_id)
        VALUES (75, (SELECT id FROM generos WHERE nombre = 'Drama')) 
        ON DUPLICATE KEY UPDATE contenido_id=contenido_id;

        INSERT INTO contenido_actores (contenido_id, actor_id)
        VALUES (75, (SELECT id FROM actores WHERE nombre = 'Ben Affleck')) 
        ON DUPLICATE KEY UPDATE contenido_id=contenido_id;

        INSERT INTO contenido_actores (contenido_id, actor_id)
        VALUES (75, (SELECT id FROM actores WHERE nombre = 'Anna Kendrick')) 
        ON DUPLICATE KEY UPDATE contenido_id=contenido_id;

        INSERT INTO contenido_actores (contenido_id, actor_id)
        VALUES (75, (SELECT id FROM actores WHERE nombre = 'J.K. Simmons')) 
        ON DUPLICATE KEY UPDATE contenido_id=contenido_id;

        INSERT INTO contenido_actores (contenido_id, actor_id)
        VALUES (75, (SELECT id FROM actores WHERE nombre = 'Jon Bernthal')) 
        ON DUPLICATE KEY UPDATE contenido_id=contenido_id;

        INSERT INTO contenido_actores (contenido_id, actor_id)
        VALUES (75, (SELECT id FROM actores WHERE nombre = 'Jeffrey Tambor')) 
        ON DUPLICATE KEY UPDATE contenido_id=contenido_id;

        INSERT INTO contenido_actores (contenido_id, actor_id)
        VALUES (75, (SELECT id FROM actores WHERE nombre = 'Cynthia Addai-Robinson')) 
        ON DUPLICATE KEY UPDATE contenido_id=contenido_id;

        INSERT INTO contenido_actores (contenido_id, actor_id)
        VALUES (75, (SELECT id FROM actores WHERE nombre = 'John Lithgow')) 
        ON DUPLICATE KEY UPDATE contenido_id=contenido_id;

        INSERT INTO contenido_actores (contenido_id, actor_id)
        VALUES (75, (SELECT id FROM actores WHERE nombre = 'Jean Smart')) 
        ON DUPLICATE KEY UPDATE contenido_id=contenido_id;

        INSERT INTO contenido_actores (contenido_id, actor_id)
        VALUES (75, (SELECT id FROM actores WHERE nombre = 'Andy Umberger')) 
        ON DUPLICATE KEY UPDATE contenido_id=contenido_id;

        INSERT INTO contenido_actores (contenido_id, actor_id)
        VALUES (75, (SELECT id FROM actores WHERE nombre = 'Alison Wright')) 
        ON DUPLICATE KEY UPDATE contenido_id=contenido_id;

        INSERT INTO contenido_actores (contenido_id, actor_id)
        VALUES (75, (SELECT id FROM actores WHERE nombre = 'Daeg Faerch')) 
        ON DUPLICATE KEY UPDATE contenido_id=contenido_id;

        INSERT INTO contenido_actores (contenido_id, actor_id)
        VALUES (75, (SELECT id FROM actores WHERE nombre = 'Seth Lee')) 
        ON DUPLICATE KEY UPDATE contenido_id=contenido_id;

        INSERT INTO contenido_actores (contenido_id, actor_id)
        VALUES (75, (SELECT id FROM actores WHERE nombre = 'Tait Fletcher')) 
        ON DUPLICATE KEY UPDATE contenido_id=contenido_id;

        INSERT INTO contenido_actores (contenido_id, actor_id)
        VALUES (75, (SELECT id FROM actores WHERE nombre = 'Angel Giuffria')) 
        ON DUPLICATE KEY UPDATE contenido_id=contenido_id;

        INSERT INTO contenido_actores (contenido_id, actor_id)
        VALUES (75, (SELECT id FROM actores WHERE nombre = 'Ron Yuan')) 
        ON DUPLICATE KEY UPDATE contenido_id=contenido_id;

        INSERT INTO contenido_actores (contenido_id, actor_id)
        VALUES (75, (SELECT id FROM actores WHERE nombre = 'Scott Hunter')) 
        ON DUPLICATE KEY UPDATE contenido_id=contenido_id;

        INSERT INTO contenido_actores (contenido_id, actor_id)
        VALUES (75, (SELECT id FROM actores WHERE nombre = 'Dennis Keiffer')) 
        ON DUPLICATE KEY UPDATE contenido_id=contenido_id;

        INSERT INTO contenido_actores (contenido_id, actor_id)
        VALUES (75, (SELECT id FROM actores WHERE nombre = 'Jake Presley')) 
        ON DUPLICATE KEY UPDATE contenido_id=contenido_id;

    INSERT INTO contenido (id, titulo, categoria_id, resumen, temporadas, duracion, trailer)
    VALUES (76, 'Mala Educación', (SELECT id FROM categorias WHERE nombre = 'Película'), 'Frank Tassone, uno de los superintendentes más destacados del distrito escolar de Roslyn en Nueva York se desvive a diario para que la educación de sus alumnos sea la mejor. Pero de forma paralela, este se lucra con dinero público para llevar una vida llena de lujos. Así, Tassone y su personal, amigos y familiares, se convierten en los principales sospechosos del mayor escándalo de malversación de fondos ocurrido en una escuela pública de toda la historia de los Estados Unidos. (Algunas personas aprenden de manera difícil.)', 
            'N/A', '108 minutos', 'https://www.youtube.com/embed/DBfsgcswlYQ') 
    ON DUPLICATE KEY UPDATE titulo=titulo;

        INSERT INTO contenido_generos (contenido_id, genero_id)
        VALUES (76, (SELECT id FROM generos WHERE nombre = 'Suceso Real')) 
        ON DUPLICATE KEY UPDATE contenido_id=contenido_id;

        INSERT INTO contenido_generos (contenido_id, genero_id)
        VALUES (76, (SELECT id FROM generos WHERE nombre = 'Drama')) 
        ON DUPLICATE KEY UPDATE contenido_id=contenido_id;

        INSERT INTO contenido_generos (contenido_id, genero_id)
        VALUES (76, (SELECT id FROM generos WHERE nombre = 'Historia')) 
        ON DUPLICATE KEY UPDATE contenido_id=contenido_id;

        INSERT INTO contenido_actores (contenido_id, actor_id)
        VALUES (76, (SELECT id FROM actores WHERE nombre = 'Hugh Jackman')) 
        ON DUPLICATE KEY UPDATE contenido_id=contenido_id;

        INSERT INTO contenido_actores (contenido_id, actor_id)
        VALUES (76, (SELECT id FROM actores WHERE nombre = 'Allison Janney')) 
        ON DUPLICATE KEY UPDATE contenido_id=contenido_id;

        INSERT INTO contenido_actores (contenido_id, actor_id)
        VALUES (76, (SELECT id FROM actores WHERE nombre = 'Geraldine Viswanathan')) 
        ON DUPLICATE KEY UPDATE contenido_id=contenido_id;

        INSERT INTO contenido_actores (contenido_id, actor_id)
        VALUES (76, (SELECT id FROM actores WHERE nombre = 'Alex Wolff')) 
        ON DUPLICATE KEY UPDATE contenido_id=contenido_id;

        INSERT INTO contenido_actores (contenido_id, actor_id)
        VALUES (76, (SELECT id FROM actores WHERE nombre = 'Rafael Casal')) 
        ON DUPLICATE KEY UPDATE contenido_id=contenido_id;

        INSERT INTO contenido_actores (contenido_id, actor_id)
        VALUES (76, (SELECT id FROM actores WHERE nombre = 'Stephen Spinella')) 
        ON DUPLICATE KEY UPDATE contenido_id=contenido_id;

        INSERT INTO contenido_actores (contenido_id, actor_id)
        VALUES (76, (SELECT id FROM actores WHERE nombre = 'Annaleigh Ashford')) 
        ON DUPLICATE KEY UPDATE contenido_id=contenido_id;

        INSERT INTO contenido_actores (contenido_id, actor_id)
        VALUES (76, (SELECT id FROM actores WHERE nombre = 'Ray Romano')) 
        ON DUPLICATE KEY UPDATE contenido_id=contenido_id;

        INSERT INTO contenido_actores (contenido_id, actor_id)
        VALUES (76, (SELECT id FROM actores WHERE nombre = 'Hari Dhillon')) 
        ON DUPLICATE KEY UPDATE contenido_id=contenido_id;

        INSERT INTO contenido_actores (contenido_id, actor_id)
        VALUES (76, (SELECT id FROM actores WHERE nombre = 'Jerremy Shamos')) 
        ON DUPLICATE KEY UPDATE contenido_id=contenido_id;

        INSERT INTO contenido_actores (contenido_id, actor_id)
        VALUES (76, (SELECT id FROM actores WHERE nombre = 'Stephanie Kurtzuba')) 
        ON DUPLICATE KEY UPDATE contenido_id=contenido_id;

        INSERT INTO contenido_actores (contenido_id, actor_id)
        VALUES (76, (SELECT id FROM actores WHERE nombre = 'Catherine Curtin')) 
        ON DUPLICATE KEY UPDATE contenido_id=contenido_id;

        INSERT INTO contenido_actores (contenido_id, actor_id)
        VALUES (76, (SELECT id FROM actores WHERE nombre = 'Kathrine Narducci')) 
        ON DUPLICATE KEY UPDATE contenido_id=contenido_id;

        INSERT INTO contenido_actores (contenido_id, actor_id)
        VALUES (76, (SELECT id FROM actores WHERE nombre = 'Ray Abruzzo')) 
        ON DUPLICATE KEY UPDATE contenido_id=contenido_id;

    INSERT INTO contenido (id, titulo, categoria_id, resumen, temporadas, duracion, trailer)
    VALUES (78, 'Noche en el Museo', (SELECT id FROM categorias WHERE nombre = 'Película'), 'Un padre divorciado trata de establecerse, impresionar a su hijo y encontrar su destino. Él se presenta para un trabajo como vigilante nocturno en el Museo Americano de Historia Natural de la ciudad de Nueva York y, posteriormente, descubre que los objetos expuestos, animados por un artefacto mágico de Egipto, vuelven a la vida durante la noche. Al principio le va muy mal tratando de mantener el orden y la calma en el museo, pero al final se vuelve muy buen amigo de todos y juntos ayudan a recuperar aquel artefacto mágico egipcio, ya que ha sido robado por los antiguos vigilantes del museo.', 
            'N/A', '108 minutos', 'https://www.youtube.com/embed/B2G-8raHvOU') 
    ON DUPLICATE KEY UPDATE titulo=titulo;

        INSERT INTO contenido_generos (contenido_id, genero_id)
        VALUES (78, (SELECT id FROM generos WHERE nombre = 'Aventura')) 
        ON DUPLICATE KEY UPDATE contenido_id=contenido_id;

        INSERT INTO contenido_generos (contenido_id, genero_id)
        VALUES (78, (SELECT id FROM generos WHERE nombre = 'Ciencia Ficción')) 
        ON DUPLICATE KEY UPDATE contenido_id=contenido_id;

        INSERT INTO contenido_generos (contenido_id, genero_id)
        VALUES (78, (SELECT id FROM generos WHERE nombre = 'Comedia')) 
        ON DUPLICATE KEY UPDATE contenido_id=contenido_id;

        INSERT INTO contenido_generos (contenido_id, genero_id)
        VALUES (78, (SELECT id FROM generos WHERE nombre = 'Familia')) 
        ON DUPLICATE KEY UPDATE contenido_id=contenido_id;

        INSERT INTO contenido_generos (contenido_id, genero_id)
        VALUES (78, (SELECT id FROM generos WHERE nombre = 'Acción')) 
        ON DUPLICATE KEY UPDATE contenido_id=contenido_id;

        INSERT INTO contenido_actores (contenido_id, actor_id)
        VALUES (78, (SELECT id FROM actores WHERE nombre = 'Ben Stiller')) 
        ON DUPLICATE KEY UPDATE contenido_id=contenido_id;

        INSERT INTO contenido_actores (contenido_id, actor_id)
        VALUES (78, (SELECT id FROM actores WHERE nombre = 'Robin Williams')) 
        ON DUPLICATE KEY UPDATE contenido_id=contenido_id;

        INSERT INTO contenido_actores (contenido_id, actor_id)
        VALUES (78, (SELECT id FROM actores WHERE nombre = 'Carla Gugino')) 
        ON DUPLICATE KEY UPDATE contenido_id=contenido_id;

        INSERT INTO contenido_actores (contenido_id, actor_id)
        VALUES (78, (SELECT id FROM actores WHERE nombre = 'Dick Van Dyke')) 
        ON DUPLICATE KEY UPDATE contenido_id=contenido_id;

        INSERT INTO contenido_actores (contenido_id, actor_id)
        VALUES (78, (SELECT id FROM actores WHERE nombre = 'Steve Coogan')) 
        ON DUPLICATE KEY UPDATE contenido_id=contenido_id;

        INSERT INTO contenido_actores (contenido_id, actor_id)
        VALUES (78, (SELECT id FROM actores WHERE nombre = 'Jake Cherry')) 
        ON DUPLICATE KEY UPDATE contenido_id=contenido_id;

        INSERT INTO contenido_actores (contenido_id, actor_id)
        VALUES (78, (SELECT id FROM actores WHERE nombre = 'Mickey Rooney')) 
        ON DUPLICATE KEY UPDATE contenido_id=contenido_id;

        INSERT INTO contenido_actores (contenido_id, actor_id)
        VALUES (78, (SELECT id FROM actores WHERE nombre = 'Bill Cobbs')) 
        ON DUPLICATE KEY UPDATE contenido_id=contenido_id;

        INSERT INTO contenido_actores (contenido_id, actor_id)
        VALUES (78, (SELECT id FROM actores WHERE nombre = 'Owen Wilson')) 
        ON DUPLICATE KEY UPDATE contenido_id=contenido_id;

        INSERT INTO contenido_actores (contenido_id, actor_id)
        VALUES (78, (SELECT id FROM actores WHERE nombre = 'Ricky Gervais')) 
        ON DUPLICATE KEY UPDATE contenido_id=contenido_id;

        INSERT INTO contenido_actores (contenido_id, actor_id)
        VALUES (78, (SELECT id FROM actores WHERE nombre = 'Kim Raver')) 
        ON DUPLICATE KEY UPDATE contenido_id=contenido_id;

        INSERT INTO contenido_actores (contenido_id, actor_id)
        VALUES (78, (SELECT id FROM actores WHERE nombre = 'Rami Malek')) 
        ON DUPLICATE KEY UPDATE contenido_id=contenido_id;

        INSERT INTO contenido_actores (contenido_id, actor_id)
        VALUES (78, (SELECT id FROM actores WHERE nombre = 'Mizuo Peck')) 
        ON DUPLICATE KEY UPDATE contenido_id=contenido_id;

    INSERT INTO contenido (id, titulo, categoria_id, resumen, temporadas, duracion, trailer)
    VALUES (79, 'Bohemian Rhapsody', (SELECT id FROM categorias WHERE nombre = 'Película'), 'Bohemian Rhapsody es una rotunda y sonora celebración de Queen, de su música y de su extraordinario cantante Freddie Mercury, que desafió estereotipos e hizo añicos tradiciones para convertirse en uno de los showmans más queridos del mundo. La película plasma el meteórico ascenso al olimpo de la música de la banda a través de sus icónicas canciones y su revolucionario sonido, su crisis cuando el estilo de vida de Mercury estuvo fuera de control, y su triunfal reunión en la víspera del Live Aid, en la que Mercury, mientras sufría una enfermedad que amenazaba su vida, lidera a la banda en uno de los conciertos de rock más grandes de la historia. Veremos cómo se cimentó el legado de una banda que siempre se pareció más a una familia, y que continúa inspirando a propios y extraños, soñadores y amantes de la música hasta nuestros días.', 
            'N/A', '134 minutos', 'https://www.youtube.com/embed/mP0VHJYFOAU') 
    ON DUPLICATE KEY UPDATE titulo=titulo;

        INSERT INTO contenido_generos (contenido_id, genero_id)
        VALUES (79, (SELECT id FROM generos WHERE nombre = 'Suceso Real')) 
        ON DUPLICATE KEY UPDATE contenido_id=contenido_id;

        INSERT INTO contenido_generos (contenido_id, genero_id)
        VALUES (79, (SELECT id FROM generos WHERE nombre = 'Drama')) 
        ON DUPLICATE KEY UPDATE contenido_id=contenido_id;

        INSERT INTO contenido_generos (contenido_id, genero_id)
        VALUES (79, (SELECT id FROM generos WHERE nombre = 'Historia')) 
        ON DUPLICATE KEY UPDATE contenido_id=contenido_id;

        INSERT INTO contenido_generos (contenido_id, genero_id)
        VALUES (79, (SELECT id FROM generos WHERE nombre = 'Música')) 
        ON DUPLICATE KEY UPDATE contenido_id=contenido_id;

        INSERT INTO contenido_actores (contenido_id, actor_id)
        VALUES (79, (SELECT id FROM actores WHERE nombre = 'Rami Malek')) 
        ON DUPLICATE KEY UPDATE contenido_id=contenido_id;

        INSERT INTO contenido_actores (contenido_id, actor_id)
        VALUES (79, (SELECT id FROM actores WHERE nombre = 'Gwilym Lee')) 
        ON DUPLICATE KEY UPDATE contenido_id=contenido_id;

        INSERT INTO contenido_actores (contenido_id, actor_id)
        VALUES (79, (SELECT id FROM actores WHERE nombre = 'Ben Hardy')) 
        ON DUPLICATE KEY UPDATE contenido_id=contenido_id;

        INSERT INTO contenido_actores (contenido_id, actor_id)
        VALUES (79, (SELECT id FROM actores WHERE nombre = 'Joseph Mazzello')) 
        ON DUPLICATE KEY UPDATE contenido_id=contenido_id;

        INSERT INTO contenido_actores (contenido_id, actor_id)
        VALUES (79, (SELECT id FROM actores WHERE nombre = 'Lucy Boynton')) 
        ON DUPLICATE KEY UPDATE contenido_id=contenido_id;

        INSERT INTO contenido_actores (contenido_id, actor_id)
        VALUES (79, (SELECT id FROM actores WHERE nombre = 'Aidan Gillen')) 
        ON DUPLICATE KEY UPDATE contenido_id=contenido_id;

        INSERT INTO contenido_actores (contenido_id, actor_id)
        VALUES (79, (SELECT id FROM actores WHERE nombre = 'Allen Leech')) 
        ON DUPLICATE KEY UPDATE contenido_id=contenido_id;

        INSERT INTO contenido_actores (contenido_id, actor_id)
        VALUES (79, (SELECT id FROM actores WHERE nombre = 'Tom Hollander')) 
        ON DUPLICATE KEY UPDATE contenido_id=contenido_id;

        INSERT INTO contenido_actores (contenido_id, actor_id)
        VALUES (79, (SELECT id FROM actores WHERE nombre = 'Mike Myers')) 
        ON DUPLICATE KEY UPDATE contenido_id=contenido_id;

    INSERT INTO contenido (id, titulo, categoria_id, resumen, temporadas, duracion, trailer)
    VALUES (80, 'Rock of ages', (SELECT id FROM categorias WHERE nombre = 'Película'), 'Los Ángeles, 1987: Un aspirante a roquero y una chica que trabajan en el mismo club (Bourbone Room) se enamoran y tratan de impedir que el local caiga en manos de unos empresarios que quieren demolerlo. Esta película es la adaptación cinematográfica del musical homónimo de Broadway.', 
            'N/A', '123 minutos', 'https://www.youtube.com/embed/mP0VHJYFOAU') 
    ON DUPLICATE KEY UPDATE titulo=titulo;

        INSERT INTO contenido_generos (contenido_id, genero_id)
        VALUES (80, (SELECT id FROM generos WHERE nombre = 'Música')) 
        ON DUPLICATE KEY UPDATE contenido_id=contenido_id;

        INSERT INTO contenido_generos (contenido_id, genero_id)
        VALUES (80, (SELECT id FROM generos WHERE nombre = 'Musical')) 
        ON DUPLICATE KEY UPDATE contenido_id=contenido_id;

        INSERT INTO contenido_generos (contenido_id, genero_id)
        VALUES (80, (SELECT id FROM generos WHERE nombre = 'Comedia')) 
        ON DUPLICATE KEY UPDATE contenido_id=contenido_id;

        INSERT INTO contenido_generos (contenido_id, genero_id)
        VALUES (80, (SELECT id FROM generos WHERE nombre = 'Romance')) 
        ON DUPLICATE KEY UPDATE contenido_id=contenido_id;

        INSERT INTO contenido_generos (contenido_id, genero_id)
        VALUES (80, (SELECT id FROM generos WHERE nombre = 'Drama')) 
        ON DUPLICATE KEY UPDATE contenido_id=contenido_id;

        INSERT INTO contenido_actores (contenido_id, actor_id)
        VALUES (80, (SELECT id FROM actores WHERE nombre = 'Julianne Hough')) 
        ON DUPLICATE KEY UPDATE contenido_id=contenido_id;

        INSERT INTO contenido_actores (contenido_id, actor_id)
        VALUES (80, (SELECT id FROM actores WHERE nombre = 'Diego Boneta')) 
        ON DUPLICATE KEY UPDATE contenido_id=contenido_id;

        INSERT INTO contenido_actores (contenido_id, actor_id)
        VALUES (80, (SELECT id FROM actores WHERE nombre = 'Tom Cruise')) 
        ON DUPLICATE KEY UPDATE contenido_id=contenido_id;

        INSERT INTO contenido_actores (contenido_id, actor_id)
        VALUES (80, (SELECT id FROM actores WHERE nombre = 'Alec Baldwin')) 
        ON DUPLICATE KEY UPDATE contenido_id=contenido_id;

        INSERT INTO contenido_actores (contenido_id, actor_id)
        VALUES (80, (SELECT id FROM actores WHERE nombre = 'Russell Brand')) 
        ON DUPLICATE KEY UPDATE contenido_id=contenido_id;

        INSERT INTO contenido_actores (contenido_id, actor_id)
        VALUES (80, (SELECT id FROM actores WHERE nombre = 'Malin Åkerman')) 
        ON DUPLICATE KEY UPDATE contenido_id=contenido_id;

        INSERT INTO contenido_actores (contenido_id, actor_id)
        VALUES (80, (SELECT id FROM actores WHERE nombre = 'Paul Giamatti')) 
        ON DUPLICATE KEY UPDATE contenido_id=contenido_id;

        INSERT INTO contenido_actores (contenido_id, actor_id)
        VALUES (80, (SELECT id FROM actores WHERE nombre = 'Bryan Cranston')) 
        ON DUPLICATE KEY UPDATE contenido_id=contenido_id;

        INSERT INTO contenido_actores (contenido_id, actor_id)
        VALUES (80, (SELECT id FROM actores WHERE nombre = 'Catherine Zeta-Jones')) 
        ON DUPLICATE KEY UPDATE contenido_id=contenido_id;

        INSERT INTO contenido_actores (contenido_id, actor_id)
        VALUES (80, (SELECT id FROM actores WHERE nombre = 'Mary J. Blige')) 
        ON DUPLICATE KEY UPDATE contenido_id=contenido_id;

        INSERT INTO contenido_actores (contenido_id, actor_id)
        VALUES (80, (SELECT id FROM actores WHERE nombre = 'Erica Frene')) 
        ON DUPLICATE KEY UPDATE contenido_id=contenido_id;

        INSERT INTO contenido_actores (contenido_id, actor_id)
        VALUES (80, (SELECT id FROM actores WHERE nombre = 'Shane Hartline')) 
        ON DUPLICATE KEY UPDATE contenido_id=contenido_id;

        INSERT INTO contenido_actores (contenido_id, actor_id)
        VALUES (80, (SELECT id FROM actores WHERE nombre = 'James Martin Kelly')) 
        ON DUPLICATE KEY UPDATE contenido_id=contenido_id;

        INSERT INTO contenido_actores (contenido_id, actor_id)
        VALUES (80, (SELECT id FROM actores WHERE nombre = 'Will Forte')) 
        ON DUPLICATE KEY UPDATE contenido_id=contenido_id;

        INSERT INTO contenido_actores (contenido_id, actor_id)
        VALUES (80, (SELECT id FROM actores WHERE nombre = 'Eli Roth')) 
        ON DUPLICATE KEY UPDATE contenido_id=contenido_id;

    INSERT INTO contenido (id, titulo, categoria_id, resumen, temporadas, duracion, trailer)
    VALUES (81, 'Super 8', (SELECT id FROM categorias WHERE nombre = 'Película'), 'Año 1979, en un pequeño pueblo de Ohio. Joe Lamb (Joel Courtney) es un muchacho que ha perdido a su madre en un accidente y que vive con su padre policía (Kyle Chandler). Comenzado el verano, y mientras rueda una película de zombis en Super 8 con sus amigos -y sobre todo con la bella Alice Dainard (Elle Fanning)-, Joe observa cómo una camioneta se estrella contra un tren de mercancías, provocando su descarrilamiento y un terrible accidente. A partir de ese momento cosas extrañas e inexplicables comienzan a suceder en el pueblo.', 
            'N/A', '82 minutos', 'https://www.youtube.com/embed/QtZ6BQRDk4g') 
    ON DUPLICATE KEY UPDATE titulo=titulo;

        INSERT INTO contenido_generos (contenido_id, genero_id)
        VALUES (81, (SELECT id FROM generos WHERE nombre = 'Suspenso')) 
        ON DUPLICATE KEY UPDATE contenido_id=contenido_id;

        INSERT INTO contenido_generos (contenido_id, genero_id)
        VALUES (81, (SELECT id FROM generos WHERE nombre = 'Misterio')) 
        ON DUPLICATE KEY UPDATE contenido_id=contenido_id;

        INSERT INTO contenido_generos (contenido_id, genero_id)
        VALUES (81, (SELECT id FROM generos WHERE nombre = 'Sci-Fi')) 
        ON DUPLICATE KEY UPDATE contenido_id=contenido_id;

        INSERT INTO contenido_actores (contenido_id, actor_id)
        VALUES (81, (SELECT id FROM actores WHERE nombre = 'Joel Courtney')) 
        ON DUPLICATE KEY UPDATE contenido_id=contenido_id;

        INSERT INTO contenido_actores (contenido_id, actor_id)
        VALUES (81, (SELECT id FROM actores WHERE nombre = 'Elle Fanning')) 
        ON DUPLICATE KEY UPDATE contenido_id=contenido_id;

        INSERT INTO contenido_actores (contenido_id, actor_id)
        VALUES (81, (SELECT id FROM actores WHERE nombre = 'Riley Griffiths')) 
        ON DUPLICATE KEY UPDATE contenido_id=contenido_id;

        INSERT INTO contenido_actores (contenido_id, actor_id)
        VALUES (81, (SELECT id FROM actores WHERE nombre = 'Kyle Chandler')) 
        ON DUPLICATE KEY UPDATE contenido_id=contenido_id;

        INSERT INTO contenido_actores (contenido_id, actor_id)
        VALUES (81, (SELECT id FROM actores WHERE nombre = 'Noah Emmerich')) 
        ON DUPLICATE KEY UPDATE contenido_id=contenido_id;

        INSERT INTO contenido_actores (contenido_id, actor_id)
        VALUES (81, (SELECT id FROM actores WHERE nombre = 'AJ Michalka')) 
        ON DUPLICATE KEY UPDATE contenido_id=contenido_id;

        INSERT INTO contenido_actores (contenido_id, actor_id)
        VALUES (81, (SELECT id FROM actores WHERE nombre = 'Ryan Lee')) 
        ON DUPLICATE KEY UPDATE contenido_id=contenido_id;

        INSERT INTO contenido_actores (contenido_id, actor_id)
        VALUES (81, (SELECT id FROM actores WHERE nombre = 'Ron Eldard')) 
        ON DUPLICATE KEY UPDATE contenido_id=contenido_id;

        INSERT INTO contenido_actores (contenido_id, actor_id)
        VALUES (81, (SELECT id FROM actores WHERE nombre = 'Gabriel Basso')) 
        ON DUPLICATE KEY UPDATE contenido_id=contenido_id;

    INSERT INTO contenido (id, titulo, categoria_id, resumen, temporadas, duracion, trailer)
    VALUES (82, 'Jurassic World - El reino caido', (SELECT id FROM categorias WHERE nombre = 'Película'), 'Tras cuatro años de abandono del complejo turístico Jurassic World, la isla Nublar solo está habitada por los dinosaurios supervivientes, pero el volcán inactivo de la isla comienza a cobrar vida, Owen y Claire montan una campaña para rescatar a los dinosaurios restantes en la isla.', 
            'N/A', '82 minutos', 'https://www.youtube.com/embed/vn9mMeWcgoM') 
    ON DUPLICATE KEY UPDATE titulo=titulo;

        INSERT INTO contenido_generos (contenido_id, genero_id)
        VALUES (82, (SELECT id FROM generos WHERE nombre = 'Aventura')) 
        ON DUPLICATE KEY UPDATE contenido_id=contenido_id;

        INSERT INTO contenido_generos (contenido_id, genero_id)
        VALUES (82, (SELECT id FROM generos WHERE nombre = 'Acción')) 
        ON DUPLICATE KEY UPDATE contenido_id=contenido_id;

        INSERT INTO contenido_generos (contenido_id, genero_id)
        VALUES (82, (SELECT id FROM generos WHERE nombre = 'Sci-Fi')) 
        ON DUPLICATE KEY UPDATE contenido_id=contenido_id;

        INSERT INTO contenido_actores (contenido_id, actor_id)
        VALUES (82, (SELECT id FROM actores WHERE nombre = 'Chris Pratt')) 
        ON DUPLICATE KEY UPDATE contenido_id=contenido_id;

        INSERT INTO contenido_actores (contenido_id, actor_id)
        VALUES (82, (SELECT id FROM actores WHERE nombre = 'Bryce Dallas Howard')) 
        ON DUPLICATE KEY UPDATE contenido_id=contenido_id;

        INSERT INTO contenido_actores (contenido_id, actor_id)
        VALUES (82, (SELECT id FROM actores WHERE nombre = 'Rafe Spall')) 
        ON DUPLICATE KEY UPDATE contenido_id=contenido_id;

        INSERT INTO contenido_actores (contenido_id, actor_id)
        VALUES (82, (SELECT id FROM actores WHERE nombre = 'Justice Smith')) 
        ON DUPLICATE KEY UPDATE contenido_id=contenido_id;

        INSERT INTO contenido_actores (contenido_id, actor_id)
        VALUES (82, (SELECT id FROM actores WHERE nombre = 'Daniella Pineda')) 
        ON DUPLICATE KEY UPDATE contenido_id=contenido_id;

        INSERT INTO contenido_actores (contenido_id, actor_id)
        VALUES (82, (SELECT id FROM actores WHERE nombre = 'James Cromwell')) 
        ON DUPLICATE KEY UPDATE contenido_id=contenido_id;

        INSERT INTO contenido_actores (contenido_id, actor_id)
        VALUES (82, (SELECT id FROM actores WHERE nombre = 'Toby Jones')) 
        ON DUPLICATE KEY UPDATE contenido_id=contenido_id;

        INSERT INTO contenido_actores (contenido_id, actor_id)
        VALUES (82, (SELECT id FROM actores WHERE nombre = 'Ted Levine')) 
        ON DUPLICATE KEY UPDATE contenido_id=contenido_id;

        INSERT INTO contenido_actores (contenido_id, actor_id)
        VALUES (82, (SELECT id FROM actores WHERE nombre = 'Jeff Goldblum')) 
        ON DUPLICATE KEY UPDATE contenido_id=contenido_id;

        INSERT INTO contenido_actores (contenido_id, actor_id)
        VALUES (82, (SELECT id FROM actores WHERE nombre = 'BD Wong')) 
        ON DUPLICATE KEY UPDATE contenido_id=contenido_id;

        INSERT INTO contenido_actores (contenido_id, actor_id)
        VALUES (82, (SELECT id FROM actores WHERE nombre = 'Geraldine Chaplin')) 
        ON DUPLICATE KEY UPDATE contenido_id=contenido_id;

        INSERT INTO contenido_actores (contenido_id, actor_id)
        VALUES (82, (SELECT id FROM actores WHERE nombre = 'Isabella Sermon')) 
        ON DUPLICATE KEY UPDATE contenido_id=contenido_id;

        INSERT INTO contenido_actores (contenido_id, actor_id)
        VALUES (82, (SELECT id FROM actores WHERE nombre = 'Kevin Layne')) 
        ON DUPLICATE KEY UPDATE contenido_id=contenido_id;

    INSERT INTO contenido (id, titulo, categoria_id, resumen, temporadas, duracion, trailer)
    VALUES (83, 'Indiana Jones - y el Reino de la Calavera de Cristal', (SELECT id FROM categorias WHERE nombre = 'Película'), 'Guerra Fría (1957). Indiana Jones (Harrison Ford) y su amigo Mac (Ray Winstone) acaban de escapar de las garras de unos agentes soviéticos en un remoto aeropuerto. El decano de la Universidad (Jim Broadbent) le confiesa a su amigo el profesor Jones que las últimas misiones de Indy han fracasado y que está a punto de ser despedido. Mientras tanto, Indiana conoce a Mutt (Shia LaBeouf), un joven rebelde que le propone un trato: si le ayuda a resolver un problema personal, él, a cambio, le facilitaría uno de los descubrimientos más espectaculares de la historia: la Calavera de Cristal de Akator, que se encuentra en un lugar remoto del Perú. Pero los agentes soviéticos, dirigidos por la fría y bella Irina Spalko (Cate Blanchett), tienen el mismo objetivo.', 
            'N/A', '127 minutos', 'https://www.youtube.com/embed/WAdJf4wTC5Y') 
    ON DUPLICATE KEY UPDATE titulo=titulo;

        INSERT INTO contenido_generos (contenido_id, genero_id)
        VALUES (83, (SELECT id FROM generos WHERE nombre = 'Aventura')) 
        ON DUPLICATE KEY UPDATE contenido_id=contenido_id;

        INSERT INTO contenido_generos (contenido_id, genero_id)
        VALUES (83, (SELECT id FROM generos WHERE nombre = 'Acción')) 
        ON DUPLICATE KEY UPDATE contenido_id=contenido_id;

        INSERT INTO contenido_actores (contenido_id, actor_id)
        VALUES (83, (SELECT id FROM actores WHERE nombre = 'Harrison Ford')) 
        ON DUPLICATE KEY UPDATE contenido_id=contenido_id;

        INSERT INTO contenido_actores (contenido_id, actor_id)
        VALUES (83, (SELECT id FROM actores WHERE nombre = 'Shia LaBeouf')) 
        ON DUPLICATE KEY UPDATE contenido_id=contenido_id;

        INSERT INTO contenido_actores (contenido_id, actor_id)
        VALUES (83, (SELECT id FROM actores WHERE nombre = 'Cate Blanchett')) 
        ON DUPLICATE KEY UPDATE contenido_id=contenido_id;

        INSERT INTO contenido_actores (contenido_id, actor_id)
        VALUES (83, (SELECT id FROM actores WHERE nombre = 'Karen Allen')) 
        ON DUPLICATE KEY UPDATE contenido_id=contenido_id;

        INSERT INTO contenido_actores (contenido_id, actor_id)
        VALUES (83, (SELECT id FROM actores WHERE nombre = 'Ray Winstone')) 
        ON DUPLICATE KEY UPDATE contenido_id=contenido_id;

        INSERT INTO contenido_actores (contenido_id, actor_id)
        VALUES (83, (SELECT id FROM actores WHERE nombre = 'John Hurt')) 
        ON DUPLICATE KEY UPDATE contenido_id=contenido_id;

        INSERT INTO contenido_actores (contenido_id, actor_id)
        VALUES (83, (SELECT id FROM actores WHERE nombre = 'Jim Broadbent')) 
        ON DUPLICATE KEY UPDATE contenido_id=contenido_id;

        INSERT INTO contenido_actores (contenido_id, actor_id)
        VALUES (83, (SELECT id FROM actores WHERE nombre = 'Igor Jijikine')) 
        ON DUPLICATE KEY UPDATE contenido_id=contenido_id;

        INSERT INTO contenido_actores (contenido_id, actor_id)
        VALUES (83, (SELECT id FROM actores WHERE nombre = 'Dimitri Diatchenko')) 
        ON DUPLICATE KEY UPDATE contenido_id=contenido_id;

    INSERT INTO contenido (id, titulo, categoria_id, resumen, temporadas, duracion, trailer)
    VALUES (84, 'Los Goonies', (SELECT id FROM categorias WHERE nombre = 'Película'), 'Mikey, un muchacho de trece años, que junto con su hermano mayor y sus amigos se hacen llamar ''Los Goonies'', decide subir a jugar al desván de su casa, donde su padre guarda antigüedades. Allí, el grupo encuentra el mapa de un tesoro y emprende un fabuloso viaje para validar la veracidad de dicho mapa, y encontrar ese tesoro tan preciado por estos amigos inseparables.', 
            'N/A', '114 minutos', 'https://www.youtube.com/embed/hJ2j4oWdQtU') 
    ON DUPLICATE KEY UPDATE titulo=titulo;

        INSERT INTO contenido_generos (contenido_id, genero_id)
        VALUES (84, (SELECT id FROM generos WHERE nombre = 'Familia')) 
        ON DUPLICATE KEY UPDATE contenido_id=contenido_id;

        INSERT INTO contenido_generos (contenido_id, genero_id)
        VALUES (84, (SELECT id FROM generos WHERE nombre = 'Aventura')) 
        ON DUPLICATE KEY UPDATE contenido_id=contenido_id;

        INSERT INTO contenido_generos (contenido_id, genero_id)
        VALUES (84, (SELECT id FROM generos WHERE nombre = 'Acción')) 
        ON DUPLICATE KEY UPDATE contenido_id=contenido_id;

        INSERT INTO contenido_actores (contenido_id, actor_id)
        VALUES (84, (SELECT id FROM actores WHERE nombre = 'Sean Astin')) 
        ON DUPLICATE KEY UPDATE contenido_id=contenido_id;

        INSERT INTO contenido_actores (contenido_id, actor_id)
        VALUES (84, (SELECT id FROM actores WHERE nombre = 'Josh Brolin')) 
        ON DUPLICATE KEY UPDATE contenido_id=contenido_id;

        INSERT INTO contenido_actores (contenido_id, actor_id)
        VALUES (84, (SELECT id FROM actores WHERE nombre = 'Jeff Cohen')) 
        ON DUPLICATE KEY UPDATE contenido_id=contenido_id;

        INSERT INTO contenido_actores (contenido_id, actor_id)
        VALUES (84, (SELECT id FROM actores WHERE nombre = 'Corey Feldman')) 
        ON DUPLICATE KEY UPDATE contenido_id=contenido_id;

        INSERT INTO contenido_actores (contenido_id, actor_id)
        VALUES (84, (SELECT id FROM actores WHERE nombre = 'Kerri Green')) 
        ON DUPLICATE KEY UPDATE contenido_id=contenido_id;

        INSERT INTO contenido_actores (contenido_id, actor_id)
        VALUES (84, (SELECT id FROM actores WHERE nombre = 'Martha Plimpton')) 
        ON DUPLICATE KEY UPDATE contenido_id=contenido_id;

        INSERT INTO contenido_actores (contenido_id, actor_id)
        VALUES (84, (SELECT id FROM actores WHERE nombre = 'Jonathan Ke Quan')) 
        ON DUPLICATE KEY UPDATE contenido_id=contenido_id;

        INSERT INTO contenido_actores (contenido_id, actor_id)
        VALUES (84, (SELECT id FROM actores WHERE nombre = 'Jogn matuszak')) 
        ON DUPLICATE KEY UPDATE contenido_id=contenido_id;

        INSERT INTO contenido_actores (contenido_id, actor_id)
        VALUES (84, (SELECT id FROM actores WHERE nombre = 'Robert Davi')) 
        ON DUPLICATE KEY UPDATE contenido_id=contenido_id;

    INSERT INTO contenido (id, titulo, categoria_id, resumen, temporadas, duracion, trailer)
    VALUES (85, 'Cars', (SELECT id FROM categorias WHERE nombre = 'Película'), 'El aspirante a campeón de carreras Rayo McQueen está sobre la vía rápida al éxito, la fama y todo lo que él había soñado, hasta que por error toma un desvío inesperado en la polvorienta y solitaria Ruta 66. Su actitud arrogante se desvanece cuando llega a una pequeña comunidad olvidada que le enseña las cosas importantes de la vida que había olvidado.', 
            'N/A', '114 minutos', 'https://www.youtube.com/embed/SbXIj2T-_uk') 
    ON DUPLICATE KEY UPDATE titulo=titulo;

        INSERT INTO contenido_generos (contenido_id, genero_id)
        VALUES (85, (SELECT id FROM generos WHERE nombre = 'Familia')) 
        ON DUPLICATE KEY UPDATE contenido_id=contenido_id;

        INSERT INTO contenido_generos (contenido_id, genero_id)
        VALUES (85, (SELECT id FROM generos WHERE nombre = 'Animación')) 
        ON DUPLICATE KEY UPDATE contenido_id=contenido_id;

        INSERT INTO contenido_generos (contenido_id, genero_id)
        VALUES (85, (SELECT id FROM generos WHERE nombre = 'Aventura')) 
        ON DUPLICATE KEY UPDATE contenido_id=contenido_id;

        INSERT INTO contenido_generos (contenido_id, genero_id)
        VALUES (85, (SELECT id FROM generos WHERE nombre = 'Comedia')) 
        ON DUPLICATE KEY UPDATE contenido_id=contenido_id;

        INSERT INTO contenido_actores (contenido_id, actor_id)
        VALUES (85, (SELECT id FROM actores WHERE nombre = 'Owen Wilson')) 
        ON DUPLICATE KEY UPDATE contenido_id=contenido_id;

        INSERT INTO contenido_actores (contenido_id, actor_id)
        VALUES (85, (SELECT id FROM actores WHERE nombre = 'Bonnie Hunt')) 
        ON DUPLICATE KEY UPDATE contenido_id=contenido_id;

        INSERT INTO contenido_actores (contenido_id, actor_id)
        VALUES (85, (SELECT id FROM actores WHERE nombre = 'Paul Newman')) 
        ON DUPLICATE KEY UPDATE contenido_id=contenido_id;

        INSERT INTO contenido_actores (contenido_id, actor_id)
        VALUES (85, (SELECT id FROM actores WHERE nombre = 'Larry the Cable Guy')) 
        ON DUPLICATE KEY UPDATE contenido_id=contenido_id;

        INSERT INTO contenido_actores (contenido_id, actor_id)
        VALUES (85, (SELECT id FROM actores WHERE nombre = 'Tony Shalhoub')) 
        ON DUPLICATE KEY UPDATE contenido_id=contenido_id;

        INSERT INTO contenido_actores (contenido_id, actor_id)
        VALUES (85, (SELECT id FROM actores WHERE nombre = 'Cheech Marin')) 
        ON DUPLICATE KEY UPDATE contenido_id=contenido_id;

        INSERT INTO contenido_actores (contenido_id, actor_id)
        VALUES (85, (SELECT id FROM actores WHERE nombre = 'Michael Wallis')) 
        ON DUPLICATE KEY UPDATE contenido_id=contenido_id;

        INSERT INTO contenido_actores (contenido_id, actor_id)
        VALUES (85, (SELECT id FROM actores WHERE nombre = 'George Carlin')) 
        ON DUPLICATE KEY UPDATE contenido_id=contenido_id;

        INSERT INTO contenido_actores (contenido_id, actor_id)
        VALUES (85, (SELECT id FROM actores WHERE nombre = 'Paul Dooley')) 
        ON DUPLICATE KEY UPDATE contenido_id=contenido_id;

    INSERT INTO contenido (id, titulo, categoria_id, resumen, temporadas, duracion, trailer)
    VALUES (86, 'Los pingüinos de Madagascar', (SELECT id FROM categorias WHERE nombre = 'Película'), 'Los pingüinos llevan sus misiones en su hábitat en el Parque Central. Aparecen Julien, el rey de los lémures, y sus súbditos Maurice y Mort, sus nuevos vecinos, que constituyen la exhibición de lémures en el zoológico. Ahora los pingüinos deben mantener las cosas bajo control, a menudo a pesar de las payasadas de los lémures así como auxiliar en labores poco comunes o aventuras fuera de lo común. Skipper rara vez llama al Rey Julien por su nombre, dirigiéndose a él siempre como ''Cola anillada'' (por ser un lemur de cola anillada).', 
            'N/A', '101 minutos', 'https://www.youtube.com/embed/SbXIj2T-_uk') 
    ON DUPLICATE KEY UPDATE titulo=titulo;

        INSERT INTO contenido_generos (contenido_id, genero_id)
        VALUES (86, (SELECT id FROM generos WHERE nombre = 'Familia')) 
        ON DUPLICATE KEY UPDATE contenido_id=contenido_id;

        INSERT INTO contenido_generos (contenido_id, genero_id)
        VALUES (86, (SELECT id FROM generos WHERE nombre = 'Animación')) 
        ON DUPLICATE KEY UPDATE contenido_id=contenido_id;

        INSERT INTO contenido_generos (contenido_id, genero_id)
        VALUES (86, (SELECT id FROM generos WHERE nombre = 'Aventura')) 
        ON DUPLICATE KEY UPDATE contenido_id=contenido_id;

        INSERT INTO contenido_generos (contenido_id, genero_id)
        VALUES (86, (SELECT id FROM generos WHERE nombre = 'Comedia')) 
        ON DUPLICATE KEY UPDATE contenido_id=contenido_id;

        INSERT INTO contenido_actores (contenido_id, actor_id)
        VALUES (86, (SELECT id FROM actores WHERE nombre = 'John DiMaggio')) 
        ON DUPLICATE KEY UPDATE contenido_id=contenido_id;

        INSERT INTO contenido_actores (contenido_id, actor_id)
        VALUES (86, (SELECT id FROM actores WHERE nombre = 'Chris Miller')) 
        ON DUPLICATE KEY UPDATE contenido_id=contenido_id;

        INSERT INTO contenido_actores (contenido_id, actor_id)
        VALUES (86, (SELECT id FROM actores WHERE nombre = 'Tom McGrath Danny Jacobs')) 
        ON DUPLICATE KEY UPDATE contenido_id=contenido_id;

        INSERT INTO contenido_actores (contenido_id, actor_id)
        VALUES (86, (SELECT id FROM actores WHERE nombre = 'Andy Richter')) 
        ON DUPLICATE KEY UPDATE contenido_id=contenido_id;

        INSERT INTO contenido_actores (contenido_id, actor_id)
        VALUES (86, (SELECT id FROM actores WHERE nombre = 'Nicole Sullivan Christopher Knights')) 
        ON DUPLICATE KEY UPDATE contenido_id=contenido_id;

        INSERT INTO contenido_actores (contenido_id, actor_id)
        VALUES (86, (SELECT id FROM actores WHERE nombre = 'Wayne Knight')) 
        ON DUPLICATE KEY UPDATE contenido_id=contenido_id;

    INSERT INTO contenido (id, titulo, categoria_id, resumen, temporadas, duracion, trailer)
    VALUES (87, 'Cementerio de animales', (SELECT id FROM categorias WHERE nombre = 'Película'), 'Louis Creed, su esposa y sus dos niños se instalan en una vivienda próxima a una carretera con mucho tráfico. Cerca de la casa hay un sendero que lleva a un cementerio de animales y también a un antiguo cementerio indio; según la leyenda, los que sean enterrados allí volverán a la vida. Cuando uno de los niños muere atropellado por un camión, Louis ldecide enterrarlo en el cementerio indio.', 
            'N/A', '103 minutos', 'https://www.youtube.com/embed/JMao8sg4DPA') 
    ON DUPLICATE KEY UPDATE titulo=titulo;

        INSERT INTO contenido_generos (contenido_id, genero_id)
        VALUES (87, (SELECT id FROM generos WHERE nombre = 'Terror')) 
        ON DUPLICATE KEY UPDATE contenido_id=contenido_id;

        INSERT INTO contenido_generos (contenido_id, genero_id)
        VALUES (87, (SELECT id FROM generos WHERE nombre = 'Drama')) 
        ON DUPLICATE KEY UPDATE contenido_id=contenido_id;

        INSERT INTO contenido_generos (contenido_id, genero_id)
        VALUES (87, (SELECT id FROM generos WHERE nombre = 'Suspenso')) 
        ON DUPLICATE KEY UPDATE contenido_id=contenido_id;

        INSERT INTO contenido_actores (contenido_id, actor_id)
        VALUES (87, (SELECT id FROM actores WHERE nombre = 'Dale Midkiff')) 
        ON DUPLICATE KEY UPDATE contenido_id=contenido_id;

        INSERT INTO contenido_actores (contenido_id, actor_id)
        VALUES (87, (SELECT id FROM actores WHERE nombre = 'Fred Gwynne')) 
        ON DUPLICATE KEY UPDATE contenido_id=contenido_id;

        INSERT INTO contenido_actores (contenido_id, actor_id)
        VALUES (87, (SELECT id FROM actores WHERE nombre = 'Denise Crosby')) 
        ON DUPLICATE KEY UPDATE contenido_id=contenido_id;

        INSERT INTO contenido_actores (contenido_id, actor_id)
        VALUES (87, (SELECT id FROM actores WHERE nombre = 'Brad Greenquist')) 
        ON DUPLICATE KEY UPDATE contenido_id=contenido_id;

        INSERT INTO contenido_actores (contenido_id, actor_id)
        VALUES (87, (SELECT id FROM actores WHERE nombre = 'Michael Lombard')) 
        ON DUPLICATE KEY UPDATE contenido_id=contenido_id;

        INSERT INTO contenido_actores (contenido_id, actor_id)
        VALUES (87, (SELECT id FROM actores WHERE nombre = 'Miko Hughes')) 
        ON DUPLICATE KEY UPDATE contenido_id=contenido_id;

        INSERT INTO contenido_actores (contenido_id, actor_id)
        VALUES (87, (SELECT id FROM actores WHERE nombre = 'Blaze Berdahl')) 
        ON DUPLICATE KEY UPDATE contenido_id=contenido_id;

        INSERT INTO contenido_actores (contenido_id, actor_id)
        VALUES (87, (SELECT id FROM actores WHERE nombre = 'Susan Blommaert')) 
        ON DUPLICATE KEY UPDATE contenido_id=contenido_id;

        INSERT INTO contenido_actores (contenido_id, actor_id)
        VALUES (87, (SELECT id FROM actores WHERE nombre = 'Mara Clark')) 
        ON DUPLICATE KEY UPDATE contenido_id=contenido_id;

    INSERT INTO contenido (id, titulo, categoria_id, resumen, temporadas, duracion, trailer)
    VALUES (88, 'Poltergeist', (SELECT id FROM categorias WHERE nombre = 'Película'), 'Una familia americana de clase media se traslada a vivir e una nueva casa en un aparentemente idílico barrio, pero dentro de la casa comienzan a suceder cosas extrañas, fenómenos paranormales para los que no hay explicación posible.', 
            'N/A', '114 minutos', 'https://www.youtube.com/embed/9eZgEKjYJqA') 
    ON DUPLICATE KEY UPDATE titulo=titulo;

        INSERT INTO contenido_generos (contenido_id, genero_id)
        VALUES (88, (SELECT id FROM generos WHERE nombre = 'Terror')) 
        ON DUPLICATE KEY UPDATE contenido_id=contenido_id;

        INSERT INTO contenido_generos (contenido_id, genero_id)
        VALUES (88, (SELECT id FROM generos WHERE nombre = 'Drama')) 
        ON DUPLICATE KEY UPDATE contenido_id=contenido_id;

        INSERT INTO contenido_generos (contenido_id, genero_id)
        VALUES (88, (SELECT id FROM generos WHERE nombre = 'Suspenso')) 
        ON DUPLICATE KEY UPDATE contenido_id=contenido_id;

        INSERT INTO contenido_actores (contenido_id, actor_id)
        VALUES (88, (SELECT id FROM actores WHERE nombre = 'Craig T. Nelson')) 
        ON DUPLICATE KEY UPDATE contenido_id=contenido_id;

        INSERT INTO contenido_actores (contenido_id, actor_id)
        VALUES (88, (SELECT id FROM actores WHERE nombre = 'JoBeth Williams')) 
        ON DUPLICATE KEY UPDATE contenido_id=contenido_id;

        INSERT INTO contenido_actores (contenido_id, actor_id)
        VALUES (88, (SELECT id FROM actores WHERE nombre = 'Beatrice Straight')) 
        ON DUPLICATE KEY UPDATE contenido_id=contenido_id;

        INSERT INTO contenido_actores (contenido_id, actor_id)
        VALUES (88, (SELECT id FROM actores WHERE nombre = 'Dominique Dunne')) 
        ON DUPLICATE KEY UPDATE contenido_id=contenido_id;

        INSERT INTO contenido_actores (contenido_id, actor_id)
        VALUES (88, (SELECT id FROM actores WHERE nombre = 'Oliver Robins')) 
        ON DUPLICATE KEY UPDATE contenido_id=contenido_id;

        INSERT INTO contenido_actores (contenido_id, actor_id)
        VALUES (88, (SELECT id FROM actores WHERE nombre = 'Heather O''Rourke')) 
        ON DUPLICATE KEY UPDATE contenido_id=contenido_id;

        INSERT INTO contenido_actores (contenido_id, actor_id)
        VALUES (88, (SELECT id FROM actores WHERE nombre = 'Michael McManus')) 
        ON DUPLICATE KEY UPDATE contenido_id=contenido_id;

        INSERT INTO contenido_actores (contenido_id, actor_id)
        VALUES (88, (SELECT id FROM actores WHERE nombre = 'Virginia Kiser')) 
        ON DUPLICATE KEY UPDATE contenido_id=contenido_id;

        INSERT INTO contenido_actores (contenido_id, actor_id)
        VALUES (88, (SELECT id FROM actores WHERE nombre = 'Martin Casella')) 
        ON DUPLICATE KEY UPDATE contenido_id=contenido_id;

    INSERT INTO contenido (id, titulo, categoria_id, resumen, temporadas, duracion, trailer)
    VALUES (89, 'El código Da Vinci', (SELECT id FROM categorias WHERE nombre = 'Película'), 'El catedrático y afamado simbologista Robert Langdon se ve obligado a acudir una noche al Museo del Louvre, cuando el asesinato de un restaurador deja tras de sí un misterioso rastro de símbolos y pistas. Con la ayuda de la criptógrafa de la policía Sophie Neveu y poniendo en juego su propia vida, Langdon descubre que la obra de Leonardo Da Vinci esconde una serie de misterios que apuntan a una sociedad secreta encargada de custodiar un antiguo secreto que ha permanecido oculto durante dos mil años.', 
            'N/A', '249 minutos', 'https://www.youtube.com/embed/lfqHb6INj3w') 
    ON DUPLICATE KEY UPDATE titulo=titulo;

        INSERT INTO contenido_generos (contenido_id, genero_id)
        VALUES (89, (SELECT id FROM generos WHERE nombre = 'Aventura')) 
        ON DUPLICATE KEY UPDATE contenido_id=contenido_id;

        INSERT INTO contenido_generos (contenido_id, genero_id)
        VALUES (89, (SELECT id FROM generos WHERE nombre = 'Drama')) 
        ON DUPLICATE KEY UPDATE contenido_id=contenido_id;

        INSERT INTO contenido_generos (contenido_id, genero_id)
        VALUES (89, (SELECT id FROM generos WHERE nombre = 'Suspenso')) 
        ON DUPLICATE KEY UPDATE contenido_id=contenido_id;

        INSERT INTO contenido_generos (contenido_id, genero_id)
        VALUES (89, (SELECT id FROM generos WHERE nombre = 'Misterio')) 
        ON DUPLICATE KEY UPDATE contenido_id=contenido_id;

        INSERT INTO contenido_actores (contenido_id, actor_id)
        VALUES (89, (SELECT id FROM actores WHERE nombre = 'Tom Hanks')) 
        ON DUPLICATE KEY UPDATE contenido_id=contenido_id;

        INSERT INTO contenido_actores (contenido_id, actor_id)
        VALUES (89, (SELECT id FROM actores WHERE nombre = 'Audrey Tautou')) 
        ON DUPLICATE KEY UPDATE contenido_id=contenido_id;

        INSERT INTO contenido_actores (contenido_id, actor_id)
        VALUES (89, (SELECT id FROM actores WHERE nombre = 'Ian McKellen')) 
        ON DUPLICATE KEY UPDATE contenido_id=contenido_id;

        INSERT INTO contenido_actores (contenido_id, actor_id)
        VALUES (89, (SELECT id FROM actores WHERE nombre = 'Jean Reno')) 
        ON DUPLICATE KEY UPDATE contenido_id=contenido_id;

        INSERT INTO contenido_actores (contenido_id, actor_id)
        VALUES (89, (SELECT id FROM actores WHERE nombre = 'Paul Bettany')) 
        ON DUPLICATE KEY UPDATE contenido_id=contenido_id;

        INSERT INTO contenido_actores (contenido_id, actor_id)
        VALUES (89, (SELECT id FROM actores WHERE nombre = 'Alfred Molina')) 
        ON DUPLICATE KEY UPDATE contenido_id=contenido_id;

        INSERT INTO contenido_actores (contenido_id, actor_id)
        VALUES (89, (SELECT id FROM actores WHERE nombre = 'Jürgen Prochnow')) 
        ON DUPLICATE KEY UPDATE contenido_id=contenido_id;

        INSERT INTO contenido_actores (contenido_id, actor_id)
        VALUES (89, (SELECT id FROM actores WHERE nombre = 'Jean-Yves Berteloot')) 
        ON DUPLICATE KEY UPDATE contenido_id=contenido_id;

        INSERT INTO contenido_actores (contenido_id, actor_id)
        VALUES (89, (SELECT id FROM actores WHERE nombre = 'Etienne Chicot')) 
        ON DUPLICATE KEY UPDATE contenido_id=contenido_id;

    INSERT INTO contenido (id, titulo, categoria_id, resumen, temporadas, duracion, trailer)
    VALUES (90, 'Johnny English', (SELECT id FROM categorias WHERE nombre = 'Película'), 'Las joyas de la Corona de su Majestad han desaparecido. Detrás de ello se esconde Pascal Sauvage (John Malkovich), que también conspira para hacerse con el trono de la reina. La misión es asignada a Johnny English (Rowan Atkinson), un agente tan entregado al trabajo como inexperto. Desde ese momento la información confidencial, los coches de lujo y la tecnología más sofisticada forman parte de su rutina diaria. Johnny English aún no se lo acaba de creer. Quizás todo esto le venga algo grande, pero su empeño con la misión y dedicación para llegar hasta el final es incuestionable, especialmente después de conocer a la agente doble Lorna Campbell (Natalie Imbruglia). Parece ser que lo de estar enamorado aún hará más emocionante esto de salvar al país.', 
            'N/A', '188 minutos', 'https://www.youtube.com/embed/EG0MR5dFz7E') 
    ON DUPLICATE KEY UPDATE titulo=titulo;

        INSERT INTO contenido_generos (contenido_id, genero_id)
        VALUES (90, (SELECT id FROM generos WHERE nombre = 'Comedia')) 
        ON DUPLICATE KEY UPDATE contenido_id=contenido_id;

        INSERT INTO contenido_generos (contenido_id, genero_id)
        VALUES (90, (SELECT id FROM generos WHERE nombre = 'Familia')) 
        ON DUPLICATE KEY UPDATE contenido_id=contenido_id;

        INSERT INTO contenido_generos (contenido_id, genero_id)
        VALUES (90, (SELECT id FROM generos WHERE nombre = 'Acción')) 
        ON DUPLICATE KEY UPDATE contenido_id=contenido_id;

        INSERT INTO contenido_actores (contenido_id, actor_id)
        VALUES (90, (SELECT id FROM actores WHERE nombre = 'Rowan Atkinson')) 
        ON DUPLICATE KEY UPDATE contenido_id=contenido_id;

        INSERT INTO contenido_actores (contenido_id, actor_id)
        VALUES (90, (SELECT id FROM actores WHERE nombre = 'Natalie Imbruglia')) 
        ON DUPLICATE KEY UPDATE contenido_id=contenido_id;

        INSERT INTO contenido_actores (contenido_id, actor_id)
        VALUES (90, (SELECT id FROM actores WHERE nombre = 'Ben Miller')) 
        ON DUPLICATE KEY UPDATE contenido_id=contenido_id;

        INSERT INTO contenido_actores (contenido_id, actor_id)
        VALUES (90, (SELECT id FROM actores WHERE nombre = 'John Malkovich')) 
        ON DUPLICATE KEY UPDATE contenido_id=contenido_id;

        INSERT INTO contenido_actores (contenido_id, actor_id)
        VALUES (90, (SELECT id FROM actores WHERE nombre = 'Greg Wise')) 
        ON DUPLICATE KEY UPDATE contenido_id=contenido_id;

        INSERT INTO contenido_actores (contenido_id, actor_id)
        VALUES (90, (SELECT id FROM actores WHERE nombre = 'Tasha de Vasconcelos')) 
        ON DUPLICATE KEY UPDATE contenido_id=contenido_id;

        INSERT INTO contenido_actores (contenido_id, actor_id)
        VALUES (90, (SELECT id FROM actores WHERE nombre = 'Douglas McFerran')) 
        ON DUPLICATE KEY UPDATE contenido_id=contenido_id;

        INSERT INTO contenido_actores (contenido_id, actor_id)
        VALUES (90, (SELECT id FROM actores WHERE nombre = 'Steve Nicolson')) 
        ON DUPLICATE KEY UPDATE contenido_id=contenido_id;

        INSERT INTO contenido_actores (contenido_id, actor_id)
        VALUES (90, (SELECT id FROM actores WHERE nombre = 'Terence Harvey')) 
        ON DUPLICATE KEY UPDATE contenido_id=contenido_id;

    INSERT INTO contenido (id, titulo, categoria_id, resumen, temporadas, duracion, trailer)
    VALUES (91, 'Almost Famous', (SELECT id FROM categorias WHERE nombre = 'Película'), 'Homenaje al rock de los 70. Gracias a sus buenas críticas musicales, un adolescente que aspira a ser periodista es contratado por la revista ''Rolling Stone'' para cubrir la gira de una famosa banda. A pesar de su juventud y de la oposición de su madre, el chico vivirá con los músicos y sus fans una aventura inolvidable. Basada en la propia experiencia de Crowe.', 
            'N/A', '122 minutos', 'https://www.youtube.com/embed/aQXh_AaJXaM') 
    ON DUPLICATE KEY UPDATE titulo=titulo;

        INSERT INTO contenido_generos (contenido_id, genero_id)
        VALUES (91, (SELECT id FROM generos WHERE nombre = 'Drama')) 
        ON DUPLICATE KEY UPDATE contenido_id=contenido_id;

        INSERT INTO contenido_generos (contenido_id, genero_id)
        VALUES (91, (SELECT id FROM generos WHERE nombre = 'Música')) 
        ON DUPLICATE KEY UPDATE contenido_id=contenido_id;

        INSERT INTO contenido_generos (contenido_id, genero_id)
        VALUES (91, (SELECT id FROM generos WHERE nombre = 'Suceso Real')) 
        ON DUPLICATE KEY UPDATE contenido_id=contenido_id;

        INSERT INTO contenido_actores (contenido_id, actor_id)
        VALUES (91, (SELECT id FROM actores WHERE nombre = 'Billy Crudup')) 
        ON DUPLICATE KEY UPDATE contenido_id=contenido_id;

        INSERT INTO contenido_actores (contenido_id, actor_id)
        VALUES (91, (SELECT id FROM actores WHERE nombre = 'Frances McDormand')) 
        ON DUPLICATE KEY UPDATE contenido_id=contenido_id;

        INSERT INTO contenido_actores (contenido_id, actor_id)
        VALUES (91, (SELECT id FROM actores WHERE nombre = 'Kate Hudson')) 
        ON DUPLICATE KEY UPDATE contenido_id=contenido_id;

        INSERT INTO contenido_actores (contenido_id, actor_id)
        VALUES (91, (SELECT id FROM actores WHERE nombre = 'Patrick Fugit')) 
        ON DUPLICATE KEY UPDATE contenido_id=contenido_id;

        INSERT INTO contenido_actores (contenido_id, actor_id)
        VALUES (91, (SELECT id FROM actores WHERE nombre = 'Jason Lee')) 
        ON DUPLICATE KEY UPDATE contenido_id=contenido_id;

        INSERT INTO contenido_actores (contenido_id, actor_id)
        VALUES (91, (SELECT id FROM actores WHERE nombre = 'Zoey Deschanel')) 
        ON DUPLICATE KEY UPDATE contenido_id=contenido_id;

        INSERT INTO contenido_actores (contenido_id, actor_id)
        VALUES (91, (SELECT id FROM actores WHERE nombre = 'Michael Angarano')) 
        ON DUPLICATE KEY UPDATE contenido_id=contenido_id;

        INSERT INTO contenido_actores (contenido_id, actor_id)
        VALUES (91, (SELECT id FROM actores WHERE nombre = 'Anna Paquin')) 
        ON DUPLICATE KEY UPDATE contenido_id=contenido_id;

        INSERT INTO contenido_actores (contenido_id, actor_id)
        VALUES (91, (SELECT id FROM actores WHERE nombre = 'Fairuzza Balk')) 
        ON DUPLICATE KEY UPDATE contenido_id=contenido_id;

    INSERT INTO contenido (id, titulo, categoria_id, resumen, temporadas, duracion, trailer)
    VALUES (92, 'Escuela de Rock', (SELECT id FROM categorias WHERE nombre = 'Película'), 'Dewey Finn -Jack Black- es un guitarrista con delirios de grandeza que es expulsado de su banda. Desesperado por encontrar un trabajo ante su falta de dinero, suplanta la identidad de un profesor sustituto para dar clase en una escuela privada a los pequeños alumnos pre-adolescentes de 5o grado a los que intentará enseñarles el ''rock & roll de alto voltaje''. Además entre sus alumnos está Yuki, un guitarrista prodigio de 9 años que puede ayudar a Dewey a ganar la competición de bandas de música... y de paso solucionar sus problemas económicos.', 
            'N/A', '110 minutos', 'https://www.youtube.com/embed/TExoc0MG4I4') 
    ON DUPLICATE KEY UPDATE titulo=titulo;

        INSERT INTO contenido_generos (contenido_id, genero_id)
        VALUES (92, (SELECT id FROM generos WHERE nombre = 'Familia')) 
        ON DUPLICATE KEY UPDATE contenido_id=contenido_id;

        INSERT INTO contenido_generos (contenido_id, genero_id)
        VALUES (92, (SELECT id FROM generos WHERE nombre = 'Comedia')) 
        ON DUPLICATE KEY UPDATE contenido_id=contenido_id;

        INSERT INTO contenido_generos (contenido_id, genero_id)
        VALUES (92, (SELECT id FROM generos WHERE nombre = 'Música')) 
        ON DUPLICATE KEY UPDATE contenido_id=contenido_id;

        INSERT INTO contenido_actores (contenido_id, actor_id)
        VALUES (92, (SELECT id FROM actores WHERE nombre = 'Jack Black')) 
        ON DUPLICATE KEY UPDATE contenido_id=contenido_id;

        INSERT INTO contenido_actores (contenido_id, actor_id)
        VALUES (92, (SELECT id FROM actores WHERE nombre = 'Joan Cusack')) 
        ON DUPLICATE KEY UPDATE contenido_id=contenido_id;

        INSERT INTO contenido_actores (contenido_id, actor_id)
        VALUES (92, (SELECT id FROM actores WHERE nombre = 'Mike White')) 
        ON DUPLICATE KEY UPDATE contenido_id=contenido_id;

        INSERT INTO contenido_actores (contenido_id, actor_id)
        VALUES (92, (SELECT id FROM actores WHERE nombre = 'Sarah Silverman')) 
        ON DUPLICATE KEY UPDATE contenido_id=contenido_id;

        INSERT INTO contenido_actores (contenido_id, actor_id)
        VALUES (92, (SELECT id FROM actores WHERE nombre = 'Lee Wilkof')) 
        ON DUPLICATE KEY UPDATE contenido_id=contenido_id;

        INSERT INTO contenido_actores (contenido_id, actor_id)
        VALUES (92, (SELECT id FROM actores WHERE nombre = 'Kate McGregor-Stewart')) 
        ON DUPLICATE KEY UPDATE contenido_id=contenido_id;

        INSERT INTO contenido_actores (contenido_id, actor_id)
        VALUES (92, (SELECT id FROM actores WHERE nombre = 'Adam Pascal')) 
        ON DUPLICATE KEY UPDATE contenido_id=contenido_id;

        INSERT INTO contenido_actores (contenido_id, actor_id)
        VALUES (92, (SELECT id FROM actores WHERE nombre = 'Suzzane Douglas')) 
        ON DUPLICATE KEY UPDATE contenido_id=contenido_id;

        INSERT INTO contenido_actores (contenido_id, actor_id)
        VALUES (92, (SELECT id FROM actores WHERE nombre = 'Miranda Cosgrove')) 
        ON DUPLICATE KEY UPDATE contenido_id=contenido_id;

    INSERT INTO contenido (id, titulo, categoria_id, resumen, temporadas, duracion, trailer)
    VALUES (93, 'Mi pobre angelito', (SELECT id FROM categorias WHERE nombre = 'Película'), 'Kevin McAllister es un niño de ocho años, miembro de una familia numerosa, que accidentalmente se queda abandonado en su casa cuando toda la familia se marcha a pasar las vacaciones a Francia. Kevin aprende a valerse por sí mismo e incluso a protegerse de Harry y Marv, dos bribones que se proponen asaltar todas las casas cerradas de su vecindario. Cuando su madre Kate lo hecha en falta, realiza un pintoresco viaje de vuelta contra reloj a Chicago para recuperar a su hijo.', 
            'N/A', '102 minutos', 'https://www.youtube.com/embed/jEDaVHmw7r4') 
    ON DUPLICATE KEY UPDATE titulo=titulo;

        INSERT INTO contenido_generos (contenido_id, genero_id)
        VALUES (93, (SELECT id FROM generos WHERE nombre = 'Familia')) 
        ON DUPLICATE KEY UPDATE contenido_id=contenido_id;

        INSERT INTO contenido_generos (contenido_id, genero_id)
        VALUES (93, (SELECT id FROM generos WHERE nombre = 'Comedia')) 
        ON DUPLICATE KEY UPDATE contenido_id=contenido_id;

        INSERT INTO contenido_generos (contenido_id, genero_id)
        VALUES (93, (SELECT id FROM generos WHERE nombre = 'Música')) 
        ON DUPLICATE KEY UPDATE contenido_id=contenido_id;

        INSERT INTO contenido_actores (contenido_id, actor_id)
        VALUES (93, (SELECT id FROM actores WHERE nombre = 'Macaulay Culkin')) 
        ON DUPLICATE KEY UPDATE contenido_id=contenido_id;

        INSERT INTO contenido_actores (contenido_id, actor_id)
        VALUES (93, (SELECT id FROM actores WHERE nombre = 'Joe Pesci')) 
        ON DUPLICATE KEY UPDATE contenido_id=contenido_id;

        INSERT INTO contenido_actores (contenido_id, actor_id)
        VALUES (93, (SELECT id FROM actores WHERE nombre = 'Daniel Stern')) 
        ON DUPLICATE KEY UPDATE contenido_id=contenido_id;

        INSERT INTO contenido_actores (contenido_id, actor_id)
        VALUES (93, (SELECT id FROM actores WHERE nombre = 'John Heard')) 
        ON DUPLICATE KEY UPDATE contenido_id=contenido_id;

        INSERT INTO contenido_actores (contenido_id, actor_id)
        VALUES (93, (SELECT id FROM actores WHERE nombre = 'Catherine O''Hara')) 
        ON DUPLICATE KEY UPDATE contenido_id=contenido_id;

        INSERT INTO contenido_actores (contenido_id, actor_id)
        VALUES (93, (SELECT id FROM actores WHERE nombre = 'Roberts Blossom')) 
        ON DUPLICATE KEY UPDATE contenido_id=contenido_id;

        INSERT INTO contenido_actores (contenido_id, actor_id)
        VALUES (93, (SELECT id FROM actores WHERE nombre = 'Devin Ratray')) 
        ON DUPLICATE KEY UPDATE contenido_id=contenido_id;

        INSERT INTO contenido_actores (contenido_id, actor_id)
        VALUES (93, (SELECT id FROM actores WHERE nombre = 'Michael C. Maronna')) 
        ON DUPLICATE KEY UPDATE contenido_id=contenido_id;

        INSERT INTO contenido_actores (contenido_id, actor_id)
        VALUES (93, (SELECT id FROM actores WHERE nombre = 'Hillary Wolf')) 
        ON DUPLICATE KEY UPDATE contenido_id=contenido_id;

    INSERT INTO contenido (id, titulo, categoria_id, resumen, temporadas, duracion, trailer)
    VALUES (94, 'Aprendices fuera de línea', (SELECT id FROM categorias WHERE nombre = 'Película'), 'Cuando dos cuarentones vendedores de relojes son despedidos de sus respectivos trabajos, convencidos ambos de que no se han adaptado a los cambios de las nuevas tecnologías, deciden empezar de nuevo y buscar trabajo en la empresa más exitosa de Internet: Google. Finalmente consiguen un contrato de prácticas como becarios. La locura comienza cuando se ven compitiendo para conseguir el puesto con jóvenes veinteañeros, mucho más listos y más familiarizados con el mundo digital que ellos.', 
            'N/A', '125 minutos', 'https://www.youtube.com/embed/tn02SPT6ivM') 
    ON DUPLICATE KEY UPDATE titulo=titulo;

        INSERT INTO contenido_generos (contenido_id, genero_id)
        VALUES (94, (SELECT id FROM generos WHERE nombre = 'Familia')) 
        ON DUPLICATE KEY UPDATE contenido_id=contenido_id;

        INSERT INTO contenido_generos (contenido_id, genero_id)
        VALUES (94, (SELECT id FROM generos WHERE nombre = 'Comedia')) 
        ON DUPLICATE KEY UPDATE contenido_id=contenido_id;

        INSERT INTO contenido_actores (contenido_id, actor_id)
        VALUES (94, (SELECT id FROM actores WHERE nombre = 'Owen Wilson')) 
        ON DUPLICATE KEY UPDATE contenido_id=contenido_id;

        INSERT INTO contenido_actores (contenido_id, actor_id)
        VALUES (94, (SELECT id FROM actores WHERE nombre = 'Vince Vaughn')) 
        ON DUPLICATE KEY UPDATE contenido_id=contenido_id;

        INSERT INTO contenido_actores (contenido_id, actor_id)
        VALUES (94, (SELECT id FROM actores WHERE nombre = 'Will Ferrell')) 
        ON DUPLICATE KEY UPDATE contenido_id=contenido_id;

        INSERT INTO contenido_actores (contenido_id, actor_id)
        VALUES (94, (SELECT id FROM actores WHERE nombre = 'Rose Byrne')) 
        ON DUPLICATE KEY UPDATE contenido_id=contenido_id;

        INSERT INTO contenido_actores (contenido_id, actor_id)
        VALUES (94, (SELECT id FROM actores WHERE nombre = 'Aasif Mandvi')) 
        ON DUPLICATE KEY UPDATE contenido_id=contenido_id;

        INSERT INTO contenido_actores (contenido_id, actor_id)
        VALUES (94, (SELECT id FROM actores WHERE nombre = 'Max Minghella')) 
        ON DUPLICATE KEY UPDATE contenido_id=contenido_id;

        INSERT INTO contenido_actores (contenido_id, actor_id)
        VALUES (94, (SELECT id FROM actores WHERE nombre = 'Josh Brener')) 
        ON DUPLICATE KEY UPDATE contenido_id=contenido_id;

        INSERT INTO contenido_actores (contenido_id, actor_id)
        VALUES (94, (SELECT id FROM actores WHERE nombre = 'Dylan O''Brien')) 
        ON DUPLICATE KEY UPDATE contenido_id=contenido_id;

        INSERT INTO contenido_actores (contenido_id, actor_id)
        VALUES (94, (SELECT id FROM actores WHERE nombre = 'Tiya Sircar')) 
        ON DUPLICATE KEY UPDATE contenido_id=contenido_id;

        INSERT INTO contenido_actores (contenido_id, actor_id)
        VALUES (94, (SELECT id FROM actores WHERE nombre = 'Tobit Raphael')) 
        ON DUPLICATE KEY UPDATE contenido_id=contenido_id;

        INSERT INTO contenido_actores (contenido_id, actor_id)
        VALUES (94, (SELECT id FROM actores WHERE nombre = 'Josh Gad')) 
        ON DUPLICATE KEY UPDATE contenido_id=contenido_id;

        INSERT INTO contenido_actores (contenido_id, actor_id)
        VALUES (94, (SELECT id FROM actores WHERE nombre = 'Jessica Szohr')) 
        ON DUPLICATE KEY UPDATE contenido_id=contenido_id;

        INSERT INTO contenido_actores (contenido_id, actor_id)
        VALUES (94, (SELECT id FROM actores WHERE nombre = 'Rob Riggle')) 
        ON DUPLICATE KEY UPDATE contenido_id=contenido_id;

        INSERT INTO contenido_actores (contenido_id, actor_id)
        VALUES (94, (SELECT id FROM actores WHERE nombre = 'Eric André')) 
        ON DUPLICATE KEY UPDATE contenido_id=contenido_id;

        INSERT INTO contenido_actores (contenido_id, actor_id)
        VALUES (94, (SELECT id FROM actores WHERE nombre = 'Harvey Guillén')) 
        ON DUPLICATE KEY UPDATE contenido_id=contenido_id;

        INSERT INTO contenido_actores (contenido_id, actor_id)
        VALUES (94, (SELECT id FROM actores WHERE nombre = 'Gary Anthony Williams')) 
        ON DUPLICATE KEY UPDATE contenido_id=contenido_id;

        INSERT INTO contenido_actores (contenido_id, actor_id)
        VALUES (94, (SELECT id FROM actores WHERE nombre = 'Bruno Amato')) 
        ON DUPLICATE KEY UPDATE contenido_id=contenido_id;

        INSERT INTO contenido_actores (contenido_id, actor_id)
        VALUES (94, (SELECT id FROM actores WHERE nombre = 'B.J. Novak')) 
        ON DUPLICATE KEY UPDATE contenido_id=contenido_id;

        INSERT INTO contenido_actores (contenido_id, actor_id)
        VALUES (94, (SELECT id FROM actores WHERE nombre = 'Karen Ceesay')) 
        ON DUPLICATE KEY UPDATE contenido_id=contenido_id;

        INSERT INTO contenido_actores (contenido_id, actor_id)
        VALUES (94, (SELECT id FROM actores WHERE nombre = 'John Goodman')) 
        ON DUPLICATE KEY UPDATE contenido_id=contenido_id;

    INSERT INTO contenido (id, titulo, categoria_id, resumen, temporadas, duracion, trailer)
    VALUES (95, 'Outsourced', (SELECT id FROM categorias WHERE nombre = 'Serie'), 'Ambientada en el continente estadounidense, una empresa norteamericana que busca reducir los gastos, asciende a su mejor empleado del Call Center, poniéndolo a cargo del mismo. La única condición para dicho empleado, es viajar a la India, lugar en el mundo donde tercerizan el servicio ode atención al cliente, para abaratar costos. Allí, en la Ciudad de Bombay, los nativos le explican la cultura indú a los nóveles norteamericanos, y viceversa. Tendrán que convivir cada uno de los empleados de estos diferentes países, con sus pares y/o jefes opuestos en cultura.', 
            '1', 'N/A', 'https://www.youtube.com/embed/_wR3LhFlgGo') 
    ON DUPLICATE KEY UPDATE titulo=titulo;

        INSERT INTO contenido_generos (contenido_id, genero_id)
        VALUES (95, (SELECT id FROM generos WHERE nombre = 'Familia')) 
        ON DUPLICATE KEY UPDATE contenido_id=contenido_id;

        INSERT INTO contenido_generos (contenido_id, genero_id)
        VALUES (95, (SELECT id FROM generos WHERE nombre = 'Comedia')) 
        ON DUPLICATE KEY UPDATE contenido_id=contenido_id;

        INSERT INTO contenido_actores (contenido_id, actor_id)
        VALUES (95, (SELECT id FROM actores WHERE nombre = 'Rebecca Hazlewood')) 
        ON DUPLICATE KEY UPDATE contenido_id=contenido_id;

        INSERT INTO contenido_actores (contenido_id, actor_id)
        VALUES (95, (SELECT id FROM actores WHERE nombre = 'Sacha Dhawan')) 
        ON DUPLICATE KEY UPDATE contenido_id=contenido_id;

        INSERT INTO contenido_actores (contenido_id, actor_id)
        VALUES (95, (SELECT id FROM actores WHERE nombre = 'Diedrich Bader')) 
        ON DUPLICATE KEY UPDATE contenido_id=contenido_id;

        INSERT INTO contenido_actores (contenido_id, actor_id)
        VALUES (95, (SELECT id FROM actores WHERE nombre = 'Pippa Black')) 
        ON DUPLICATE KEY UPDATE contenido_id=contenido_id;

        INSERT INTO contenido_actores (contenido_id, actor_id)
        VALUES (95, (SELECT id FROM actores WHERE nombre = 'Parvesh Ceena')) 
        ON DUPLICATE KEY UPDATE contenido_id=contenido_id;

        INSERT INTO contenido_actores (contenido_id, actor_id)
        VALUES (95, (SELECT id FROM actores WHERE nombre = 'Thushari Jayasekera')) 
        ON DUPLICATE KEY UPDATE contenido_id=contenido_id;

        INSERT INTO contenido_actores (contenido_id, actor_id)
        VALUES (95, (SELECT id FROM actores WHERE nombre = 'Ben Rappaport')) 
        ON DUPLICATE KEY UPDATE contenido_id=contenido_id;

        INSERT INTO contenido_actores (contenido_id, actor_id)
        VALUES (95, (SELECT id FROM actores WHERE nombre = 'Guru Singh')) 
        ON DUPLICATE KEY UPDATE contenido_id=contenido_id;

        INSERT INTO contenido_actores (contenido_id, actor_id)
        VALUES (95, (SELECT id FROM actores WHERE nombre = 'Rizwan Manji')) 
        ON DUPLICATE KEY UPDATE contenido_id=contenido_id;

        INSERT INTO contenido_actores (contenido_id, actor_id)
        VALUES (95, (SELECT id FROM actores WHERE nombre = 'Anisha Nagarajan')) 
        ON DUPLICATE KEY UPDATE contenido_id=contenido_id;

        INSERT INTO contenido_actores (contenido_id, actor_id)
        VALUES (95, (SELECT id FROM actores WHERE nombre = 'Carla Gallo')) 
        ON DUPLICATE KEY UPDATE contenido_id=contenido_id;

        INSERT INTO contenido_actores (contenido_id, actor_id)
        VALUES (95, (SELECT id FROM actores WHERE nombre = 'Radhika Chaudhari')) 
        ON DUPLICATE KEY UPDATE contenido_id=contenido_id;

        INSERT INTO contenido_actores (contenido_id, actor_id)
        VALUES (95, (SELECT id FROM actores WHERE nombre = 'Nicholas Logan')) 
        ON DUPLICATE KEY UPDATE contenido_id=contenido_id;

    INSERT INTO contenido (id, titulo, categoria_id, resumen, temporadas, duracion, trailer)
    VALUES (96, 'Miedo Profundo', (SELECT id FROM categorias WHERE nombre = 'Película'), 'Nancy, una estudiante de medicina apasionada del surfing, es una joven que trata de superar la pérdida de su madre. Un día, practicando surf en una solitaria playa mexicana se queda atrapada en un islote a sólo cien metros de la costa. El problema está en que un enorme tiburón blanco se interpone entre ella y la otra orilla.', 
            'N/A', '86 minutos', 'https://www.youtube.com/embed/EgdxIlSuB70') 
    ON DUPLICATE KEY UPDATE titulo=titulo;

        INSERT INTO contenido_generos (contenido_id, genero_id)
        VALUES (96, (SELECT id FROM generos WHERE nombre = 'Suspenso')) 
        ON DUPLICATE KEY UPDATE contenido_id=contenido_id;

        INSERT INTO contenido_generos (contenido_id, genero_id)
        VALUES (96, (SELECT id FROM generos WHERE nombre = 'Drama')) 
        ON DUPLICATE KEY UPDATE contenido_id=contenido_id;

        INSERT INTO contenido_generos (contenido_id, genero_id)
        VALUES (96, (SELECT id FROM generos WHERE nombre = 'Terror')) 
        ON DUPLICATE KEY UPDATE contenido_id=contenido_id;

        INSERT INTO contenido_actores (contenido_id, actor_id)
        VALUES (96, (SELECT id FROM actores WHERE nombre = 'Blake Lively')) 
        ON DUPLICATE KEY UPDATE contenido_id=contenido_id;

        INSERT INTO contenido_actores (contenido_id, actor_id)
        VALUES (96, (SELECT id FROM actores WHERE nombre = 'Óscar Jaenada')) 
        ON DUPLICATE KEY UPDATE contenido_id=contenido_id;

        INSERT INTO contenido_actores (contenido_id, actor_id)
        VALUES (96, (SELECT id FROM actores WHERE nombre = 'Janelle Bailley')) 
        ON DUPLICATE KEY UPDATE contenido_id=contenido_id;

        INSERT INTO contenido_actores (contenido_id, actor_id)
        VALUES (96, (SELECT id FROM actores WHERE nombre = 'Chelsea Moody')) 
        ON DUPLICATE KEY UPDATE contenido_id=contenido_id;

        INSERT INTO contenido_actores (contenido_id, actor_id)
        VALUES (96, (SELECT id FROM actores WHERE nombre = 'Angelo Josue Lozano Corzo')) 
        ON DUPLICATE KEY UPDATE contenido_id=contenido_id;

        INSERT INTO contenido_actores (contenido_id, actor_id)
        VALUES (96, (SELECT id FROM actores WHERE nombre = 'José Manuel Trujillo Salas')) 
        ON DUPLICATE KEY UPDATE contenido_id=contenido_id;

        INSERT INTO contenido_actores (contenido_id, actor_id)
        VALUES (96, (SELECT id FROM actores WHERE nombre = 'Brett Cullen')) 
        ON DUPLICATE KEY UPDATE contenido_id=contenido_id;

        INSERT INTO contenido_actores (contenido_id, actor_id)
        VALUES (96, (SELECT id FROM actores WHERE nombre = 'Sedona Legge')) 
        ON DUPLICATE KEY UPDATE contenido_id=contenido_id;

        INSERT INTO contenido_actores (contenido_id, actor_id)
        VALUES (96, (SELECT id FROM actores WHERE nombre = 'Pablo Calva')) 
        ON DUPLICATE KEY UPDATE contenido_id=contenido_id;

    INSERT INTO contenido (id, titulo, categoria_id, resumen, temporadas, duracion, trailer)
    VALUES (97, 'Everest', (SELECT id FROM categorias WHERE nombre = 'Película'), 'Inspirada en los hechos que tuvieron lugar durante un intento por alcanzar el pico más alto del mundo, narra las peripecias de dos expediciones que se enfrentan a la peor tormenta de nieve conocida. En un desesperado esfuerzo por sobrevivir, el temple de los alpinistas se ve puesto a prueba al tener que enfrentarse a la furia desatada de los elementos y a obstáculos casi insuperables.', 
            'N/A', '121 minutos', 'https://www.youtube.com/embed/5ZQVpPiOji0') 
    ON DUPLICATE KEY UPDATE titulo=titulo;

        INSERT INTO contenido_generos (contenido_id, genero_id)
        VALUES (97, (SELECT id FROM generos WHERE nombre = 'Suceso Real')) 
        ON DUPLICATE KEY UPDATE contenido_id=contenido_id;

        INSERT INTO contenido_generos (contenido_id, genero_id)
        VALUES (97, (SELECT id FROM generos WHERE nombre = 'Drama')) 
        ON DUPLICATE KEY UPDATE contenido_id=contenido_id;

        INSERT INTO contenido_generos (contenido_id, genero_id)
        VALUES (97, (SELECT id FROM generos WHERE nombre = 'Suspenso')) 
        ON DUPLICATE KEY UPDATE contenido_id=contenido_id;

        INSERT INTO contenido_actores (contenido_id, actor_id)
        VALUES (97, (SELECT id FROM actores WHERE nombre = 'Jason Clarke')) 
        ON DUPLICATE KEY UPDATE contenido_id=contenido_id;

        INSERT INTO contenido_actores (contenido_id, actor_id)
        VALUES (97, (SELECT id FROM actores WHERE nombre = 'Josh Brolin')) 
        ON DUPLICATE KEY UPDATE contenido_id=contenido_id;

        INSERT INTO contenido_actores (contenido_id, actor_id)
        VALUES (97, (SELECT id FROM actores WHERE nombre = 'Jake Gyllenhaal')) 
        ON DUPLICATE KEY UPDATE contenido_id=contenido_id;

        INSERT INTO contenido_actores (contenido_id, actor_id)
        VALUES (97, (SELECT id FROM actores WHERE nombre = 'Jogn Hawkes')) 
        ON DUPLICATE KEY UPDATE contenido_id=contenido_id;

        INSERT INTO contenido_actores (contenido_id, actor_id)
        VALUES (97, (SELECT id FROM actores WHERE nombre = 'Sam Worthington')) 
        ON DUPLICATE KEY UPDATE contenido_id=contenido_id;

        INSERT INTO contenido_actores (contenido_id, actor_id)
        VALUES (97, (SELECT id FROM actores WHERE nombre = 'Emily Watson')) 
        ON DUPLICATE KEY UPDATE contenido_id=contenido_id;

        INSERT INTO contenido_actores (contenido_id, actor_id)
        VALUES (97, (SELECT id FROM actores WHERE nombre = 'Martin Henderson')) 
        ON DUPLICATE KEY UPDATE contenido_id=contenido_id;

        INSERT INTO contenido_actores (contenido_id, actor_id)
        VALUES (97, (SELECT id FROM actores WHERE nombre = 'Michael Kelly')) 
        ON DUPLICATE KEY UPDATE contenido_id=contenido_id;

        INSERT INTO contenido_actores (contenido_id, actor_id)
        VALUES (97, (SELECT id FROM actores WHERE nombre = 'Keira Knightley')) 
        ON DUPLICATE KEY UPDATE contenido_id=contenido_id;

        INSERT INTO contenido_actores (contenido_id, actor_id)
        VALUES (97, (SELECT id FROM actores WHERE nombre = 'Robin Wright')) 
        ON DUPLICATE KEY UPDATE contenido_id=contenido_id;

        INSERT INTO contenido_actores (contenido_id, actor_id)
        VALUES (97, (SELECT id FROM actores WHERE nombre = 'Thomas M. Wright')) 
        ON DUPLICATE KEY UPDATE contenido_id=contenido_id;

        INSERT INTO contenido_actores (contenido_id, actor_id)
        VALUES (97, (SELECT id FROM actores WHERE nombre = 'Clive StandenNaoko Mori')) 
        ON DUPLICATE KEY UPDATE contenido_id=contenido_id;

        INSERT INTO contenido_actores (contenido_id, actor_id)
        VALUES (97, (SELECT id FROM actores WHERE nombre = 'Mia Goth')) 
        ON DUPLICATE KEY UPDATE contenido_id=contenido_id;

        INSERT INTO contenido_actores (contenido_id, actor_id)
        VALUES (97, (SELECT id FROM actores WHERE nombre = 'Elizabeth Debicki')) 
        ON DUPLICATE KEY UPDATE contenido_id=contenido_id;

        INSERT INTO contenido_actores (contenido_id, actor_id)
        VALUES (97, (SELECT id FROM actores WHERE nombre = 'Tom Goodman-Hill')) 
        ON DUPLICATE KEY UPDATE contenido_id=contenido_id;

        INSERT INTO contenido_actores (contenido_id, actor_id)
        VALUES (97, (SELECT id FROM actores WHERE nombre = 'Vanessa Kirby')) 
        ON DUPLICATE KEY UPDATE contenido_id=contenido_id;

    INSERT INTO contenido (id, titulo, categoria_id, resumen, temporadas, duracion, trailer)
    VALUES (98, 'La Familia Addams', (SELECT id FROM categorias WHERE nombre = 'Película'), 'El delirante y gótico estilo de vida de la peculiar familia Addams se ve amenazado peligrosamente cuando el codicioso dúo que forman madre e hijo, con la ayuda de un abogado sin ningún escrúpulos, conspiran para hacerse con la fortuna familiar... (No se pierdan las locutras de Gomez, Morticia, Tío Lucas, Merlina, El tío Cosas, Dedos y Largo)', 
            'N/A', '101 minutos', 'https://www.youtube.com/embed/G388UMkJIBE') 
    ON DUPLICATE KEY UPDATE titulo=titulo;

        INSERT INTO contenido_generos (contenido_id, genero_id)
        VALUES (98, (SELECT id FROM generos WHERE nombre = 'Familia')) 
        ON DUPLICATE KEY UPDATE contenido_id=contenido_id;

        INSERT INTO contenido_generos (contenido_id, genero_id)
        VALUES (98, (SELECT id FROM generos WHERE nombre = 'Comedia')) 
        ON DUPLICATE KEY UPDATE contenido_id=contenido_id;

        INSERT INTO contenido_generos (contenido_id, genero_id)
        VALUES (98, (SELECT id FROM generos WHERE nombre = 'Fantasía')) 
        ON DUPLICATE KEY UPDATE contenido_id=contenido_id;

        INSERT INTO contenido_actores (contenido_id, actor_id)
        VALUES (98, (SELECT id FROM actores WHERE nombre = 'Raúl Juliá')) 
        ON DUPLICATE KEY UPDATE contenido_id=contenido_id;

        INSERT INTO contenido_actores (contenido_id, actor_id)
        VALUES (98, (SELECT id FROM actores WHERE nombre = 'Anjelica Huston')) 
        ON DUPLICATE KEY UPDATE contenido_id=contenido_id;

        INSERT INTO contenido_actores (contenido_id, actor_id)
        VALUES (98, (SELECT id FROM actores WHERE nombre = 'Christopher Lloyd')) 
        ON DUPLICATE KEY UPDATE contenido_id=contenido_id;

        INSERT INTO contenido_actores (contenido_id, actor_id)
        VALUES (98, (SELECT id FROM actores WHERE nombre = 'Christina Ricci')) 
        ON DUPLICATE KEY UPDATE contenido_id=contenido_id;

        INSERT INTO contenido_actores (contenido_id, actor_id)
        VALUES (98, (SELECT id FROM actores WHERE nombre = 'Carel Struycken')) 
        ON DUPLICATE KEY UPDATE contenido_id=contenido_id;

        INSERT INTO contenido_actores (contenido_id, actor_id)
        VALUES (98, (SELECT id FROM actores WHERE nombre = 'Dan Hedaya')) 
        ON DUPLICATE KEY UPDATE contenido_id=contenido_id;

        INSERT INTO contenido_actores (contenido_id, actor_id)
        VALUES (98, (SELECT id FROM actores WHERE nombre = 'Jimmy Workman')) 
        ON DUPLICATE KEY UPDATE contenido_id=contenido_id;

        INSERT INTO contenido_actores (contenido_id, actor_id)
        VALUES (98, (SELECT id FROM actores WHERE nombre = 'Elizabeth Wilson')) 
        ON DUPLICATE KEY UPDATE contenido_id=contenido_id;

        INSERT INTO contenido_actores (contenido_id, actor_id)
        VALUES (98, (SELECT id FROM actores WHERE nombre = 'Dana Ivey')) 
        ON DUPLICATE KEY UPDATE contenido_id=contenido_id;
